phrase_id,raag,phrase,clip_id,video,t0,t1,cost,pitch_cost,orn_frac,gap_frac
Bageshree#0,Bageshree,",n S m",Bageshree/train_[8ldBWSCfR0Q]_chunk0.mp3,8ldBWSCfR0Q,1.17,1.58,0.0,0.0,0.0,0.0
Bageshree#0,Bageshree,",n S m",Bageshree/train_[rUoWx__itDo]_chunk3.mp3,rUoWx__itDo,18.12,18.79,0.0,0.0,0.0,0.0
Bageshree#0,Bageshree,",n S m",Bageshree/train_[FCw-Jo9_P8o]_chunk0.mp3,FCw-Jo9_P8o,13.64,14.06,0.046,0.046,0.0,0.0
Bageshree#0,Bageshree,",n S m",Bageshree/train_[rUoWx__itDo]_chunk4.mp3,rUoWx__itDo,17.35,17.65,0.051,0.051,0.0,0.0
Bageshree#0,Bageshree,",n S m",Bageshree/train_[wJPV6sIjWv4]_chunk4.mp3,wJPV6sIjWv4,5.92,7.32,0.066,0.0,0.039,0.026
Bageshree#0,Bageshree,",n S m",Bageshree/train_[IaWMS9vmWRM]_chunk0.mp3,IaWMS9vmWRM,8.48,9.03,0.08,0.0,0.0,0.08
Bageshree#0,Bageshree,",n S m",Bageshree/train_[FCw-Jo9_P8o]_chunk1.mp3,FCw-Jo9_P8o,10.56,10.93,0.096,0.096,0.0,0.0
Bageshree#0,Bageshree,",n S m",Bageshree/train_[FCw-Jo9_P8o]_chunk3.mp3,FCw-Jo9_P8o,18.49,18.92,0.104,0.104,0.0,0.0
Bageshree#0,Bageshree,",n S m",Bageshree/train_[IaWMS9vmWRM]_chunk4.mp3,IaWMS9vmWRM,9.88,12.82,0.13,0.13,0.0,0.0
Bageshree#0,Bageshree,",n S m",Bageshree/train_[FCw-Jo9_P8o]_chunk3.mp3,FCw-Jo9_P8o,2.74,3.06,0.146,0.146,0.0,0.0
Bageshree#0,Bageshree,",n S m",Bageshree/train_[p36qxVRg6kw]_chunk2.mp3,p36qxVRg6kw,15.5,15.88,0.158,0.0,0.158,0.0
Bageshree#0,Bageshree,",n S m",Bageshree/train_[rUoWx__itDo]_chunk3.mp3,rUoWx__itDo,12.69,13.3,0.212,0.0,0.212,0.0
Bageshree#0,Bageshree,",n S m",Bageshree/train_[QaE7GojryQE]_chunk1.mp3,QaE7GojryQE,4.84,5.39,0.233,0.0,0.233,0.0
Bageshree#0,Bageshree,",n S m",Bageshree/train_[wJPV6sIjWv4]_chunk3.mp3,wJPV6sIjWv4,9.39,9.83,0.28,0.0,0.28,0.0
Bageshree#0,Bageshree,",n S m",Bageshree/train_[FCw-Jo9_P8o]_chunk0.mp3,FCw-Jo9_P8o,7.56,8.53,0.296,0.196,0.1,0.0
Bageshree#0,Bageshree,",n S m",Bageshree/train_[wJPV6sIjWv4]_chunk1.mp3,wJPV6sIjWv4,5.83,6.49,0.314,0.0,0.314,0.0
Bageshree#0,Bageshree,",n S m",Bageshree/train_[rUoWx__itDo]_chunk4.mp3,rUoWx__itDo,15.48,15.82,0.368,0.0,0.368,0.0
Bageshree#0,Bageshree,",n S m",Bageshree/train_[uPLSOevIK-4]_chunk0.mp3,uPLSOevIK-4,2.44,2.72,0.395,0.395,0.0,0.0
Bageshree#0,Bageshree,",n S m",Bageshree/train_[rUoWx__itDo]_chunk0.mp3,rUoWx__itDo,1.67,2.29,0.429,0.401,0.0,0.029
Bageshree#0,Bageshree,",n S m",Bageshree/train_[IaWMS9vmWRM]_chunk1.mp3,IaWMS9vmWRM,18.52,19.11,0.492,0.28,0.212,0.0
Bageshree#0,Bageshree,",n S m",Bageshree/train_[wJPV6sIjWv4]_chunk2.mp3,wJPV6sIjWv4,15.16,15.72,0.497,0.239,0.258,0.0
Bageshree#0,Bageshree,",n S m",Bageshree/train_[FCw-Jo9_P8o]_chunk3.mp3,FCw-Jo9_P8o,17.69,17.97,0.559,0.493,0.0,0.067
Bageshree#0,Bageshree,",n S m",Bageshree/train_[rUoWx__itDo]_chunk2.mp3,rUoWx__itDo,19.04,19.43,0.718,0.4,0.318,0.0
Bageshree#0,Bageshree,",n S m",Bageshree/train_[8ldBWSCfR0Q]_chunk0.mp3,8ldBWSCfR0Q,10.29,10.72,0.741,0.349,0.391,0.0
Bageshree#0,Bageshree,",n S m",Bageshree/train_[FCw-Jo9_P8o]_chunk1.mp3,FCw-Jo9_P8o,3.04,3.4,0.742,0.742,0.0,0.0
Bageshree#0,Bageshree,",n S m",Bageshree/train_[uPLSOevIK-4]_chunk3.mp3,uPLSOevIK-4,17.92,18.36,0.798,0.398,0.4,0.0
Bageshree#0,Bageshree,",n S m",Bageshree/train_[uPLSOevIK-4]_chunk2.mp3,uPLSOevIK-4,11.88,14.1,0.803,0.795,0.008,0.0
Bageshree#0,Bageshree,",n S m",Bageshree/train_[p36qxVRg6kw]_chunk0.mp3,p36qxVRg6kw,2.26,7.59,0.816,0.8,0.016,0.0
Bageshree#0,Bageshree,",n S m",Bageshree/train_[uPLSOevIK-4]_chunk2.mp3,uPLSOevIK-4,11.88,12.52,0.823,0.795,0.028,0.0
Bageshree#0,Bageshree,",n S m",Bageshree/train_[p36qxVRg6kw]_chunk3.mp3,p36qxVRg6kw,1.42,1.76,0.84,0.524,0.263,0.053
Bageshree#0,Bageshree,",n S m",Bageshree/train_[p36qxVRg6kw]_chunk0.mp3,p36qxVRg6kw,2.26,3.56,0.857,0.8,0.057,0.0
Bageshree#0,Bageshree,",n S m",Bageshree/train_[FCw-Jo9_P8o]_chunk3.mp3,FCw-Jo9_P8o,10.06,10.33,0.858,0.658,0.2,0.0
Bageshree#0,Bageshree,",n S m",Bageshree/train_[FCw-Jo9_P8o]_chunk0.mp3,FCw-Jo9_P8o,16.39,17.4,0.889,0.792,0.0,0.097
Bageshree#0,Bageshree,",n S m",Bageshree/train_[p36qxVRg6kw]_chunk0.mp3,p36qxVRg6kw,2.26,2.63,0.99,0.8,0.19,0.0
Bageshree#0,Bageshree,",n S m",Bageshree/train_[FCw-Jo9_P8o]_chunk2.mp3,FCw-Jo9_P8o,4.55,5.33,1.0,0.0,0.0,0.0
Bageshree#0,Bageshree,",n S m",Bageshree/train_[8ldBWSCfR0Q]_chunk0.mp3,8ldBWSCfR0Q,16.62,17.33,1.01,0.01,0.0,0.0
Bageshree#0,Bageshree,",n S m",Bageshree/train_[FCw-Jo9_P8o]_chunk1.mp3,FCw-Jo9_P8o,9.0,9.44,1.023,0.023,0.0,0.0
Bageshree#0,Bageshree,",n S m",Bageshree/train_[wJPV6sIjWv4]_chunk2.mp3,wJPV6sIjWv4,5.17,5.51,1.045,0.045,0.0,0.0
Bageshree#0,Bageshree,",n S m",Bageshree/train_[FCw-Jo9_P8o]_chunk1.mp3,FCw-Jo9_P8o,18.72,19.18,1.046,0.046,0.0,0.0
Bageshree#0,Bageshree,",n S m",Bageshree/train_[8ldBWSCfR0Q]_chunk1.mp3,8ldBWSCfR0Q,6.92,7.24,1.099,1.099,0.0,0.0
Bageshree#0,Bageshree,",n S m",Bageshree/train_[FCw-Jo9_P8o]_chunk2.mp3,FCw-Jo9_P8o,2.35,2.63,1.105,1.042,0.062,0.0
Bageshree#0,Bageshree,",n S m",Bageshree/train_[uPLSOevIK-4]_chunk4.mp3,uPLSOevIK-4,6.06,6.44,1.131,0.75,0.381,0.0
Bageshree#0,Bageshree,",n S m",Bageshree/train_[FCw-Jo9_P8o]_chunk3.mp3,FCw-Jo9_P8o,1.14,1.42,1.154,0.154,0.0,0.0
Bageshree#0,Bageshree,",n S m",Bageshree/train_[p36qxVRg6kw]_chunk3.mp3,p36qxVRg6kw,4.59,4.85,1.202,1.202,0.0,0.0
Bageshree#0,Bageshree,",n S m",Bageshree/train_[QaE7GojryQE]_chunk1.mp3,QaE7GojryQE,6.04,6.38,1.323,0.955,0.211,0.158
Bageshree#0,Bageshree,",n S m",Bageshree/train_[QaE7GojryQE]_chunk3.mp3,QaE7GojryQE,5.32,6.03,1.362,0.055,0.256,0.051
Bageshree#0,Bageshree,",n S m",Bageshree/train_[FCw-Jo9_P8o]_chunk0.mp3,FCw-Jo9_P8o,10.67,11.18,1.446,0.407,0.038,0.0
Bageshree#0,Bageshree,",n S m",Bageshree/train_[8ldBWSCfR0Q]_chunk3.mp3,8ldBWSCfR0Q,5.53,6.51,1.498,0.498,0.0,0.0
Bageshree#0,Bageshree,",n S m",Bageshree/train_[rUoWx__itDo]_chunk4.mp3,rUoWx__itDo,11.45,11.66,1.5,1.5,0.0,0.0
Bageshree#0,Bageshree,",n S m",Bageshree/train_[wJPV6sIjWv4]_chunk2.mp3,wJPV6sIjWv4,13.28,13.96,1.552,0.289,0.263,0.0
Bageshree#0,Bageshree,",n S m",Bageshree/train_[uPLSOevIK-4]_chunk3.mp3,uPLSOevIK-4,19.36,20.0,1.651,1.595,0.0,0.056
Bageshree#0,Bageshree,",n S m",Bageshree/train_[wJPV6sIjWv4]_chunk4.mp3,wJPV6sIjWv4,16.82,17.55,1.821,0.455,0.366,0.0
Bageshree#0,Bageshree,",n S m",Bageshree/train_[p36qxVRg6kw]_chunk0.mp3,p36qxVRg6kw,10.79,11.2,1.952,1.648,0.174,0.13
Bageshree#0,Bageshree,",n S m",Bageshree/train_[FCw-Jo9_P8o]_chunk2.mp3,FCw-Jo9_P8o,7.2,7.52,2.142,2.142,0.0,0.0
Bageshree#0,Bageshree,",n S m",Bageshree/train_[p36qxVRg6kw]_chunk1.mp3,p36qxVRg6kw,14.67,15.04,2.195,1.052,0.143,0.0
Bageshree#0,Bageshree,",n S m",Bageshree/train_[FCw-Jo9_P8o]_chunk1.mp3,FCw-Jo9_P8o,12.0,12.48,2.243,1.243,0.0,0.0
Bageshree#0,Bageshree,",n S m",Bageshree/train_[p36qxVRg6kw]_chunk1.mp3,p36qxVRg6kw,19.41,19.79,2.345,1.202,0.0,0.143
Bageshree#0,Bageshree,",n S m",Bageshree/train_[uPLSOevIK-4]_chunk0.mp3,uPLSOevIK-4,12.44,12.78,2.345,2.345,0.0,0.0
Bageshree#0,Bageshree,",n S m",Bageshree/train_[rUoWx__itDo]_chunk2.mp3,rUoWx__itDo,15.7,15.91,2.351,2.101,0.0,0.25
Bageshree#0,Bageshree,",n S m",Bageshree/train_[rUoWx__itDo]_chunk4.mp3,rUoWx__itDo,3.5,3.77,2.416,1.349,0.0,0.067
Bageshree#0,Bageshree,",n S m",Bageshree/train_[wJPV6sIjWv4]_chunk2.mp3,wJPV6sIjWv4,3.63,4.14,2.555,2.211,0.276,0.069
Bageshree#0,Bageshree,",n S m",Bageshree/train_[IaWMS9vmWRM]_chunk1.mp3,IaWMS9vmWRM,3.4,3.66,2.69,2.69,0.0,0.0
Bageshree#0,Bageshree,",n S m",Bageshree/train_[uPLSOevIK-4]_chunk4.mp3,uPLSOevIK-4,6.65,6.9,2.748,2.748,0.0,0.0
Bageshree#0,Bageshree,",n S m",Bageshree/train_[uPLSOevIK-4]_chunk4.mp3,uPLSOevIK-4,4.75,5.0,2.769,2.555,0.143,0.071
Bageshree#0,Bageshree,",n S m",Bageshree/train_[IaWMS9vmWRM]_chunk4.mp3,IaWMS9vmWRM,17.9,18.47,2.87,1.87,0.0,0.0
Bageshree#0,Bageshree,",n S m",Bageshree/train_[IaWMS9vmWRM]_chunk3.mp3,IaWMS9vmWRM,8.3,8.6,2.93,2.93,0.0,0.0
Bageshree#0,Bageshree,",n S m",Bageshree/train_[QaE7GojryQE]_chunk4.mp3,QaE7GojryQE,12.41,12.64,2.973,2.973,0.0,0.0
Bageshree#0,Bageshree,",n S m",Bageshree/train_[QaE7GojryQE]_chunk4.mp3,QaE7GojryQE,14.76,14.97,2.973,2.973,0.0,0.0
Bageshree#0,Bageshree,",n S m",Bageshree/train_[8ldBWSCfR0Q]_chunk2.mp3,8ldBWSCfR0Q,6.76,7.47,2.999,2.649,0.35,0.0
Bageshree#0,Bageshree,",n S m",Bageshree/train_[8ldBWSCfR0Q]_chunk0.mp3,8ldBWSCfR0Q,16.62,16.91,3.0,3.0,0.0,0.0
Bageshree#0,Bageshree,",n S m",Bageshree/train_[8ldBWSCfR0Q]_chunk1.mp3,8ldBWSCfR0Q,13.9,14.12,3.0,3.0,0.0,0.0
Bageshree#0,Bageshree,",n S m",Bageshree/train_[8ldBWSCfR0Q]_chunk2.mp3,8ldBWSCfR0Q,6.76,6.97,3.0,3.0,0.0,0.0
Bageshree#0,Bageshree,",n S m",Bageshree/train_[8ldBWSCfR0Q]_chunk2.mp3,8ldBWSCfR0Q,16.6,16.85,3.0,3.0,0.0,0.0
Bageshree#0,Bageshree,",n S m",Bageshree/train_[8ldBWSCfR0Q]_chunk2.mp3,8ldBWSCfR0Q,9.88,10.12,3.0,3.0,0.0,0.0
Bageshree#0,Bageshree,",n S m",Bageshree/train_[8ldBWSCfR0Q]_chunk2.mp3,8ldBWSCfR0Q,9.76,9.97,3.0,3.0,0.0,0.0
Bageshree#0,Bageshree,",n S m",Bageshree/train_[8ldBWSCfR0Q]_chunk3.mp3,8ldBWSCfR0Q,19.16,19.8,3.0,3.0,0.0,0.0
Bageshree#0,Bageshree,",n S m",Bageshree/train_[8ldBWSCfR0Q]_chunk3.mp3,8ldBWSCfR0Q,19.16,19.88,3.0,3.0,0.0,0.0
Bageshree#0,Bageshree,",n S m",Bageshree/train_[8ldBWSCfR0Q]_chunk4.mp3,8ldBWSCfR0Q,1.97,2.29,3.0,3.0,0.0,0.0
Bageshree#0,Bageshree,",n S m",Bageshree/train_[8ldBWSCfR0Q]_chunk4.mp3,8ldBWSCfR0Q,1.44,1.67,3.0,3.0,0.0,0.0
Bageshree#0,Bageshree,",n S m",Bageshree/train_[FCw-Jo9_P8o]_chunk0.mp3,FCw-Jo9_P8o,0.48,0.76,3.0,3.0,0.0,0.0
Bageshree#0,Bageshree,",n S m",Bageshree/train_[FCw-Jo9_P8o]_chunk2.mp3,FCw-Jo9_P8o,6.63,6.86,3.0,3.0,0.0,0.0
Bageshree#0,Bageshree,",n S m",Bageshree/train_[IaWMS9vmWRM]_chunk2.mp3,IaWMS9vmWRM,12.21,12.43,3.0,3.0,0.0,0.0
Bageshree#0,Bageshree,",n S m",Bageshree/train_[IaWMS9vmWRM]_chunk2.mp3,IaWMS9vmWRM,17.72,17.96,3.0,3.0,0.0,0.0
Bageshree#0,Bageshree,",n S m",Bageshree/train_[IaWMS9vmWRM]_chunk2.mp3,IaWMS9vmWRM,12.21,12.92,3.0,3.0,0.0,0.0
Bageshree#0,Bageshree,",n S m",Bageshree/train_[IaWMS9vmWRM]_chunk3.mp3,IaWMS9vmWRM,11.38,11.59,3.0,3.0,0.0,0.0
Bageshree#0,Bageshree,",n S m",Bageshree/train_[IaWMS9vmWRM]_chunk3.mp3,IaWMS9vmWRM,15.63,15.89,3.0,3.0,0.0,0.0
Bageshree#0,Bageshree,",n S m",Bageshree/train_[IaWMS9vmWRM]_chunk3.mp3,IaWMS9vmWRM,14.38,14.6,3.0,3.0,0.0,0.0
Bageshree#0,Bageshree,",n S m",Bageshree/train_[IaWMS9vmWRM]_chunk4.mp3,IaWMS9vmWRM,9.88,10.1,3.0,3.0,0.0,0.0
Bageshree#0,Bageshree,",n S m",Bageshree/train_[IaWMS9vmWRM]_chunk4.mp3,IaWMS9vmWRM,9.88,10.6,3.0,3.0,0.0,0.0
Bageshree#0,Bageshree,",n S m",Bageshree/train_[QaE7GojryQE]_chunk0.mp3,QaE7GojryQE,16.62,16.84,3.0,3.0,0.0,0.0
Bageshree#0,Bageshree,",n S m",Bageshree/train_[QaE7GojryQE]_chunk0.mp3,QaE7GojryQE,5.48,5.74,3.0,3.0,0.0,0.0
Bageshree#0,Bageshree,",n S m",Bageshree/train_[QaE7GojryQE]_chunk1.mp3,QaE7GojryQE,17.07,17.3,3.0,3.0,0.0,0.0
Bageshree#0,Bageshree,",n S m",Bageshree/train_[QaE7GojryQE]_chunk1.mp3,QaE7GojryQE,18.33,18.54,3.0,3.0,0.0,0.0
Bageshree#0,Bageshree,",n S m",Bageshree/train_[QaE7GojryQE]_chunk1.mp3,QaE7GojryQE,18.33,19.04,3.0,3.0,0.0,0.0
Bageshree#0,Bageshree,",n S m",Bageshree/train_[QaE7GojryQE]_chunk4.mp3,QaE7GojryQE,7.09,7.38,3.0,3.0,0.0,0.0
Bageshree#0,Bageshree,",n S m",Bageshree/train_[QaE7GojryQE]_chunk4.mp3,QaE7GojryQE,20.48,20.85,3.0,3.0,0.0,0.0
Bageshree#0,Bageshree,",n S m",Bageshree/train_[p36qxVRg6kw]_chunk1.mp3,p36qxVRg6kw,3.64,3.89,3.0,3.0,0.0,0.0
Bageshree#0,Bageshree,",n S m",Bageshree/train_[p36qxVRg6kw]_chunk1.mp3,p36qxVRg6kw,3.64,4.48,3.0,3.0,0.0,0.0
Bageshree#0,Bageshree,",n S m",Bageshree/train_[p36qxVRg6kw]_chunk1.mp3,p36qxVRg6kw,6.86,7.09,3.0,3.0,0.0,0.0
Bageshree#0,Bageshree,",n S m",Bageshree/train_[p36qxVRg6kw]_chunk4.mp3,p36qxVRg6kw,16.52,16.87,3.0,3.0,0.0,0.0
Bageshree#0,Bageshree,",n S m",Bageshree/train_[rUoWx__itDo]_chunk0.mp3,rUoWx__itDo,2.4,2.63,3.0,3.0,0.0,0.0
Bageshree#0,Bageshree,",n S m",Bageshree/train_[rUoWx__itDo]_chunk0.mp3,rUoWx__itDo,12.69,12.91,3.0,3.0,0.0,0.0
Bageshree#0,Bageshree,",n S m",Bageshree/train_[rUoWx__itDo]_chunk0.mp3,rUoWx__itDo,12.21,12.43,3.0,3.0,0.0,0.0
Bageshree#0,Bageshree,",n S m",Bageshree/train_[rUoWx__itDo]_chunk0.mp3,rUoWx__itDo,12.02,12.23,3.0,3.0,0.0,0.0
Bageshree#0,Bageshree,",n S m",Bageshree/train_[rUoWx__itDo]_chunk1.mp3,rUoWx__itDo,1.0,1.23,3.0,3.0,0.0,0.0
Bageshree#0,Bageshree,",n S m",Bageshree/train_[rUoWx__itDo]_chunk1.mp3,rUoWx__itDo,10.04,10.26,3.0,3.0,0.0,0.0
Bageshree#0,Bageshree,",n S m",Bageshree/train_[rUoWx__itDo]_chunk1.mp3,rUoWx__itDo,4.57,4.78,3.0,3.0,0.0,0.0
Bageshree#0,Bageshree,",n S m",Bageshree/train_[rUoWx__itDo]_chunk1.mp3,rUoWx__itDo,18.99,19.2,3.0,3.0,0.0,0.0
Bageshree#0,Bageshree,",n S m",Bageshree/train_[rUoWx__itDo]_chunk1.mp3,rUoWx__itDo,18.4,18.61,3.0,3.0,0.0,0.0
Bageshree#0,Bageshree,",n S m",Bageshree/train_[rUoWx__itDo]_chunk2.mp3,rUoWx__itDo,2.17,2.44,3.0,3.0,0.0,0.0
Bageshree#0,Bageshree,",n S m",Bageshree/train_[rUoWx__itDo]_chunk2.mp3,rUoWx__itDo,12.39,12.69,3.0,3.0,0.0,0.0
Bageshree#0,Bageshree,",n S m",Bageshree/train_[rUoWx__itDo]_chunk3.mp3,rUoWx__itDo,17.03,17.24,3.0,3.0,0.0,0.0
Bageshree#0,Bageshree,",n S m",Bageshree/train_[rUoWx__itDo]_chunk4.mp3,rUoWx__itDo,5.83,6.13,3.0,3.0,0.0,0.0
Bageshree#0,Bageshree,",n S m",Bageshree/train_[uPLSOevIK-4]_chunk0.mp3,uPLSOevIK-4,7.63,7.84,3.0,3.0,0.0,0.0
Bageshree#0,Bageshree,",n S m",Bageshree/train_[uPLSOevIK-4]_chunk0.mp3,uPLSOevIK-4,7.63,8.34,3.0,3.0,0.0,0.0
Bageshree#0,Bageshree,",n S m",Bageshree/train_[uPLSOevIK-4]_chunk0.mp3,uPLSOevIK-4,9.94,10.15,3.0,3.0,0.0,0.0
Bageshree#0,Bageshree,",n S m",Bageshree/train_[uPLSOevIK-4]_chunk1.mp3,uPLSOevIK-4,16.91,18.03,3.0,3.0,0.0,0.0
Bageshree#0,Bageshree,",n S m",Bageshree/train_[uPLSOevIK-4]_chunk1.mp3,uPLSOevIK-4,16.91,18.04,3.0,3.0,0.0,0.0
Bageshree#0,Bageshree,",n S m",Bageshree/train_[uPLSOevIK-4]_chunk1.mp3,uPLSOevIK-4,16.91,18.06,3.0,3.0,0.0,0.0
Bageshree#0,Bageshree,",n S m",Bageshree/train_[uPLSOevIK-4]_chunk1.mp3,uPLSOevIK-4,16.91,18.08,3.0,3.0,0.0,0.0
Bageshree#0,Bageshree,",n S m",Bageshree/train_[uPLSOevIK-4]_chunk1.mp3,uPLSOevIK-4,16.91,18.1,3.0,3.0,0.0,0.0
Bageshree#0,Bageshree,",n S m",Bageshree/train_[uPLSOevIK-4]_chunk2.mp3,uPLSOevIK-4,11.86,12.07,3.0,3.0,0.0,0.0
Bageshree#0,Bageshree,",n S m",Bageshree/train_[uPLSOevIK-4]_chunk2.mp3,uPLSOevIK-4,9.26,9.48,3.0,3.0,0.0,0.0
Bageshree#0,Bageshree,",n S m",Bageshree/train_[uPLSOevIK-4]_chunk2.mp3,uPLSOevIK-4,15.5,15.72,3.0,3.0,0.0,0.0
Bageshree#0,Bageshree,",n S m",Bageshree/train_[uPLSOevIK-4]_chunk3.mp3,uPLSOevIK-4,12.28,12.5,3.0,3.0,0.0,0.0
Bageshree#0,Bageshree,",n S m",Bageshree/train_[uPLSOevIK-4]_chunk3.mp3,uPLSOevIK-4,16.14,16.36,3.0,3.0,0.0,0.0
Bageshree#0,Bageshree,",n S m",Bageshree/train_[uPLSOevIK-4]_chunk3.mp3,uPLSOevIK-4,18.63,18.84,3.0,3.0,0.0,0.0
Bageshree#0,Bageshree,",n S m",Bageshree/train_[uPLSOevIK-4]_chunk4.mp3,uPLSOevIK-4,17.83,18.15,3.0,3.0,0.0,0.0
Bageshree#0,Bageshree,",n S m",Bageshree/train_[wJPV6sIjWv4]_chunk1.mp3,wJPV6sIjWv4,4.62,4.85,3.0,3.0,0.0,0.0
Bageshree#0,Bageshree,",n S m",Bageshree/train_[wJPV6sIjWv4]_chunk1.mp3,wJPV6sIjWv4,1.0,1.23,3.0,3.0,0.0,0.0
Bageshree#0,Bageshree,",n S m",Bageshree/train_[wJPV6sIjWv4]_chunk2.mp3,wJPV6sIjWv4,4.85,5.07,3.0,3.0,0.0,0.0
Bageshree#0,Bageshree,",n S m",Bageshree/train_[wJPV6sIjWv4]_chunk3.mp3,wJPV6sIjWv4,16.62,16.84,3.0,3.0,0.0,0.0
Bageshree#0,Bageshree,",n S m",Bageshree/train_[wJPV6sIjWv4]_chunk3.mp3,wJPV6sIjWv4,16.62,17.33,3.0,3.0,0.0,0.0
Bageshree#0,Bageshree,",n S m",Bageshree/train_[wJPV6sIjWv4]_chunk4.mp3,wJPV6sIjWv4,10.33,10.54,3.0,3.0,0.0,0.0
Bageshree#0,Bageshree,",n S m",Bageshree/train_[wJPV6sIjWv4]_chunk3.mp3,wJPV6sIjWv4,12.27,15.0,3.013,3.0,0.0,0.013
Bageshree#0,Bageshree,",n S m",Bageshree/train_[8ldBWSCfR0Q]_chunk1.mp3,8ldBWSCfR0Q,1.05,2.81,3.04,3.0,0.0,0.04
Bageshree#0,Bageshree,",n S m",Bageshree/train_[8ldBWSCfR0Q]_chunk4.mp3,8ldBWSCfR0Q,3.77,7.25,3.041,3.0,0.0,0.041
Bageshree#0,Bageshree,",n S m",Bageshree/train_[8ldBWSCfR0Q]_chunk4.mp3,8ldBWSCfR0Q,1.97,3.79,3.042,3.0,0.0,0.042
Bageshree#0,Bageshree,",n S m",Bageshree/train_[wJPV6sIjWv4]_chunk3.mp3,wJPV6sIjWv4,12.27,13.16,3.043,3.0,0.0,0.043
Bageshree#0,Bageshree,",n S m",Bageshree/train_[wJPV6sIjWv4]_chunk4.mp3,wJPV6sIjWv4,10.33,11.86,3.047,3.0,0.0,0.047
Bageshree#0,Bageshree,",n S m",Bageshree/train_[IaWMS9vmWRM]_chunk4.mp3,IaWMS9vmWRM,12.82,14.51,3.053,3.0,0.0,0.053
Bageshree#0,Bageshree,",n S m",Bageshree/train_[8ldBWSCfR0Q]_chunk0.mp3,8ldBWSCfR0Q,3.38,4.05,3.054,3.0,0.0,0.054
Bageshree#0,Bageshree,",n S m",Bageshree/train_[QaE7GojryQE]_chunk3.mp3,QaE7GojryQE,15.64,16.98,3.06,3.0,0.0,0.06
Bageshree#0,Bageshree,",n S m",Bageshree/train_[rUoWx__itDo]_chunk3.mp3,rUoWx__itDo,11.59,11.88,3.062,3.0,0.0,0.062
Bageshree#0,Bageshree,",n S m",Bageshree/train_[FCw-Jo9_P8o]_chunk4.mp3,FCw-Jo9_P8o,0.0,1.53,3.07,3.0,0.0,0.07
Bageshree#0,Bageshree,",n S m",Bageshree/train_[QaE7GojryQE]_chunk3.mp3,QaE7GojryQE,14.06,15.48,3.078,3.0,0.026,0.052
Bageshree#0,Bageshree,",n S m",Bageshree/train_[IaWMS9vmWRM]_chunk2.mp3,IaWMS9vmWRM,19.24,19.56,3.083,3.0,0.0,0.083
Bageshree#0,Bageshree,",n S m",Bageshree/train_[wJPV6sIjWv4]_chunk4.mp3,wJPV6sIjWv4,0.02,0.23,3.083,3.0,0.0,0.083
Bageshree#0,Bageshree,",n S m",Bageshree/train_[IaWMS9vmWRM]_chunk0.mp3,IaWMS9vmWRM,3.43,4.27,3.085,3.0,0.0,0.085
Bageshree#0,Bageshree,",n S m",Bageshree/train_[8ldBWSCfR0Q]_chunk4.mp3,8ldBWSCfR0Q,7.2,8.69,3.095,3.0,0.0,0.095
Bageshree#0,Bageshree,",n S m",Bageshree/train_[IaWMS9vmWRM]_chunk0.mp3,IaWMS9vmWRM,7.2,7.91,3.1,3.0,0.0,0.1
Bageshree#0,Bageshree,",n S m",Bageshree/train_[IaWMS9vmWRM]_chunk3.mp3,IaWMS9vmWRM,16.85,17.56,3.1,3.0,0.0,0.1
Bageshree#0,Bageshree,",n S m",Bageshree/train_[IaWMS9vmWRM]_chunk1.mp3,IaWMS9vmWRM,7.77,9.12,3.105,3.0,0.0,0.105
Bageshree#0,Bageshree,",n S m",Bageshree/train_[IaWMS9vmWRM]_chunk1.mp3,IaWMS9vmWRM,15.02,15.93,3.118,3.0,0.0,0.118
Bageshree#0,Bageshree,",n S m",Bageshree/train_[p36qxVRg6kw]_chunk3.mp3,p36qxVRg6kw,14.03,14.61,3.121,3.0,0.0,0.121
Bageshree#0,Bageshree,",n S m",Bageshree/train_[QaE7GojryQE]_chunk0.mp3,QaE7GojryQE,12.85,13.37,3.143,3.0,0.0,0.143
Bageshree#0,Bageshree,",n S m",Bageshree/train_[QaE7GojryQE]_chunk3.mp3,QaE7GojryQE,13.37,13.87,3.143,3.0,0.0,0.143
Bageshree#0,Bageshree,",n S m",Bageshree/train_[8ldBWSCfR0Q]_chunk3.mp3,8ldBWSCfR0Q,7.29,7.75,3.154,3.0,0.0,0.154
Bageshree#0,Bageshree,",n S m",Bageshree/train_[p36qxVRg6kw]_chunk3.mp3,p36qxVRg6kw,14.68,15.47,3.159,3.0,0.068,0.091
Bageshree#0,Bageshree,",n S m",Bageshree/train_[8ldBWSCfR0Q]_chunk1.mp3,8ldBWSCfR0Q,0.0,0.21,3.167,3.0,0.0,0.167
Bageshree#0,Bageshree,",n S m",Bageshree/train_[IaWMS9vmWRM]_chunk2.mp3,IaWMS9vmWRM,1.32,1.92,3.167,3.0,0.033,0.133
Bageshree#0,Bageshree,",n S m",Bageshree/train_[uPLSOevIK-4]_chunk4.mp3,uPLSOevIK-4,3.27,3.48,3.167,3.0,0.0,0.167
Bageshree#0,Bageshree,",n S m",Bageshree/train_[QaE7GojryQE]_chunk2.mp3,QaE7GojryQE,2.97,3.38,3.174,3.0,0.0,0.174
Bageshree#0,Bageshree,",n S m",Bageshree/train_[p36qxVRg6kw]_chunk4.mp3,p36qxVRg6kw,15.32,15.61,3.188,3.0,0.0,0.188
Bageshree#0,Bageshree,",n S m",Bageshree/train_[FCw-Jo9_P8o]_chunk4.mp3,FCw-Jo9_P8o,1.69,2.35,3.189,3.0,0.0,0.189
Bageshree#0,Bageshree,",n S m",Bageshree/train_[FCw-Jo9_P8o]_chunk2.mp3,FCw-Jo9_P8o,7.66,8.04,3.19,3.0,0.0,0.19
Bageshree#0,Bageshree,",n S m",Bageshree/train_[FCw-Jo9_P8o]_chunk4.mp3,FCw-Jo9_P8o,11.47,11.89,3.208,3.0,0.0,0.208
Bageshree#0,Bageshree,",n S m",Bageshree/train_[8ldBWSCfR0Q]_chunk1.mp3,8ldBWSCfR0Q,0.0,1.01,3.211,3.0,0.105,0.105
Bageshree#0,Bageshree,",n S m",Bageshree/train_[QaE7GojryQE]_chunk4.mp3,QaE7GojryQE,4.89,5.23,3.211,3.0,0.0,0.211
Bageshree#0,Bageshree,",n S m",Bageshree/train_[IaWMS9vmWRM]_chunk1.mp3,IaWMS9vmWRM,14.1,14.42,3.222,3.0,0.0,0.222
Bageshree#0,Bageshree,",n S m",Bageshree/train_[QaE7GojryQE]_chunk3.mp3,QaE7GojryQE,2.9,3.22,3.222,3.0,0.0,0.222
Bageshree#0,Bageshree,",n S m",Bageshree/train_[QaE7GojryQE]_chunk2.mp3,QaE7GojryQE,4.64,4.94,3.235,3.0,0.0,0.235
Bageshree#0,Bageshree,",n S m",Bageshree/train_[rUoWx__itDo]_chunk2.mp3,rUoWx__itDo,6.86,7.16,3.235,3.0,0.0,0.235
Bageshree#0,Bageshree,",n S m",Bageshree/train_[wJPV6sIjWv4]_chunk0.mp3,wJPV6sIjWv4,16.23,16.53,3.235,3.0,0.0,0.235
Bageshree#0,Bageshree,",n S m",Bageshree/train_[8ldBWSCfR0Q]_chunk3.mp3,8ldBWSCfR0Q,12.73,12.94,3.25,3.0,0.0,0.25
Bageshree#0,Bageshree,",n S m",Bageshree/train_[p36qxVRg6kw]_chunk3.mp3,p36qxVRg6kw,3.66,3.95,3.25,3.0,0.0,0.25
Bageshree#0,Bageshree,",n S m",Bageshree/train_[wJPV6sIjWv4]_chunk0.mp3,wJPV6sIjWv4,17.48,17.76,3.25,3.0,0.0,0.25
Bageshree#0,Bageshree,",n S m",Bageshree/train_[p36qxVRg6kw]_chunk2.mp3,p36qxVRg6kw,17.87,18.49,3.257,3.0,0.143,0.114
Bageshree#0,Bageshree,",n S m",Bageshree/train_[FCw-Jo9_P8o]_chunk4.mp3,FCw-Jo9_P8o,19.15,19.41,3.267,3.0,0.0,0.267
Bageshree#0,Bageshree,",n S m",Bageshree/train_[IaWMS9vmWRM]_chunk0.mp3,IaWMS9vmWRM,3.04,3.4,3.267,3.0,0.0,0.267
Bageshree#0,Bageshree,",n S m",Bageshree/train_[p36qxVRg6kw]_chunk0.mp3,p36qxVRg6kw,12.85,13.12,3.267,3.0,0.067,0.2
Bageshree#0,Bageshree,",n S m",Bageshree/train_[QaE7GojryQE]_chunk2.mp3,QaE7GojryQE,7.75,8.07,3.278,3.0,0.0,0.278
Bageshree#0,Bageshree,",n S m",Bageshree/train_[IaWMS9vmWRM]_chunk0.mp3,IaWMS9vmWRM,3.43,3.68,3.286,3.0,0.0,0.286
Bageshree#0,Bageshree,",n S m",Bageshree/train_[QaE7GojryQE]_chunk2.mp3,QaE7GojryQE,2.26,2.51,3.286,3.0,0.0,0.286
Bageshree#0,Bageshree,",n S m",Bageshree/train_[p36qxVRg6kw]_chunk2.mp3,p36qxVRg6kw,1.96,2.45,3.286,3.0,0.0,0.286
Bageshree#0,Bageshree,",n S m",Bageshree/train_[p36qxVRg6kw]_chunk2.mp3,p36qxVRg6kw,13.58,13.83,3.286,3.0,0.0,0.286
Bageshree#0,Bageshree,",n S m",Bageshree/train_[rUoWx__itDo]_chunk3.mp3,rUoWx__itDo,16.68,16.92,3.286,3.0,0.0,0.286
Bageshree#0,Bageshree,",n S m",Bageshree/train_[p36qxVRg6kw]_chunk4.mp3,p36qxVRg6kw,19.22,19.7,3.296,3.0,0.148,0.148
Bageshree#0,Bageshree,",n S m",Bageshree/train_[QaE7GojryQE]_chunk2.mp3,QaE7GojryQE,3.36,3.59,3.308,3.0,0.0,0.308
Bageshree#0,Bageshree,",n S m",Bageshree/train_[wJPV6sIjWv4]_chunk0.mp3,wJPV6sIjWv4,12.46,12.69,3.308,3.0,0.0,0.308
Bageshree#0,Bageshree,",n S m",Bageshree/train_[p36qxVRg6kw]_chunk4.mp3,p36qxVRg6kw,7.24,7.68,3.32,3.0,0.04,0.28
Bageshree#0,Bageshree,",n S m",Bageshree/train_[QaE7GojryQE]_chunk0.mp3,QaE7GojryQE,6.63,6.84,3.333,3.0,0.0,0.333
Bageshree#0,Bageshree,",n S m",Bageshree/train_[p36qxVRg6kw]_chunk2.mp3,p36qxVRg6kw,11.16,11.59,3.333,3.0,0.0,0.333
Bageshree#0,Bageshree,",n S m",Bageshree/train_[p36qxVRg6kw]_chunk4.mp3,p36qxVRg6kw,11.7,12.05,3.333,3.0,0.111,0.222
Bageshree#0,Bageshree,",n S m",Bageshree/train_[wJPV6sIjWv4]_chunk0.mp3,wJPV6sIjWv4,16.02,16.23,3.333,3.0,0.0,0.333
Bageshree#0,Bageshree,",n S m",Bageshree/train_[wJPV6sIjWv4]_chunk0.mp3,wJPV6sIjWv4,1.51,1.72,3.333,3.0,0.0,0.333
Bageshree#0,Bageshree,",n S m",Bageshree/train_[FCw-Jo9_P8o]_chunk4.mp3,FCw-Jo9_P8o,4.16,4.57,3.348,3.0,0.0,0.348
Bageshree#0,Bageshree,",n S m",Bageshree/train_[wJPV6sIjWv4]_chunk1.mp3,wJPV6sIjWv4,15.22,15.63,3.348,3.0,0.0,0.348
Bageshree#0,Bageshree,",n S m",Bageshree/train_[QaE7GojryQE]_chunk0.mp3,QaE7GojryQE,9.21,9.67,3.364,3.0,0.0,0.364
Bageshree#0,Bageshree,",n S m",Bageshree/train_[wJPV6sIjWv4]_chunk1.mp3,wJPV6sIjWv4,15.57,16.52,3.471,3.0,0.0,0.471
Bageshree#4,Bageshree,m D n D,Bageshree/train_[rUoWx__itDo]_chunk3.mp3,rUoWx__itDo,13.33,13.74,0.0,0.0,0.0,0.0
Bageshree#4,Bageshree,m D n D,Bageshree/train_[wJPV6sIjWv4]_chunk2.mp3,wJPV6sIjWv4,15.75,16.21,0.0,0.0,0.0,0.0
Bageshree#4,Bageshree,m D n D,Bageshree/train_[rUoWx__itDo]_chunk1.mp3,rUoWx__itDo,9.24,10.19,0.026,0.0,0.0,0.026
Bageshree#4,Bageshree,m D n D,Bageshree/train_[wJPV6sIjWv4]_chunk2.mp3,wJPV6sIjWv4,2.83,3.45,0.036,0.0,0.0,0.036
Bageshree#4,Bageshree,m D n D,Bageshree/train_[p36qxVRg6kw]_chunk2.mp3,p36qxVRg6kw,14.54,14.92,0.053,0.0,0.053,0.0
Bageshree#4,Bageshree,m D n D,Bageshree/train_[uPLSOevIK-4]_chunk4.mp3,uPLSOevIK-4,10.83,11.88,0.095,0.0,0.095,0.0
Bageshree#4,Bageshree,m D n D,Bageshree/train_[8ldBWSCfR0Q]_chunk1.mp3,8ldBWSCfR0Q,3.13,3.73,0.101,0.101,0.0,0.0
Bageshree#4,Bageshree,m D n D,Bageshree/train_[rUoWx__itDo]_chunk3.mp3,rUoWx__itDo,18.72,19.16,0.12,0.0,0.12,0.0
Bageshree#4,Bageshree,m D n D,Bageshree/train_[rUoWx__itDo]_chunk4.mp3,rUoWx__itDo,1.99,2.45,0.154,0.0,0.154,0.0
Bageshree#4,Bageshree,m D n D,Bageshree/train_[FCw-Jo9_P8o]_chunk1.mp3,FCw-Jo9_P8o,4.14,5.64,0.169,0.0,0.169,0.0
Bageshree#4,Bageshree,m D n D,Bageshree/train_[uPLSOevIK-4]_chunk4.mp3,uPLSOevIK-4,10.83,11.16,0.2,0.2,0.0,0.0
Bageshree#4,Bageshree,m D n D,Bageshree/train_[uPLSOevIK-4]_chunk1.mp3,uPLSOevIK-4,7.56,8.0,0.244,0.202,0.042,0.0
Bageshree#4,Bageshree,m D n D,Bageshree/train_[p36qxVRg6kw]_chunk1.mp3,p36qxVRg6kw,15.25,16.05,0.248,0.248,0.0,0.0
Bageshree#4,Bageshree,m D n D,Bageshree/train_[rUoWx__itDo]_chunk4.mp3,rUoWx__itDo,7.59,7.93,0.256,0.151,0.0,0.105
Bageshree#4,Bageshree,m D n D,Bageshree/train_[rUoWx__itDo]_chunk2.mp3,rUoWx__itDo,4.94,5.42,0.277,0.2,0.0,0.077
Bageshree#4,Bageshree,m D n D,Bageshree/train_[rUoWx__itDo]_chunk3.mp3,rUoWx__itDo,7.75,8.25,0.3,0.15,0.0,0.15
Bageshree#4,Bageshree,m D n D,Bageshree/train_[rUoWx__itDo]_chunk1.mp3,rUoWx__itDo,13.21,13.56,0.3,0.2,0.1,0.0
Bageshree#4,Bageshree,m D n D,Bageshree/train_[FCw-Jo9_P8o]_chunk2.mp3,FCw-Jo9_P8o,7.45,7.79,0.302,0.196,0.105,0.0
Bageshree#4,Bageshree,m D n D,Bageshree/train_[rUoWx__itDo]_chunk4.mp3,rUoWx__itDo,7.68,8.43,0.31,0.0,0.262,0.048
Bageshree#4,Bageshree,m D n D,Bageshree/train_[rUoWx__itDo]_chunk4.mp3,rUoWx__itDo,4.23,4.8,0.318,0.1,0.219,0.0
Bageshree#4,Bageshree,m D n D,Bageshree/train_[FCw-Jo9_P8o]_chunk3.mp3,FCw-Jo9_P8o,13.55,14.08,0.32,0.054,0.267,0.0
Bageshree#4,Bageshree,m D n D,Bageshree/train_[FCw-Jo9_P8o]_chunk2.mp3,FCw-Jo9_P8o,5.42,5.9,0.333,0.0,0.333,0.0
Bageshree#4,Bageshree,m D n D,Bageshree/train_[FCw-Jo9_P8o]_chunk4.mp3,FCw-Jo9_P8o,17.26,17.67,0.343,0.3,0.043,0.0
Bageshree#4,Bageshree,m D n D,Bageshree/train_[FCw-Jo9_P8o]_chunk1.mp3,FCw-Jo9_P8o,12.68,13.26,0.374,0.207,0.167,0.0
Bageshree#4,Bageshree,m D n D,Bageshree/train_[FCw-Jo9_P8o]_chunk0.mp3,FCw-Jo9_P8o,3.09,3.48,0.381,0.154,0.136,0.091
Bageshree#4,Bageshree,m D n D,Bageshree/train_[rUoWx__itDo]_chunk4.mp3,rUoWx__itDo,12.11,12.71,0.382,0.0,0.382,0.0
Bageshree#4,Bageshree,m D n D,Bageshree/train_[FCw-Jo9_P8o]_chunk1.mp3,FCw-Jo9_P8o,4.14,4.71,0.382,0.257,0.125,0.0
Bageshree#4,Bageshree,m D n D,Bageshree/train_[p36qxVRg6kw]_chunk3.mp3,p36qxVRg6kw,2.13,2.52,0.4,0.4,0.0,0.0
Bageshree#4,Bageshree,m D n D,Bageshree/train_[p36qxVRg6kw]_chunk1.mp3,p36qxVRg6kw,11.25,12.8,0.413,0.402,0.011,0.0
Bageshree#4,Bageshree,m D n D,Bageshree/train_[FCw-Jo9_P8o]_chunk0.mp3,FCw-Jo9_P8o,9.4,9.85,0.433,0.393,0.04,0.0
Bageshree#4,Bageshree,m D n D,Bageshree/train_[8ldBWSCfR0Q]_chunk1.mp3,8ldBWSCfR0Q,19.27,19.75,0.435,0.101,0.19,0.143
Bageshree#4,Bageshree,m D n D,Bageshree/train_[uPLSOevIK-4]_chunk1.mp3,uPLSOevIK-4,12.66,13.03,0.443,0.252,0.19,0.0
Bageshree#4,Bageshree,m D n D,Bageshree/train_[8ldBWSCfR0Q]_chunk0.mp3,8ldBWSCfR0Q,4.28,4.57,0.452,0.452,0.0,0.0
Bageshree#4,Bageshree,m D n D,Bageshree/train_[wJPV6sIjWv4]_chunk2.mp3,wJPV6sIjWv4,7.22,7.77,0.454,0.195,0.259,0.0
Bageshree#4,Bageshree,m D n D,Bageshree/train_[FCw-Jo9_P8o]_chunk3.mp3,FCw-Jo9_P8o,18.84,19.29,0.493,0.493,0.0,0.0
Bageshree#4,Bageshree,m D n D,Bageshree/train_[FCw-Jo9_P8o]_chunk2.mp3,FCw-Jo9_P8o,3.25,3.61,0.496,0.396,0.1,0.0
Bageshree#4,Bageshree,m D n D,Bageshree/train_[FCw-Jo9_P8o]_chunk3.mp3,FCw-Jo9_P8o,17.48,17.8,0.502,0.446,0.0,0.056
Bageshree#4,Bageshree,m D n D,Bageshree/train_[8ldBWSCfR0Q]_chunk3.mp3,8ldBWSCfR0Q,2.06,2.4,0.507,0.402,0.0,0.105
Bageshree#4,Bageshree,m D n D,Bageshree/train_[QaE7GojryQE]_chunk2.mp3,QaE7GojryQE,0.28,1.0,0.536,0.173,0.364,0.0
Bageshree#4,Bageshree,m D n D,Bageshree/train_[FCw-Jo9_P8o]_chunk3.mp3,FCw-Jo9_P8o,14.99,15.45,0.539,0.346,0.154,0.038
Bageshree#4,Bageshree,m D n D,Bageshree/train_[FCw-Jo9_P8o]_chunk4.mp3,FCw-Jo9_P8o,18.65,19.22,0.54,0.196,0.344,0.0
Bageshree#4,Bageshree,m D n D,Bageshree/train_[p36qxVRg6kw]_chunk1.mp3,p36qxVRg6kw,11.25,11.72,0.602,0.402,0.2,0.0
Bageshree#4,Bageshree,m D n D,Bageshree/train_[FCw-Jo9_P8o]_chunk1.mp3,FCw-Jo9_P8o,19.27,19.63,0.693,0.693,0.0,0.0
Bageshree#4,Bageshree,m D n D,Bageshree/train_[p36qxVRg6kw]_chunk0.mp3,p36qxVRg6kw,17.23,20.0,0.709,0.702,0.007,0.0
Bageshree#4,Bageshree,m D n D,Bageshree/train_[wJPV6sIjWv4]_chunk4.mp3,wJPV6sIjWv4,19.45,20.0,0.711,0.711,0.0,0.0
Bageshree#4,Bageshree,m D n D,Bageshree/train_[p36qxVRg6kw]_chunk1.mp3,p36qxVRg6kw,16.07,16.92,0.719,0.698,0.0,0.021
Bageshree#4,Bageshree,m D n D,Bageshree/train_[8ldBWSCfR0Q]_chunk2.mp3,8ldBWSCfR0Q,2.24,2.58,0.752,0.752,0.0,0.0
Bageshree#4,Bageshree,m D n D,Bageshree/train_[FCw-Jo9_P8o]_chunk4.mp3,FCw-Jo9_P8o,15.52,16.07,0.754,0.592,0.161,0.0
Bageshree#4,Bageshree,m D n D,Bageshree/train_[FCw-Jo9_P8o]_chunk1.mp3,FCw-Jo9_P8o,9.78,10.15,0.806,0.754,0.0,0.053
Bageshree#4,Bageshree,m D n D,Bageshree/train_[FCw-Jo9_P8o]_chunk4.mp3,FCw-Jo9_P8o,15.93,16.36,0.842,0.592,0.25,0.0
Bageshree#4,Bageshree,m D n D,Bageshree/train_[uPLSOevIK-4]_chunk2.mp3,uPLSOevIK-4,17.35,17.76,0.85,0.85,0.0,0.0
Bageshree#4,Bageshree,m D n D,Bageshree/train_[p36qxVRg6kw]_chunk3.mp3,p36qxVRg6kw,2.77,3.68,0.868,0.848,0.02,0.0
Bageshree#4,Bageshree,m D n D,Bageshree/train_[rUoWx__itDo]_chunk2.mp3,rUoWx__itDo,18.38,18.86,0.912,0.801,0.0,0.111
Bageshree#4,Bageshree,m D n D,Bageshree/train_[wJPV6sIjWv4]_chunk0.mp3,wJPV6sIjWv4,11.15,11.56,0.987,0.639,0.261,0.087
Bageshree#4,Bageshree,m D n D,Bageshree/train_[FCw-Jo9_P8o]_chunk3.mp3,FCw-Jo9_P8o,16.2,16.53,0.996,0.996,0.0,0.0
Bageshree#4,Bageshree,m D n D,Bageshree/train_[rUoWx__itDo]_chunk0.mp3,rUoWx__itDo,4.94,6.76,1.051,1.051,0.0,0.0
Bageshree#4,Bageshree,m D n D,Bageshree/train_[p36qxVRg6kw]_chunk4.mp3,p36qxVRg6kw,18.93,19.34,1.085,0.824,0.261,0.0
Bageshree#4,Bageshree,m D n D,Bageshree/train_[p36qxVRg6kw]_chunk0.mp3,p36qxVRg6kw,17.23,19.02,1.174,1.152,0.022,0.0
Bageshree#4,Bageshree,m D n D,Bageshree/train_[p36qxVRg6kw]_chunk2.mp3,p36qxVRg6kw,16.05,16.64,1.188,0.126,0.062,0.0
Bageshree#4,Bageshree,m D n D,Bageshree/train_[FCw-Jo9_P8o]_chunk0.mp3,FCw-Jo9_P8o,18.06,18.38,1.257,1.257,0.0,0.0
Bageshree#4,Bageshree,m D n D,Bageshree/train_[wJPV6sIjWv4]_chunk1.mp3,wJPV6sIjWv4,7.48,7.91,1.286,1.161,0.0,0.125
Bageshree#4,Bageshree,m D n D,Bageshree/train_[wJPV6sIjWv4]_chunk2.mp3,wJPV6sIjWv4,1.35,1.67,1.287,1.111,0.0,0.176
Bageshree#4,Bageshree,m D n D,Bageshree/train_[wJPV6sIjWv4]_chunk4.mp3,wJPV6sIjWv4,17.48,18.29,1.311,1.311,0.0,0.0
Bageshree#4,Bageshree,m D n D,Bageshree/train_[p36qxVRg6kw]_chunk0.mp3,p36qxVRg6kw,17.23,18.76,1.385,1.352,0.033,0.0
Bageshree#4,Bageshree,m D n D,Bageshree/train_[rUoWx__itDo]_chunk3.mp3,rUoWx__itDo,2.47,4.32,1.485,1.401,0.085,0.0
Bageshree#4,Bageshree,m D n D,Bageshree/train_[rUoWx__itDo]_chunk0.mp3,rUoWx__itDo,8.84,9.48,1.501,1.501,0.0,0.0
Bageshree#4,Bageshree,m D n D,Bageshree/train_[rUoWx__itDo]_chunk0.mp3,rUoWx__itDo,4.94,6.47,1.601,1.601,0.0,0.0
Bageshree#4,Bageshree,m D n D,Bageshree/train_[rUoWx__itDo]_chunk0.mp3,rUoWx__itDo,4.94,6.36,1.601,1.601,0.0,0.0
Bageshree#4,Bageshree,m D n D,Bageshree/train_[p36qxVRg6kw]_chunk0.mp3,p36qxVRg6kw,17.23,18.63,1.645,1.602,0.043,0.0
Bageshree#4,Bageshree,m D n D,Bageshree/train_[p36qxVRg6kw]_chunk0.mp3,p36qxVRg6kw,17.23,18.61,1.647,1.602,0.045,0.0
Bageshree#4,Bageshree,m D n D,Bageshree/train_[uPLSOevIK-4]_chunk4.mp3,uPLSOevIK-4,7.27,7.77,1.676,0.605,0.071,0.0
Bageshree#4,Bageshree,m D n D,Bageshree/train_[rUoWx__itDo]_chunk0.mp3,rUoWx__itDo,4.94,6.35,1.751,1.751,0.0,0.0
Bageshree#4,Bageshree,m D n D,Bageshree/train_[p36qxVRg6kw]_chunk1.mp3,p36qxVRg6kw,0.0,0.3,1.761,1.702,0.0,0.059
Bageshree#4,Bageshree,m D n D,Bageshree/train_[FCw-Jo9_P8o]_chunk4.mp3,FCw-Jo9_P8o,16.92,17.21,1.77,1.708,0.0,0.062
Bageshree#4,Bageshree,m D n D,Bageshree/train_[rUoWx__itDo]_chunk3.mp3,rUoWx__itDo,2.47,3.41,1.795,1.601,0.194,0.0
Bageshree#4,Bageshree,m D n D,Bageshree/train_[uPLSOevIK-4]_chunk4.mp3,uPLSOevIK-4,17.23,17.53,1.952,1.952,0.0,0.0
Bageshree#4,Bageshree,m D n D,Bageshree/train_[QaE7GojryQE]_chunk4.mp3,QaE7GojryQE,8.8,9.37,2.077,2.077,0.0,0.0
Bageshree#4,Bageshree,m D n D,Bageshree/train_[FCw-Jo9_P8o]_chunk2.mp3,FCw-Jo9_P8o,0.25,0.75,2.089,1.696,0.286,0.107
Bageshree#4,Bageshree,m D n D,Bageshree/train_[uPLSOevIK-4]_chunk4.mp3,uPLSOevIK-4,8.36,8.68,2.102,2.102,0.0,0.0
Bageshree#4,Bageshree,m D n D,Bageshree/train_[rUoWx__itDo]_chunk2.mp3,rUoWx__itDo,15.84,16.75,2.514,2.101,0.348,0.065
Bageshree#4,Bageshree,m D n D,Bageshree/train_[rUoWx__itDo]_chunk2.mp3,rUoWx__itDo,10.47,10.84,2.587,2.349,0.095,0.143
Bageshree#4,Bageshree,m D n D,Bageshree/train_[FCw-Jo9_P8o]_chunk0.mp3,FCw-Jo9_P8o,7.34,7.7,2.758,1.708,0.0,0.05
Bageshree#4,Bageshree,m D n D,Bageshree/train_[uPLSOevIK-4]_chunk3.mp3,uPLSOevIK-4,9.99,10.42,2.761,2.552,0.167,0.042
Bageshree#4,Bageshree,m D n D,Bageshree/train_[8ldBWSCfR0Q]_chunk0.mp3,8ldBWSCfR0Q,0.59,0.94,3.0,3.0,0.0,0.0
Bageshree#4,Bageshree,m D n D,Bageshree/train_[8ldBWSCfR0Q]_chunk0.mp3,8ldBWSCfR0Q,0.82,1.26,3.0,3.0,0.0,0.0
Bageshree#4,Bageshree,m D n D,Bageshree/train_[8ldBWSCfR0Q]_chunk0.mp3,8ldBWSCfR0Q,16.5,16.78,3.0,3.0,0.0,0.0
Bageshree#4,Bageshree,m D n D,Bageshree/train_[8ldBWSCfR0Q]_chunk1.mp3,8ldBWSCfR0Q,11.09,11.66,3.0,3.0,0.0,0.0
Bageshree#4,Bageshree,m D n D,Bageshree/train_[8ldBWSCfR0Q]_chunk1.mp3,8ldBWSCfR0Q,13.4,13.72,3.0,3.0,0.0,0.0
Bageshree#4,Bageshree,m D n D,Bageshree/train_[8ldBWSCfR0Q]_chunk1.mp3,8ldBWSCfR0Q,13.58,13.92,3.0,3.0,0.0,0.0
Bageshree#4,Bageshree,m D n D,Bageshree/train_[8ldBWSCfR0Q]_chunk2.mp3,8ldBWSCfR0Q,9.72,10.01,3.0,3.0,0.0,0.0
Bageshree#4,Bageshree,m D n D,Bageshree/train_[8ldBWSCfR0Q]_chunk2.mp3,8ldBWSCfR0Q,2.1,2.38,3.0,3.0,0.0,0.0
Bageshree#4,Bageshree,m D n D,Bageshree/train_[8ldBWSCfR0Q]_chunk2.mp3,8ldBWSCfR0Q,18.99,19.27,3.0,3.0,0.0,0.0
Bageshree#4,Bageshree,m D n D,Bageshree/train_[8ldBWSCfR0Q]_chunk2.mp3,8ldBWSCfR0Q,7.75,8.04,3.0,3.0,0.0,0.0
Bageshree#4,Bageshree,m D n D,Bageshree/train_[8ldBWSCfR0Q]_chunk4.mp3,8ldBWSCfR0Q,0.18,0.76,3.0,3.0,0.0,0.0
Bageshree#4,Bageshree,m D n D,Bageshree/train_[8ldBWSCfR0Q]_chunk4.mp3,8ldBWSCfR0Q,0.04,0.32,3.0,3.0,0.0,0.0
Bageshree#4,Bageshree,m D n D,Bageshree/train_[8ldBWSCfR0Q]_chunk4.mp3,8ldBWSCfR0Q,1.83,2.15,3.0,3.0,0.0,0.0
Bageshree#4,Bageshree,m D n D,Bageshree/train_[8ldBWSCfR0Q]_chunk4.mp3,8ldBWSCfR0Q,1.65,1.97,3.0,3.0,0.0,0.0
Bageshree#4,Bageshree,m D n D,Bageshree/train_[8ldBWSCfR0Q]_chunk4.mp3,8ldBWSCfR0Q,0.62,0.91,3.0,3.0,0.0,0.0
Bageshree#4,Bageshree,m D n D,Bageshree/train_[FCw-Jo9_P8o]_chunk0.mp3,FCw-Jo9_P8o,4.02,4.68,3.0,3.0,0.0,0.0
Bageshree#4,Bageshree,m D n D,Bageshree/train_[FCw-Jo9_P8o]_chunk2.mp3,FCw-Jo9_P8o,3.77,4.37,3.0,3.0,0.0,0.0
Bageshree#4,Bageshree,m D n D,Bageshree/train_[IaWMS9vmWRM]_chunk0.mp3,IaWMS9vmWRM,17.51,17.8,3.0,3.0,0.0,0.0
Bageshree#4,Bageshree,m D n D,Bageshree/train_[IaWMS9vmWRM]_chunk0.mp3,IaWMS9vmWRM,12.53,12.82,3.0,3.0,0.0,0.0
Bageshree#4,Bageshree,m D n D,Bageshree/train_[IaWMS9vmWRM]_chunk0.mp3,IaWMS9vmWRM,8.34,8.62,3.0,3.0,0.0,0.0
Bageshree#4,Bageshree,m D n D,Bageshree/train_[IaWMS9vmWRM]_chunk0.mp3,IaWMS9vmWRM,2.84,3.13,3.0,3.0,0.0,0.0
Bageshree#4,Bageshree,m D n D,Bageshree/train_[IaWMS9vmWRM]_chunk1.mp3,IaWMS9vmWRM,4.32,4.62,3.0,3.0,0.0,0.0
Bageshree#4,Bageshree,m D n D,Bageshree/train_[IaWMS9vmWRM]_chunk2.mp3,IaWMS9vmWRM,12.05,12.34,3.0,3.0,0.0,0.0
Bageshree#4,Bageshree,m D n D,Bageshree/train_[IaWMS9vmWRM]_chunk2.mp3,IaWMS9vmWRM,14.29,14.6,3.0,3.0,0.0,0.0
Bageshree#4,Bageshree,m D n D,Bageshree/train_[IaWMS9vmWRM]_chunk3.mp3,IaWMS9vmWRM,15.48,15.77,3.0,3.0,0.0,0.0
Bageshree#4,Bageshree,m D n D,Bageshree/train_[IaWMS9vmWRM]_chunk3.mp3,IaWMS9vmWRM,11.52,11.8,3.0,3.0,0.0,0.0
Bageshree#4,Bageshree,m D n D,Bageshree/train_[IaWMS9vmWRM]_chunk3.mp3,IaWMS9vmWRM,14.52,14.81,3.0,3.0,0.0,0.0
Bageshree#4,Bageshree,m D n D,Bageshree/train_[IaWMS9vmWRM]_chunk3.mp3,IaWMS9vmWRM,8.53,8.82,3.0,3.0,0.0,0.0
Bageshree#4,Bageshree,m D n D,Bageshree/train_[IaWMS9vmWRM]_chunk3.mp3,IaWMS9vmWRM,18.4,18.68,3.0,3.0,0.0,0.0
Bageshree#4,Bageshree,m D n D,Bageshree/train_[IaWMS9vmWRM]_chunk4.mp3,IaWMS9vmWRM,9.74,10.03,3.0,3.0,0.0,0.0
Bageshree#4,Bageshree,m D n D,Bageshree/train_[QaE7GojryQE]_chunk0.mp3,QaE7GojryQE,4.69,5.12,3.0,3.0,0.0,0.0
Bageshree#4,Bageshree,m D n D,Bageshree/train_[QaE7GojryQE]_chunk1.mp3,QaE7GojryQE,2.81,3.11,3.0,3.0,0.0,0.0
Bageshree#4,Bageshree,m D n D,Bageshree/train_[QaE7GojryQE]_chunk1.mp3,QaE7GojryQE,4.53,4.84,3.0,3.0,0.0,0.0
Bageshree#4,Bageshree,m D n D,Bageshree/train_[QaE7GojryQE]_chunk1.mp3,QaE7GojryQE,2.44,2.95,3.0,3.0,0.0,0.0
Bageshree#4,Bageshree,m D n D,Bageshree/train_[QaE7GojryQE]_chunk2.mp3,QaE7GojryQE,16.14,16.48,3.0,3.0,0.0,0.0
Bageshree#4,Bageshree,m D n D,Bageshree/train_[QaE7GojryQE]_chunk2.mp3,QaE7GojryQE,15.93,16.48,3.0,3.0,0.0,0.0
Bageshree#4,Bageshree,m D n D,Bageshree/train_[QaE7GojryQE]_chunk2.mp3,QaE7GojryQE,15.66,16.48,3.0,3.0,0.0,0.0
Bageshree#4,Bageshree,m D n D,Bageshree/train_[QaE7GojryQE]_chunk2.mp3,QaE7GojryQE,15.63,16.48,3.0,3.0,0.0,0.0
Bageshree#4,Bageshree,m D n D,Bageshree/train_[QaE7GojryQE]_chunk3.mp3,QaE7GojryQE,20.34,20.69,3.0,3.0,0.0,0.0
Bageshree#4,Bageshree,m D n D,Bageshree/train_[QaE7GojryQE]_chunk3.mp3,QaE7GojryQE,16.84,17.12,3.0,3.0,0.0,0.0
Bageshree#4,Bageshree,m D n D,Bageshree/train_[QaE7GojryQE]_chunk4.mp3,QaE7GojryQE,17.35,17.64,3.0,3.0,0.0,0.0
Bageshree#4,Bageshree,m D n D,Bageshree/train_[QaE7GojryQE]_chunk4.mp3,QaE7GojryQE,19.38,19.75,3.0,3.0,0.0,0.0
Bageshree#4,Bageshree,m D n D,Bageshree/train_[QaE7GojryQE]_chunk4.mp3,QaE7GojryQE,2.26,2.54,3.0,3.0,0.0,0.0
Bageshree#4,Bageshree,m D n D,Bageshree/train_[p36qxVRg6kw]_chunk2.mp3,p36qxVRg6kw,15.36,15.64,3.0,3.0,0.0,0.0
Bageshree#4,Bageshree,m D n D,Bageshree/train_[p36qxVRg6kw]_chunk3.mp3,p36qxVRg6kw,16.14,16.43,3.0,3.0,0.0,0.0
Bageshree#4,Bageshree,m D n D,Bageshree/train_[rUoWx__itDo]_chunk1.mp3,rUoWx__itDo,4.43,4.71,3.0,3.0,0.0,0.0
Bageshree#4,Bageshree,m D n D,Bageshree/train_[rUoWx__itDo]_chunk1.mp3,rUoWx__itDo,8.32,8.75,3.0,3.0,0.0,0.0
Bageshree#4,Bageshree,m D n D,Bageshree/train_[rUoWx__itDo]_chunk1.mp3,rUoWx__itDo,9.23,9.51,3.0,3.0,0.0,0.0
Bageshree#4,Bageshree,m D n D,Bageshree/train_[rUoWx__itDo]_chunk2.mp3,rUoWx__itDo,15.24,15.68,3.0,3.0,0.0,0.0
Bageshree#4,Bageshree,m D n D,Bageshree/train_[uPLSOevIK-4]_chunk0.mp3,uPLSOevIK-4,15.24,15.56,3.0,3.0,0.0,0.0
Bageshree#4,Bageshree,m D n D,Bageshree/train_[uPLSOevIK-4]_chunk0.mp3,uPLSOevIK-4,15.06,15.38,3.0,3.0,0.0,0.0
Bageshree#4,Bageshree,m D n D,Bageshree/train_[uPLSOevIK-4]_chunk0.mp3,uPLSOevIK-4,14.36,15.02,3.0,3.0,0.0,0.0
Bageshree#4,Bageshree,m D n D,Bageshree/train_[uPLSOevIK-4]_chunk0.mp3,uPLSOevIK-4,14.9,15.2,3.0,3.0,0.0,0.0
Bageshree#4,Bageshree,m D n D,Bageshree/train_[uPLSOevIK-4]_chunk0.mp3,uPLSOevIK-4,15.41,15.75,3.0,3.0,0.0,0.0
Bageshree#4,Bageshree,m D n D,Bageshree/train_[uPLSOevIK-4]_chunk1.mp3,uPLSOevIK-4,1.1,1.39,3.0,3.0,0.0,0.0
Bageshree#4,Bageshree,m D n D,Bageshree/train_[uPLSOevIK-4]_chunk1.mp3,uPLSOevIK-4,1.49,2.1,3.0,3.0,0.0,0.0
Bageshree#4,Bageshree,m D n D,Bageshree/train_[uPLSOevIK-4]_chunk1.mp3,uPLSOevIK-4,6.45,6.77,3.0,3.0,0.0,0.0
Bageshree#4,Bageshree,m D n D,Bageshree/train_[uPLSOevIK-4]_chunk2.mp3,uPLSOevIK-4,17.23,17.55,3.0,3.0,0.0,0.0
Bageshree#4,Bageshree,m D n D,Bageshree/train_[uPLSOevIK-4]_chunk2.mp3,uPLSOevIK-4,13.07,13.88,3.0,3.0,0.0,0.0
Bageshree#4,Bageshree,m D n D,Bageshree/train_[uPLSOevIK-4]_chunk2.mp3,uPLSOevIK-4,13.07,14.2,3.0,3.0,0.0,0.0
Bageshree#4,Bageshree,m D n D,Bageshree/train_[uPLSOevIK-4]_chunk2.mp3,uPLSOevIK-4,13.07,13.94,3.0,3.0,0.0,0.0
Bageshree#4,Bageshree,m D n D,Bageshree/train_[uPLSOevIK-4]_chunk3.mp3,uPLSOevIK-4,4.39,5.01,3.0,3.0,0.0,0.0
Bageshree#4,Bageshree,m D n D,Bageshree/train_[uPLSOevIK-4]_chunk3.mp3,uPLSOevIK-4,4.39,5.16,3.0,3.0,0.0,0.0
Bageshree#4,Bageshree,m D n D,Bageshree/train_[uPLSOevIK-4]_chunk3.mp3,uPLSOevIK-4,4.43,5.71,3.0,3.0,0.0,0.0
Bageshree#4,Bageshree,m D n D,Bageshree/train_[uPLSOevIK-4]_chunk3.mp3,uPLSOevIK-4,4.39,5.21,3.0,3.0,0.0,0.0
Bageshree#4,Bageshree,m D n D,Bageshree/train_[wJPV6sIjWv4]_chunk0.mp3,wJPV6sIjWv4,2.54,3.02,3.0,3.0,0.0,0.0
Bageshree#4,Bageshree,m D n D,Bageshree/train_[wJPV6sIjWv4]_chunk0.mp3,wJPV6sIjWv4,9.64,10.1,3.0,3.0,0.0,0.0
Bageshree#4,Bageshree,m D n D,Bageshree/train_[wJPV6sIjWv4]_chunk0.mp3,wJPV6sIjWv4,9.96,10.36,3.0,3.0,0.0,0.0
Bageshree#4,Bageshree,m D n D,Bageshree/train_[wJPV6sIjWv4]_chunk1.mp3,wJPV6sIjWv4,19.31,19.61,3.0,3.0,0.0,0.0
Bageshree#4,Bageshree,m D n D,Bageshree/train_[wJPV6sIjWv4]_chunk1.mp3,wJPV6sIjWv4,19.11,19.43,3.0,3.0,0.0,0.0
Bageshree#4,Bageshree,m D n D,Bageshree/train_[wJPV6sIjWv4]_chunk1.mp3,wJPV6sIjWv4,18.83,19.24,3.0,3.0,0.0,0.0
Bageshree#4,Bageshree,m D n D,Bageshree/train_[wJPV6sIjWv4]_chunk1.mp3,wJPV6sIjWv4,0.73,1.01,3.0,3.0,0.0,0.0
Bageshree#4,Bageshree,m D n D,Bageshree/train_[wJPV6sIjWv4]_chunk2.mp3,wJPV6sIjWv4,7.91,8.2,3.0,3.0,0.0,0.0
Bageshree#4,Bageshree,m D n D,Bageshree/train_[wJPV6sIjWv4]_chunk3.mp3,wJPV6sIjWv4,16.27,16.66,3.0,3.0,0.0,0.0
Bageshree#4,Bageshree,m D n D,Bageshree/train_[wJPV6sIjWv4]_chunk3.mp3,wJPV6sIjWv4,4.34,4.62,3.0,3.0,0.0,0.0
Bageshree#4,Bageshree,m D n D,Bageshree/train_[wJPV6sIjWv4]_chunk3.mp3,wJPV6sIjWv4,15.98,16.41,3.0,3.0,0.0,0.0
Bageshree#4,Bageshree,m D n D,Bageshree/train_[wJPV6sIjWv4]_chunk3.mp3,wJPV6sIjWv4,11.72,12.16,3.0,3.0,0.0,0.0
Bageshree#4,Bageshree,m D n D,Bageshree/train_[wJPV6sIjWv4]_chunk3.mp3,wJPV6sIjWv4,5.78,6.1,3.0,3.0,0.0,0.0
Bageshree#4,Bageshree,m D n D,Bageshree/train_[wJPV6sIjWv4]_chunk4.mp3,wJPV6sIjWv4,9.6,10.12,3.0,3.0,0.0,0.0
Bageshree#4,Bageshree,m D n D,Bageshree/train_[wJPV6sIjWv4]_chunk4.mp3,wJPV6sIjWv4,9.97,10.36,3.0,3.0,0.0,0.0
Bageshree#4,Bageshree,m D n D,Bageshree/train_[wJPV6sIjWv4]_chunk4.mp3,wJPV6sIjWv4,8.41,8.91,3.0,3.0,0.0,0.0
Bageshree#4,Bageshree,m D n D,Bageshree/train_[8ldBWSCfR0Q]_chunk3.mp3,8ldBWSCfR0Q,4.6,5.03,3.042,3.0,0.042,0.0
Bageshree#4,Bageshree,m D n D,Bageshree/train_[QaE7GojryQE]_chunk4.mp3,QaE7GojryQE,3.06,3.45,3.045,3.0,0.0,0.045
Bageshree#4,Bageshree,m D n D,Bageshree/train_[IaWMS9vmWRM]_chunk2.mp3,IaWMS9vmWRM,6.9,7.2,3.059,3.0,0.059,0.0
Bageshree#4,Bageshree,m D n D,Bageshree/train_[QaE7GojryQE]_chunk0.mp3,QaE7GojryQE,4.98,5.28,3.059,3.0,0.0,0.059
Bageshree#4,Bageshree,m D n D,Bageshree/train_[IaWMS9vmWRM]_chunk1.mp3,IaWMS9vmWRM,17.8,18.12,3.062,3.0,0.0,0.062
Bageshree#4,Bageshree,m D n D,Bageshree/train_[IaWMS9vmWRM]_chunk2.mp3,IaWMS9vmWRM,19.13,19.41,3.062,3.0,0.0,0.062
Bageshree#4,Bageshree,m D n D,Bageshree/train_[IaWMS9vmWRM]_chunk2.mp3,IaWMS9vmWRM,1.17,1.46,3.062,3.0,0.0,0.062
Bageshree#4,Bageshree,m D n D,Bageshree/train_[IaWMS9vmWRM]_chunk4.mp3,IaWMS9vmWRM,12.55,12.84,3.062,3.0,0.0,0.062
Bageshree#4,Bageshree,m D n D,Bageshree/train_[QaE7GojryQE]_chunk3.mp3,QaE7GojryQE,5.96,6.24,3.062,3.0,0.0,0.062
Bageshree#4,Bageshree,m D n D,Bageshree/train_[8ldBWSCfR0Q]_chunk3.mp3,8ldBWSCfR0Q,1.3,1.67,3.095,3.0,0.048,0.048
Bageshree#4,Bageshree,m D n D,Bageshree/train_[8ldBWSCfR0Q]_chunk3.mp3,8ldBWSCfR0Q,8.09,8.44,3.1,3.0,0.05,0.05
Bageshree#4,Bageshree,m D n D,Bageshree/train_[wJPV6sIjWv4]_chunk0.mp3,wJPV6sIjWv4,14.19,15.0,3.108,3.0,0.0,0.108
Bageshree#4,Bageshree,m D n D,Bageshree/train_[p36qxVRg6kw]_chunk4.mp3,p36qxVRg6kw,4.46,5.28,3.108,3.0,0.081,0.027
Bageshree#4,Bageshree,m D n D,Bageshree/train_[8ldBWSCfR0Q]_chunk3.mp3,8ldBWSCfR0Q,4.43,4.75,3.111,3.0,0.056,0.056
Bageshree#4,Bageshree,m D n D,Bageshree/train_[IaWMS9vmWRM]_chunk0.mp3,IaWMS9vmWRM,2.1,2.38,3.125,3.0,0.0,0.125
Bageshree#4,Bageshree,m D n D,Bageshree/train_[IaWMS9vmWRM]_chunk4.mp3,IaWMS9vmWRM,0.14,0.43,3.125,3.0,0.0,0.125
Bageshree#4,Bageshree,m D n D,Bageshree/train_[p36qxVRg6kw]_chunk2.mp3,p36qxVRg6kw,8.2,8.75,3.129,3.0,0.0,0.129
Bageshree#4,Bageshree,m D n D,Bageshree/train_[p36qxVRg6kw]_chunk4.mp3,p36qxVRg6kw,12.0,12.6,3.154,3.0,0.0,0.154
Bageshree#4,Bageshree,m D n D,Bageshree/train_[QaE7GojryQE]_chunk0.mp3,QaE7GojryQE,18.44,19.0,3.156,3.0,0.031,0.125
Bageshree#4,Bageshree,m D n D,Bageshree/train_[IaWMS9vmWRM]_chunk4.mp3,IaWMS9vmWRM,1.26,1.78,3.16,3.0,0.0,0.16
Bageshree#4,Bageshree,m D n D,Bageshree/train_[QaE7GojryQE]_chunk1.mp3,QaE7GojryQE,3.41,3.86,3.16,3.0,0.0,0.16
Bageshree#4,Bageshree,m D n D,Bageshree/train_[p36qxVRg6kw]_chunk3.mp3,p36qxVRg6kw,3.96,4.44,3.167,3.0,0.0,0.167
Bageshree#4,Bageshree,m D n D,Bageshree/train_[QaE7GojryQE]_chunk1.mp3,QaE7GojryQE,7.96,8.76,3.178,3.0,0.0,0.178
Bageshree#4,Bageshree,m D n D,Bageshree/train_[QaE7GojryQE]_chunk0.mp3,QaE7GojryQE,10.31,10.97,3.182,3.0,0.0,0.182
Bageshree#4,Bageshree,m D n D,Bageshree/train_[IaWMS9vmWRM]_chunk1.mp3,IaWMS9vmWRM,17.42,17.76,3.188,3.0,0.0,0.188
Bageshree#4,Bageshree,m D n D,Bageshree/train_[IaWMS9vmWRM]_chunk4.mp3,IaWMS9vmWRM,14.26,14.54,3.188,3.0,0.0,0.188
Bageshree#4,Bageshree,m D n D,Bageshree/train_[QaE7GojryQE]_chunk0.mp3,QaE7GojryQE,2.15,2.74,3.217,3.0,0.0,0.217
Bageshree#4,Bageshree,m D n D,Bageshree/train_[8ldBWSCfR0Q]_chunk0.mp3,8ldBWSCfR0Q,9.6,10.54,3.245,3.0,0.17,0.075
Bageshree#4,Bageshree,m D n D,Bageshree/train_[IaWMS9vmWRM]_chunk1.mp3,IaWMS9vmWRM,5.32,5.6,3.25,3.0,0.0,0.25
Bageshree#4,Bageshree,m D n D,Bageshree/train_[QaE7GojryQE]_chunk3.mp3,QaE7GojryQE,16.55,16.84,3.25,3.0,0.0,0.25
Bageshree#4,Bageshree,m D n D,Bageshree/train_[p36qxVRg6kw]_chunk2.mp3,p36qxVRg6kw,17.69,17.97,3.25,3.0,0.0,0.25
Bageshree#4,Bageshree,m D n D,Bageshree/train_[p36qxVRg6kw]_chunk3.mp3,p36qxVRg6kw,14.47,14.76,3.25,3.0,0.0,0.25
Bageshree#4,Bageshree,m D n D,Bageshree/train_[p36qxVRg6kw]_chunk4.mp3,p36qxVRg6kw,11.86,12.6,3.312,3.0,0.0,0.312
Bageshree#4,Bageshree,m D n D,Bageshree/train_[p36qxVRg6kw]_chunk4.mp3,p36qxVRg6kw,19.57,19.86,3.312,3.0,0.0,0.312
Bageshree#4,Bageshree,m D n D,Bageshree/train_[IaWMS9vmWRM]_chunk1.mp3,IaWMS9vmWRM,16.94,17.35,3.4,3.0,0.0,0.4
Bageshree#4,Bageshree,m D n D,Bageshree/train_[QaE7GojryQE]_chunk3.mp3,QaE7GojryQE,13.64,13.92,3.438,3.0,0.0,0.438
Bhoopali#3,Bhoopali,`S D P G,Bhoopali/train_[6NQ8FaBC5zI]_chunk0.mp3,6NQ8FaBC5zI,8.36,9.21,0.0,0.0,0.0,0.0
Bhoopali#3,Bhoopali,`S D P G,Bhoopali/train_[6NQ8FaBC5zI]_chunk3.mp3,6NQ8FaBC5zI,18.79,20.0,0.0,0.0,0.0,0.0
Bhoopali#3,Bhoopali,`S D P G,Bhoopali/train_[6NQ8FaBC5zI]_chunk3.mp3,6NQ8FaBC5zI,18.79,20.0,0.0,0.0,0.0,0.0
Bhoopali#3,Bhoopali,`S D P G,Bhoopali/train_[6NQ8FaBC5zI]_chunk3.mp3,6NQ8FaBC5zI,18.79,20.0,0.0,0.0,0.0,0.0
Bhoopali#3,Bhoopali,`S D P G,Bhoopali/train_[6NQ8FaBC5zI]_chunk3.mp3,6NQ8FaBC5zI,18.79,20.0,0.0,0.0,0.0,0.0
Bhoopali#3,Bhoopali,`S D P G,Bhoopali/train_[6NQ8FaBC5zI]_chunk3.mp3,6NQ8FaBC5zI,18.79,20.0,0.0,0.0,0.0,0.0
Bhoopali#3,Bhoopali,`S D P G,Bhoopali/train_[bRuEg0dmbgI]_chunk1.mp3,bRuEg0dmbgI,3.57,4.21,0.069,0.042,0.028,0.0
Bhoopali#3,Bhoopali,`S D P G,Bhoopali/train_[lqWJOJ-kzeQ]_chunk4.mp3,lqWJOJ-kzeQ,6.03,6.56,0.103,0.0,0.034,0.069
Bhoopali#3,Bhoopali,`S D P G,Bhoopali/train_[bRuEg0dmbgI]_chunk1.mp3,bRuEg0dmbgI,8.43,9.35,0.115,0.0,0.115,0.0
Bhoopali#3,Bhoopali,`S D P G,Bhoopali/train_[LZ8BJfU-7t8]_chunk2.mp3,LZ8BJfU-7t8,11.18,11.59,0.19,0.0,0.095,0.095
Bhoopali#3,Bhoopali,`S D P G,Bhoopali/train_[bRuEg0dmbgI]_chunk2.mp3,bRuEg0dmbgI,7.98,8.48,0.259,0.0,0.259,0.0
Bhoopali#3,Bhoopali,`S D P G,Bhoopali/train_[bRuEg0dmbgI]_chunk1.mp3,bRuEg0dmbgI,17.96,18.52,0.348,0.067,0.281,0.0
Bhoopali#3,Bhoopali,`S D P G,Bhoopali/train_[bRuEg0dmbgI]_chunk1.mp3,bRuEg0dmbgI,13.19,14.13,0.377,0.142,0.235,0.0
Bhoopali#3,Bhoopali,`S D P G,Bhoopali/train_[Swxz9gzIdtY]_chunk3.mp3,Swxz9gzIdtY,2.61,3.0,0.387,0.387,0.0,0.0
Bhoopali#3,Bhoopali,`S D P G,Bhoopali/train_[Swxz9gzIdtY]_chunk3.mp3,Swxz9gzIdtY,9.62,10.01,0.419,0.419,0.0,0.0
Bhoopali#3,Bhoopali,`S D P G,Bhoopali/train_[lqWJOJ-kzeQ]_chunk4.mp3,lqWJOJ-kzeQ,6.03,7.93,0.46,0.0,0.44,0.02
Bhoopali#3,Bhoopali,`S D P G,Bhoopali/train_[bRuEg0dmbgI]_chunk4.mp3,bRuEg0dmbgI,18.77,19.29,0.476,0.333,0.143,0.0
Bhoopali#3,Bhoopali,`S D P G,Bhoopali/train_[StR7c5yTZkw]_chunk4.mp3,StR7c5yTZkw,5.99,6.97,0.5,0.228,0.273,0.0
Bhoopali#3,Bhoopali,`S D P G,Bhoopali/train_[Swxz9gzIdtY]_chunk3.mp3,Swxz9gzIdtY,18.95,19.31,0.619,0.569,0.0,0.05
Bhoopali#3,Bhoopali,`S D P G,Bhoopali/train_[Swxz9gzIdtY]_chunk4.mp3,Swxz9gzIdtY,5.99,6.33,0.629,0.419,0.053,0.158
Bhoopali#3,Bhoopali,`S D P G,Bhoopali/train_[LZ8BJfU-7t8]_chunk2.mp3,LZ8BJfU-7t8,14.58,14.9,0.637,0.578,0.0,0.059
Bhoopali#3,Bhoopali,`S D P G,Bhoopali/train_[Swxz9gzIdtY]_chunk1.mp3,Swxz9gzIdtY,8.92,9.26,0.753,0.7,0.0,0.053
Bhoopali#3,Bhoopali,`S D P G,Bhoopali/train_[LZ8BJfU-7t8]_chunk0.mp3,LZ8BJfU-7t8,2.08,3.06,1.08,0.0,0.0,0.08
Bhoopali#3,Bhoopali,`S D P G,Bhoopali/train_[Swxz9gzIdtY]_chunk3.mp3,Swxz9gzIdtY,11.61,12.04,1.121,0.079,0.0,0.042
Bhoopali#3,Bhoopali,`S D P G,Bhoopali/train_[LZ8BJfU-7t8]_chunk4.mp3,LZ8BJfU-7t8,12.28,12.66,1.131,0.072,0.059,0.0
Bhoopali#3,Bhoopali,`S D P G,Bhoopali/train_[Swxz9gzIdtY]_chunk3.mp3,Swxz9gzIdtY,15.96,16.39,1.2,0.95,0.25,0.0
Bhoopali#3,Bhoopali,`S D P G,Bhoopali/train_[StR7c5yTZkw]_chunk1.mp3,StR7c5yTZkw,8.8,9.76,1.658,0.436,0.222,0.0
Bhoopali#3,Bhoopali,`S D P G,Bhoopali/train_[bRuEg0dmbgI]_chunk0.mp3,bRuEg0dmbgI,8.98,9.56,1.705,0.608,0.0,0.097
Bhoopali#3,Bhoopali,`S D P G,Bhoopali/train_[StR7c5yTZkw]_chunk4.mp3,StR7c5yTZkw,11.25,11.68,1.947,0.686,0.261,0.0
Bhoopali#3,Bhoopali,`S D P G,Bhoopali/train_[StR7c5yTZkw]_chunk2.mp3,StR7c5yTZkw,8.37,8.82,2.068,0.828,0.24,0.0
Bhoopali#3,Bhoopali,`S D P G,Bhoopali/train_[bRuEg0dmbgI]_chunk0.mp3,bRuEg0dmbgI,1.0,1.72,2.264,1.184,0.0,0.08
Bhoopali#3,Bhoopali,`S D P G,Bhoopali/train_[StR7c5yTZkw]_chunk4.mp3,StR7c5yTZkw,24.68,25.14,2.444,1.164,0.28,0.0
Bhoopali#3,Bhoopali,`S D P G,Bhoopali/train_[Swxz9gzIdtY]_chunk2.mp3,Swxz9gzIdtY,12.46,12.87,2.537,1.363,0.174,0.0
Bhoopali#3,Bhoopali,`S D P G,Bhoopali/train_[bRuEg0dmbgI]_chunk1.mp3,bRuEg0dmbgI,12.55,13.03,2.867,1.867,0.0,0.0
Bhoopali#3,Bhoopali,`S D P G,Bhoopali/train_[StR7c5yTZkw]_chunk2.mp3,StR7c5yTZkw,23.82,24.21,2.928,1.928,0.0,0.0
Bhoopali#3,Bhoopali,`S D P G,Bhoopali/train_[6NQ8FaBC5zI]_chunk0.mp3,6NQ8FaBC5zI,2.63,4.09,3.0,3.0,0.0,0.0
Bhoopali#3,Bhoopali,`S D P G,Bhoopali/train_[6NQ8FaBC5zI]_chunk0.mp3,6NQ8FaBC5zI,2.7,4.09,3.0,3.0,0.0,0.0
Bhoopali#3,Bhoopali,`S D P G,Bhoopali/train_[6NQ8FaBC5zI]_chunk0.mp3,6NQ8FaBC5zI,2.72,4.09,3.0,3.0,0.0,0.0
Bhoopali#3,Bhoopali,`S D P G,Bhoopali/train_[6NQ8FaBC5zI]_chunk1.mp3,6NQ8FaBC5zI,3.91,4.87,3.0,3.0,0.0,0.0
Bhoopali#3,Bhoopali,`S D P G,Bhoopali/train_[6NQ8FaBC5zI]_chunk1.mp3,6NQ8FaBC5zI,3.91,4.87,3.0,3.0,0.0,0.0
Bhoopali#3,Bhoopali,`S D P G,Bhoopali/train_[6NQ8FaBC5zI]_chunk1.mp3,6NQ8FaBC5zI,3.91,4.87,3.0,3.0,0.0,0.0
Bhoopali#3,Bhoopali,`S D P G,Bhoopali/train_[6NQ8FaBC5zI]_chunk2.mp3,6NQ8FaBC5zI,19.38,19.88,3.0,3.0,0.0,0.0
Bhoopali#3,Bhoopali,`S D P G,Bhoopali/train_[6NQ8FaBC5zI]_chunk2.mp3,6NQ8FaBC5zI,12.64,13.12,3.0,3.0,0.0,0.0
Bhoopali#3,Bhoopali,`S D P G,Bhoopali/train_[6NQ8FaBC5zI]_chunk2.mp3,6NQ8FaBC5zI,2.83,3.13,3.0,3.0,0.0,0.0
Bhoopali#3,Bhoopali,`S D P G,Bhoopali/train_[6NQ8FaBC5zI]_chunk4.mp3,6NQ8FaBC5zI,19.47,20.0,3.0,3.0,0.0,0.0
Bhoopali#3,Bhoopali,`S D P G,Bhoopali/train_[StR7c5yTZkw]_chunk0.mp3,StR7c5yTZkw,25.8,26.49,3.0,3.0,0.0,0.0
Bhoopali#3,Bhoopali,`S D P G,Bhoopali/train_[StR7c5yTZkw]_chunk0.mp3,StR7c5yTZkw,23.24,23.54,3.0,3.0,0.0,0.0
Bhoopali#3,Bhoopali,`S D P G,Bhoopali/train_[StR7c5yTZkw]_chunk0.mp3,StR7c5yTZkw,16.78,17.21,3.0,3.0,0.0,0.0
Bhoopali#3,Bhoopali,`S D P G,Bhoopali/train_[StR7c5yTZkw]_chunk0.mp3,StR7c5yTZkw,24.69,24.98,3.0,3.0,0.0,0.0
Bhoopali#3,Bhoopali,`S D P G,Bhoopali/train_[StR7c5yTZkw]_chunk0.mp3,StR7c5yTZkw,4.5,5.35,3.0,3.0,0.0,0.0
Bhoopali#3,Bhoopali,`S D P G,Bhoopali/train_[StR7c5yTZkw]_chunk1.mp3,StR7c5yTZkw,13.23,13.8,3.0,3.0,0.0,0.0
Bhoopali#3,Bhoopali,`S D P G,Bhoopali/train_[StR7c5yTZkw]_chunk1.mp3,StR7c5yTZkw,12.0,12.34,3.0,3.0,0.0,0.0
Bhoopali#3,Bhoopali,`S D P G,Bhoopali/train_[StR7c5yTZkw]_chunk1.mp3,StR7c5yTZkw,10.54,10.95,3.0,3.0,0.0,0.0
Bhoopali#3,Bhoopali,`S D P G,Bhoopali/train_[StR7c5yTZkw]_chunk1.mp3,StR7c5yTZkw,4.0,4.36,3.0,3.0,0.0,0.0
Bhoopali#3,Bhoopali,`S D P G,Bhoopali/train_[StR7c5yTZkw]_chunk2.mp3,StR7c5yTZkw,18.42,18.76,3.0,3.0,0.0,0.0
Bhoopali#3,Bhoopali,`S D P G,Bhoopali/train_[Swxz9gzIdtY]_chunk0.mp3,Swxz9gzIdtY,10.7,11.0,3.0,3.0,0.0,0.0
Bhoopali#3,Bhoopali,`S D P G,Bhoopali/train_[Swxz9gzIdtY]_chunk0.mp3,Swxz9gzIdtY,4.18,4.75,3.0,3.0,0.0,0.0
Bhoopali#3,Bhoopali,`S D P G,Bhoopali/train_[Swxz9gzIdtY]_chunk0.mp3,Swxz9gzIdtY,3.04,3.52,3.0,3.0,0.0,0.0
Bhoopali#3,Bhoopali,`S D P G,Bhoopali/train_[Swxz9gzIdtY]_chunk0.mp3,Swxz9gzIdtY,7.7,7.98,3.0,3.0,0.0,0.0
Bhoopali#3,Bhoopali,`S D P G,Bhoopali/train_[Swxz9gzIdtY]_chunk0.mp3,Swxz9gzIdtY,11.86,12.25,3.0,3.0,0.0,0.0
Bhoopali#3,Bhoopali,`S D P G,Bhoopali/train_[Swxz9gzIdtY]_chunk1.mp3,Swxz9gzIdtY,14.31,14.86,3.0,3.0,0.0,0.0
Bhoopali#3,Bhoopali,`S D P G,Bhoopali/train_[Swxz9gzIdtY]_chunk1.mp3,Swxz9gzIdtY,7.11,7.4,3.0,3.0,0.0,0.0
Bhoopali#3,Bhoopali,`S D P G,Bhoopali/train_[bRuEg0dmbgI]_chunk0.mp3,bRuEg0dmbgI,16.16,16.55,3.0,3.0,0.0,0.0
Bhoopali#3,Bhoopali,`S D P G,Bhoopali/train_[bRuEg0dmbgI]_chunk2.mp3,bRuEg0dmbgI,14.67,15.04,3.0,3.0,0.0,0.0
Bhoopali#3,Bhoopali,`S D P G,Bhoopali/train_[bRuEg0dmbgI]_chunk2.mp3,bRuEg0dmbgI,11.77,12.36,3.0,3.0,0.0,0.0
Bhoopali#3,Bhoopali,`S D P G,Bhoopali/train_[bRuEg0dmbgI]_chunk2.mp3,bRuEg0dmbgI,0.25,0.62,3.0,3.0,0.0,0.0
Bhoopali#3,Bhoopali,`S D P G,Bhoopali/train_[bRuEg0dmbgI]_chunk2.mp3,bRuEg0dmbgI,18.99,19.34,3.0,3.0,0.0,0.0
Bhoopali#3,Bhoopali,`S D P G,Bhoopali/train_[bRuEg0dmbgI]_chunk3.mp3,bRuEg0dmbgI,8.44,8.85,3.0,3.0,0.0,0.0
Bhoopali#3,Bhoopali,`S D P G,Bhoopali/train_[bRuEg0dmbgI]_chunk3.mp3,bRuEg0dmbgI,15.73,16.07,3.0,3.0,0.0,0.0
Bhoopali#3,Bhoopali,`S D P G,Bhoopali/train_[bRuEg0dmbgI]_chunk3.mp3,bRuEg0dmbgI,11.11,11.48,3.0,3.0,0.0,0.0
Bhoopali#3,Bhoopali,`S D P G,Bhoopali/train_[bRuEg0dmbgI]_chunk4.mp3,bRuEg0dmbgI,1.64,1.96,3.0,3.0,0.0,0.0
Bhoopali#3,Bhoopali,`S D P G,Bhoopali/train_[bRuEg0dmbgI]_chunk4.mp3,bRuEg0dmbgI,4.62,5.0,3.0,3.0,0.0,0.0
Bhoopali#3,Bhoopali,`S D P G,Bhoopali/train_[bRuEg0dmbgI]_chunk4.mp3,bRuEg0dmbgI,13.74,14.04,3.0,3.0,0.0,0.0
Bhoopali#3,Bhoopali,`S D P G,Bhoopali/train_[bRuEg0dmbgI]_chunk4.mp3,bRuEg0dmbgI,17.58,17.92,3.0,3.0,0.0,0.0
Bhoopali#3,Bhoopali,`S D P G,Bhoopali/train_[lqWJOJ-kzeQ]_chunk0.mp3,lqWJOJ-kzeQ,10.77,11.45,3.0,3.0,0.0,0.0
Bhoopali#3,Bhoopali,`S D P G,Bhoopali/train_[lqWJOJ-kzeQ]_chunk0.mp3,lqWJOJ-kzeQ,0.59,1.55,3.0,3.0,0.0,0.0
Bhoopali#3,Bhoopali,`S D P G,Bhoopali/train_[lqWJOJ-kzeQ]_chunk0.mp3,lqWJOJ-kzeQ,0.59,1.56,3.0,3.0,0.0,0.0
Bhoopali#3,Bhoopali,`S D P G,Bhoopali/train_[lqWJOJ-kzeQ]_chunk0.mp3,lqWJOJ-kzeQ,0.59,1.6,3.0,3.0,0.0,0.0
Bhoopali#3,Bhoopali,`S D P G,Bhoopali/train_[lqWJOJ-kzeQ]_chunk0.mp3,lqWJOJ-kzeQ,0.59,1.72,3.0,3.0,0.0,0.0
Bhoopali#3,Bhoopali,`S D P G,Bhoopali/train_[lqWJOJ-kzeQ]_chunk1.mp3,lqWJOJ-kzeQ,7.34,7.64,3.0,3.0,0.0,0.0
Bhoopali#3,Bhoopali,`S D P G,Bhoopali/train_[lqWJOJ-kzeQ]_chunk1.mp3,lqWJOJ-kzeQ,6.79,7.08,3.0,3.0,0.0,0.0
Bhoopali#3,Bhoopali,`S D P G,Bhoopali/train_[lqWJOJ-kzeQ]_chunk1.mp3,lqWJOJ-kzeQ,8.96,9.51,3.0,3.0,0.0,0.0
Bhoopali#3,Bhoopali,`S D P G,Bhoopali/train_[lqWJOJ-kzeQ]_chunk1.mp3,lqWJOJ-kzeQ,9.0,10.28,3.0,3.0,0.0,0.0
Bhoopali#3,Bhoopali,`S D P G,Bhoopali/train_[lqWJOJ-kzeQ]_chunk2.mp3,lqWJOJ-kzeQ,4.85,5.26,3.0,3.0,0.0,0.0
Bhoopali#3,Bhoopali,`S D P G,Bhoopali/train_[lqWJOJ-kzeQ]_chunk2.mp3,lqWJOJ-kzeQ,0.0,0.87,3.0,3.0,0.0,0.0
Bhoopali#3,Bhoopali,`S D P G,Bhoopali/train_[lqWJOJ-kzeQ]_chunk2.mp3,lqWJOJ-kzeQ,0.0,0.91,3.0,3.0,0.0,0.0
Bhoopali#3,Bhoopali,`S D P G,Bhoopali/train_[lqWJOJ-kzeQ]_chunk2.mp3,lqWJOJ-kzeQ,1.17,2.42,3.0,3.0,0.0,0.0
Bhoopali#3,Bhoopali,`S D P G,Bhoopali/train_[lqWJOJ-kzeQ]_chunk2.mp3,lqWJOJ-kzeQ,1.39,2.42,3.0,3.0,0.0,0.0
Bhoopali#3,Bhoopali,`S D P G,Bhoopali/train_[lqWJOJ-kzeQ]_chunk3.mp3,lqWJOJ-kzeQ,2.77,3.48,3.0,3.0,0.0,0.0
Bhoopali#3,Bhoopali,`S D P G,Bhoopali/train_[lqWJOJ-kzeQ]_chunk3.mp3,lqWJOJ-kzeQ,8.36,8.94,3.0,3.0,0.0,0.0
Bhoopali#3,Bhoopali,`S D P G,Bhoopali/train_[lqWJOJ-kzeQ]_chunk3.mp3,lqWJOJ-kzeQ,0.07,0.36,3.0,3.0,0.0,0.0
Bhoopali#3,Bhoopali,`S D P G,Bhoopali/train_[lqWJOJ-kzeQ]_chunk3.mp3,lqWJOJ-kzeQ,5.03,5.32,3.0,3.0,0.0,0.0
Bhoopali#3,Bhoopali,`S D P G,Bhoopali/train_[lqWJOJ-kzeQ]_chunk3.mp3,lqWJOJ-kzeQ,1.58,2.1,3.0,3.0,0.0,0.0
Bhoopali#3,Bhoopali,`S D P G,Bhoopali/train_[lqWJOJ-kzeQ]_chunk4.mp3,lqWJOJ-kzeQ,13.71,15.56,3.0,3.0,0.0,0.0
Bhoopali#3,Bhoopali,`S D P G,Bhoopali/train_[lqWJOJ-kzeQ]_chunk4.mp3,lqWJOJ-kzeQ,5.16,5.62,3.0,3.0,0.0,0.0
Bhoopali#3,Bhoopali,`S D P G,Bhoopali/train_[lqWJOJ-kzeQ]_chunk4.mp3,lqWJOJ-kzeQ,2.29,2.81,3.0,3.0,0.0,0.0
Bhoopali#3,Bhoopali,`S D P G,Bhoopali/train_[oOjWM7td-gg]_chunk0.mp3,oOjWM7td-gg,1.71,1.99,3.0,3.0,0.0,0.0
Bhoopali#3,Bhoopali,`S D P G,Bhoopali/train_[oOjWM7td-gg]_chunk0.mp3,oOjWM7td-gg,2.36,2.65,3.0,3.0,0.0,0.0
Bhoopali#3,Bhoopali,`S D P G,Bhoopali/train_[oOjWM7td-gg]_chunk0.mp3,oOjWM7td-gg,5.46,5.74,3.0,3.0,0.0,0.0
Bhoopali#3,Bhoopali,`S D P G,Bhoopali/train_[oOjWM7td-gg]_chunk0.mp3,oOjWM7td-gg,16.09,16.43,3.0,3.0,0.0,0.0
Bhoopali#3,Bhoopali,`S D P G,Bhoopali/train_[oOjWM7td-gg]_chunk0.mp3,oOjWM7td-gg,16.48,16.84,3.0,3.0,0.0,0.0
Bhoopali#3,Bhoopali,`S D P G,Bhoopali/train_[oOjWM7td-gg]_chunk1.mp3,oOjWM7td-gg,6.7,6.99,3.0,3.0,0.0,0.0
Bhoopali#3,Bhoopali,`S D P G,Bhoopali/train_[oOjWM7td-gg]_chunk1.mp3,oOjWM7td-gg,10.65,10.97,3.0,3.0,0.0,0.0
Bhoopali#3,Bhoopali,`S D P G,Bhoopali/train_[oOjWM7td-gg]_chunk1.mp3,oOjWM7td-gg,0.0,0.36,3.0,3.0,0.0,0.0
Bhoopali#3,Bhoopali,`S D P G,Bhoopali/train_[oOjWM7td-gg]_chunk1.mp3,oOjWM7td-gg,12.87,13.37,3.0,3.0,0.0,0.0
Bhoopali#3,Bhoopali,`S D P G,Bhoopali/train_[oOjWM7td-gg]_chunk1.mp3,oOjWM7td-gg,5.35,5.64,3.0,3.0,0.0,0.0
Bhoopali#3,Bhoopali,`S D P G,Bhoopali/train_[oOjWM7td-gg]_chunk2.mp3,oOjWM7td-gg,7.04,8.2,3.0,3.0,0.0,0.0
Bhoopali#3,Bhoopali,`S D P G,Bhoopali/train_[oOjWM7td-gg]_chunk2.mp3,oOjWM7td-gg,7.04,8.16,3.0,3.0,0.0,0.0
Bhoopali#3,Bhoopali,`S D P G,Bhoopali/train_[oOjWM7td-gg]_chunk2.mp3,oOjWM7td-gg,7.04,8.16,3.0,3.0,0.0,0.0
Bhoopali#3,Bhoopali,`S D P G,Bhoopali/train_[oOjWM7td-gg]_chunk2.mp3,oOjWM7td-gg,7.04,8.16,3.0,3.0,0.0,0.0
Bhoopali#3,Bhoopali,`S D P G,Bhoopali/train_[oOjWM7td-gg]_chunk2.mp3,oOjWM7td-gg,7.04,8.18,3.0,3.0,0.0,0.0
Bhoopali#3,Bhoopali,`S D P G,Bhoopali/train_[oOjWM7td-gg]_chunk3.mp3,oOjWM7td-gg,5.39,5.92,3.0,3.0,0.0,0.0
Bhoopali#3,Bhoopali,`S D P G,Bhoopali/train_[oOjWM7td-gg]_chunk3.mp3,oOjWM7td-gg,11.31,12.05,3.0,3.0,0.0,0.0
Bhoopali#3,Bhoopali,`S D P G,Bhoopali/train_[oOjWM7td-gg]_chunk3.mp3,oOjWM7td-gg,12.59,12.92,3.0,3.0,0.0,0.0
Bhoopali#3,Bhoopali,`S D P G,Bhoopali/train_[oOjWM7td-gg]_chunk3.mp3,oOjWM7td-gg,18.19,18.49,3.0,3.0,0.0,0.0
Bhoopali#3,Bhoopali,`S D P G,Bhoopali/train_[oOjWM7td-gg]_chunk3.mp3,oOjWM7td-gg,18.03,18.49,3.0,3.0,0.0,0.0
Bhoopali#3,Bhoopali,`S D P G,Bhoopali/train_[oOjWM7td-gg]_chunk4.mp3,oOjWM7td-gg,17.85,18.33,3.0,3.0,0.0,0.0
Bhoopali#3,Bhoopali,`S D P G,Bhoopali/train_[oOjWM7td-gg]_chunk4.mp3,oOjWM7td-gg,18.47,19.08,3.0,3.0,0.0,0.0
Bhoopali#3,Bhoopali,`S D P G,Bhoopali/train_[oOjWM7td-gg]_chunk4.mp3,oOjWM7td-gg,2.68,3.32,3.0,3.0,0.0,0.0
Bhoopali#3,Bhoopali,`S D P G,Bhoopali/train_[oOjWM7td-gg]_chunk4.mp3,oOjWM7td-gg,6.88,7.4,3.0,3.0,0.0,0.0
Bhoopali#3,Bhoopali,`S D P G,Bhoopali/train_[oOjWM7td-gg]_chunk4.mp3,oOjWM7td-gg,3.96,5.1,3.0,3.0,0.0,0.0
Bhoopali#3,Bhoopali,`S D P G,Bhoopali/train_[6NQ8FaBC5zI]_chunk2.mp3,6NQ8FaBC5zI,4.62,5.07,3.04,3.0,0.0,0.04
Bhoopali#3,Bhoopali,`S D P G,Bhoopali/train_[Swxz9gzIdtY]_chunk1.mp3,Swxz9gzIdtY,13.58,14.04,3.04,3.0,0.04,0.0
Bhoopali#3,Bhoopali,`S D P G,Bhoopali/train_[Swxz9gzIdtY]_chunk2.mp3,Swxz9gzIdtY,9.21,9.56,3.05,3.0,0.05,0.0
Bhoopali#3,Bhoopali,`S D P G,Bhoopali/train_[StR7c5yTZkw]_chunk2.mp3,StR7c5yTZkw,16.37,16.68,3.059,3.0,0.0,0.059
Bhoopali#3,Bhoopali,`S D P G,Bhoopali/train_[bRuEg0dmbgI]_chunk3.mp3,bRuEg0dmbgI,19.18,19.48,3.059,3.0,0.059,0.0
Bhoopali#3,Bhoopali,`S D P G,Bhoopali/train_[6NQ8FaBC5zI]_chunk2.mp3,6NQ8FaBC5zI,1.14,1.42,3.062,3.0,0.0,0.062
Bhoopali#3,Bhoopali,`S D P G,Bhoopali/train_[StR7c5yTZkw]_chunk2.mp3,StR7c5yTZkw,10.79,11.15,3.086,1.936,0.15,0.0
Bhoopali#3,Bhoopali,`S D P G,Bhoopali/train_[lqWJOJ-kzeQ]_chunk1.mp3,lqWJOJ-kzeQ,2.54,3.08,3.125,3.0,0.0,0.125
Bhoopali#3,Bhoopali,`S D P G,Bhoopali/train_[bRuEg0dmbgI]_chunk3.mp3,bRuEg0dmbgI,15.09,15.45,3.15,3.0,0.0,0.15
Bhoopali#3,Bhoopali,`S D P G,Bhoopali/train_[Swxz9gzIdtY]_chunk4.mp3,Swxz9gzIdtY,8.89,9.23,3.158,3.0,0.0,0.158
Bhoopali#3,Bhoopali,`S D P G,Bhoopali/train_[StR7c5yTZkw]_chunk3.mp3,StR7c5yTZkw,0.87,2.17,3.164,3.0,0.0,0.164
Bhoopali#3,Bhoopali,`S D P G,Bhoopali/train_[6NQ8FaBC5zI]_chunk1.mp3,6NQ8FaBC5zI,9.56,11.31,3.173,3.0,0.04,0.133
Bhoopali#3,Bhoopali,`S D P G,Bhoopali/train_[LZ8BJfU-7t8]_chunk4.mp3,LZ8BJfU-7t8,13.81,14.35,3.174,2.007,0.0,0.167
Bhoopali#3,Bhoopali,`S D P G,Bhoopali/train_[StR7c5yTZkw]_chunk3.mp3,StR7c5yTZkw,21.76,22.92,3.185,3.0,0.0,0.185
Bhoopali#3,Bhoopali,`S D P G,Bhoopali/train_[StR7c5yTZkw]_chunk3.mp3,StR7c5yTZkw,16.16,17.12,3.185,3.0,0.0,0.185
Bhoopali#3,Bhoopali,`S D P G,Bhoopali/train_[Swxz9gzIdtY]_chunk1.mp3,Swxz9gzIdtY,3.68,4.44,3.186,3.0,0.0,0.186
Bhoopali#3,Bhoopali,`S D P G,Bhoopali/train_[LZ8BJfU-7t8]_chunk0.mp3,LZ8BJfU-7t8,17.51,18.24,3.195,3.0,0.0,0.195
Bhoopali#3,Bhoopali,`S D P G,Bhoopali/train_[LZ8BJfU-7t8]_chunk0.mp3,LZ8BJfU-7t8,3.77,4.2,3.2,3.0,0.0,0.2
Bhoopali#3,Bhoopali,`S D P G,Bhoopali/train_[Swxz9gzIdtY]_chunk2.mp3,Swxz9gzIdtY,15.52,15.88,3.211,3.0,0.0,0.211
Bhoopali#3,Bhoopali,`S D P G,Bhoopali/train_[StR7c5yTZkw]_chunk3.mp3,StR7c5yTZkw,2.12,3.11,3.214,3.0,0.0,0.214
Bhoopali#3,Bhoopali,`S D P G,Bhoopali/train_[LZ8BJfU-7t8]_chunk1.mp3,LZ8BJfU-7t8,3.18,3.73,3.226,3.0,0.0,0.226
Bhoopali#3,Bhoopali,`S D P G,Bhoopali/train_[6NQ8FaBC5zI]_chunk1.mp3,6NQ8FaBC5zI,18.99,19.61,3.233,3.0,0.167,0.067
Bhoopali#3,Bhoopali,`S D P G,Bhoopali/train_[StR7c5yTZkw]_chunk3.mp3,StR7c5yTZkw,3.06,3.95,3.24,3.0,0.0,0.24
Bhoopali#3,Bhoopali,`S D P G,Bhoopali/train_[LZ8BJfU-7t8]_chunk0.mp3,LZ8BJfU-7t8,0.02,0.48,3.25,3.0,0.042,0.208
Bhoopali#3,Bhoopali,`S D P G,Bhoopali/train_[LZ8BJfU-7t8]_chunk2.mp3,LZ8BJfU-7t8,16.73,17.23,3.286,3.0,0.0,0.286
Bhoopali#3,Bhoopali,`S D P G,Bhoopali/train_[LZ8BJfU-7t8]_chunk1.mp3,LZ8BJfU-7t8,16.89,17.48,3.303,3.0,0.212,0.091
Bhoopali#3,Bhoopali,`S D P G,Bhoopali/train_[LZ8BJfU-7t8]_chunk0.mp3,LZ8BJfU-7t8,1.39,1.92,3.304,3.0,0.0,0.304
Bhoopali#3,Bhoopali,`S D P G,Bhoopali/train_[Swxz9gzIdtY]_chunk2.mp3,Swxz9gzIdtY,8.64,9.07,3.304,3.0,0.13,0.174
Bhoopali#3,Bhoopali,`S D P G,Bhoopali/train_[bRuEg0dmbgI]_chunk0.mp3,bRuEg0dmbgI,5.78,6.31,3.312,3.0,0.0,0.312
Bhoopali#3,Bhoopali,`S D P G,Bhoopali/train_[bRuEg0dmbgI]_chunk0.mp3,bRuEg0dmbgI,7.27,7.56,3.312,3.0,0.0,0.312
Bhoopali#3,Bhoopali,`S D P G,Bhoopali/train_[LZ8BJfU-7t8]_chunk1.mp3,LZ8BJfU-7t8,15.89,16.23,3.316,3.0,0.0,0.316
Bhoopali#3,Bhoopali,`S D P G,Bhoopali/train_[6NQ8FaBC5zI]_chunk4.mp3,6NQ8FaBC5zI,1.42,1.94,3.32,3.0,0.0,0.32
Bhoopali#3,Bhoopali,`S D P G,Bhoopali/train_[StR7c5yTZkw]_chunk4.mp3,StR7c5yTZkw,19.57,20.02,3.32,3.0,0.0,0.32
Bhoopali#3,Bhoopali,`S D P G,Bhoopali/train_[6NQ8FaBC5zI]_chunk4.mp3,6NQ8FaBC5zI,3.91,4.39,3.353,3.0,0.0,0.353
Bhoopali#3,Bhoopali,`S D P G,Bhoopali/train_[LZ8BJfU-7t8]_chunk2.mp3,LZ8BJfU-7t8,7.79,8.09,3.353,3.0,0.0,0.353
Bhoopali#3,Bhoopali,`S D P G,Bhoopali/train_[Swxz9gzIdtY]_chunk4.mp3,Swxz9gzIdtY,18.08,18.51,3.364,3.0,0.0,0.364
Bhoopali#3,Bhoopali,`S D P G,Bhoopali/train_[6NQ8FaBC5zI]_chunk0.mp3,6NQ8FaBC5zI,14.83,15.18,3.375,3.0,0.0,0.375
Bhoopali#3,Bhoopali,`S D P G,Bhoopali/train_[Swxz9gzIdtY]_chunk2.mp3,Swxz9gzIdtY,6.04,6.33,3.375,3.0,0.0,0.375
Bhoopali#3,Bhoopali,`S D P G,Bhoopali/train_[LZ8BJfU-7t8]_chunk4.mp3,LZ8BJfU-7t8,11.31,11.66,3.4,3.0,0.0,0.4
Bhoopali#3,Bhoopali,`S D P G,Bhoopali/train_[StR7c5yTZkw]_chunk4.mp3,StR7c5yTZkw,5.4,5.71,3.412,3.0,0.0,0.412
Bhoopali#3,Bhoopali,`S D P G,Bhoopali/train_[LZ8BJfU-7t8]_chunk4.mp3,LZ8BJfU-7t8,5.44,6.15,3.425,3.0,0.15,0.275
Bhoopali#3,Bhoopali,`S D P G,Bhoopali/train_[6NQ8FaBC5zI]_chunk4.mp3,6NQ8FaBC5zI,2.99,3.63,3.433,3.0,0.0,0.433
Bhoopali#3,Bhoopali,`S D P G,Bhoopali/train_[Swxz9gzIdtY]_chunk4.mp3,Swxz9gzIdtY,3.4,3.79,3.438,3.0,0.0,0.438
Bhoopali#3,Bhoopali,`S D P G,Bhoopali/train_[6NQ8FaBC5zI]_chunk4.mp3,6NQ8FaBC5zI,3.29,3.79,3.444,3.0,0.0,0.444
Bhoopali#3,Bhoopali,`S D P G,Bhoopali/train_[Swxz9gzIdtY]_chunk4.mp3,Swxz9gzIdtY,12.09,12.46,3.444,3.0,0.0,0.444
Bhoopali#3,Bhoopali,`S D P G,Bhoopali/train_[LZ8BJfU-7t8]_chunk4.mp3,LZ8BJfU-7t8,4.68,5.12,3.455,3.0,0.0,0.455
Bhoopali#3,Bhoopali,`S D P G,Bhoopali/train_[LZ8BJfU-7t8]_chunk1.mp3,LZ8BJfU-7t8,11.02,11.59,3.481,3.0,0.259,0.222
Bhoopali#3,Bhoopali,`S D P G,Bhoopali/train_[LZ8BJfU-7t8]_chunk2.mp3,LZ8BJfU-7t8,18.95,19.52,3.5,3.0,0.2,0.3
Bhoopali#3,Bhoopali,`S D P G,Bhoopali/train_[LZ8BJfU-7t8]_chunk1.mp3,LZ8BJfU-7t8,0.46,0.98,3.517,3.0,0.138,0.379
Bhoopali#3,Bhoopali,`S D P G,Bhoopali/train_[LZ8BJfU-7t8]_chunk3.mp3,LZ8BJfU-7t8,18.01,18.42,3.522,3.0,0.0,0.522
Bhoopali#3,Bhoopali,`S D P G,Bhoopali/train_[LZ8BJfU-7t8]_chunk3.mp3,LZ8BJfU-7t8,11.91,12.25,3.579,3.0,0.0,0.579
Bhoopali#3,Bhoopali,`S D P G,Bhoopali/train_[LZ8BJfU-7t8]_chunk3.mp3,LZ8BJfU-7t8,13.64,14.08,3.6,3.0,0.2,0.4
Bhoopali#3,Bhoopali,`S D P G,Bhoopali/train_[LZ8BJfU-7t8]_chunk3.mp3,LZ8BJfU-7t8,9.71,9.99,3.625,3.0,0.0,0.625
Bhoopali#3,Bhoopali,`S D P G,Bhoopali/train_[LZ8BJfU-7t8]_chunk3.mp3,LZ8BJfU-7t8,17.42,18.08,3.649,3.0,0.216,0.432
Bhoopali#4,Bhoopali,P G R G,Bhoopali/train_[LZ8BJfU-7t8]_chunk0.mp3,LZ8BJfU-7t8,5.01,5.49,0.0,0.0,0.0,0.0
Bhoopali#4,Bhoopali,P G R G,Bhoopali/train_[lqWJOJ-kzeQ]_chunk0.mp3,lqWJOJ-kzeQ,11.29,11.59,0.0,0.0,0.0,0.0
Bhoopali#4,Bhoopali,P G R G,Bhoopali/train_[oOjWM7td-gg]_chunk4.mp3,oOjWM7td-gg,18.79,19.64,0.0,0.0,0.0,0.0
Bhoopali#4,Bhoopali,P G R G,Bhoopali/train_[bRuEg0dmbgI]_chunk1.mp3,bRuEg0dmbgI,13.94,14.44,0.021,0.021,0.0,0.0
Bhoopali#4,Bhoopali,P G R G,Bhoopali/train_[lqWJOJ-kzeQ]_chunk4.mp3,lqWJOJ-kzeQ,6.88,9.05,0.081,0.0,0.081,0.0
Bhoopali#4,Bhoopali,P G R G,Bhoopali/train_[lqWJOJ-kzeQ]_chunk4.mp3,lqWJOJ-kzeQ,6.88,7.36,0.105,0.105,0.0,0.0
Bhoopali#4,Bhoopali,P G R G,Bhoopali/train_[StR7c5yTZkw]_chunk4.mp3,StR7c5yTZkw,23.0,23.59,0.125,0.0,0.042,0.083
Bhoopali#4,Bhoopali,P G R G,Bhoopali/train_[StR7c5yTZkw]_chunk0.mp3,StR7c5yTZkw,17.28,18.4,0.129,0.05,0.079,0.0
Bhoopali#4,Bhoopali,P G R G,Bhoopali/train_[bRuEg0dmbgI]_chunk4.mp3,bRuEg0dmbgI,19.13,19.54,0.148,0.061,0.087,0.0
Bhoopali#4,Bhoopali,P G R G,Bhoopali/train_[StR7c5yTZkw]_chunk2.mp3,StR7c5yTZkw,14.1,14.54,0.16,0.0,0.08,0.08
Bhoopali#4,Bhoopali,P G R G,Bhoopali/train_[bRuEg0dmbgI]_chunk1.mp3,bRuEg0dmbgI,4.0,4.52,0.165,0.061,0.103,0.0
Bhoopali#4,Bhoopali,P G R G,Bhoopali/train_[bRuEg0dmbgI]_chunk1.mp3,bRuEg0dmbgI,18.36,19.02,0.185,0.05,0.135,0.0
Bhoopali#4,Bhoopali,P G R G,Bhoopali/train_[StR7c5yTZkw]_chunk4.mp3,StR7c5yTZkw,7.0,7.64,0.247,0.136,0.111,0.0
Bhoopali#4,Bhoopali,P G R G,Bhoopali/train_[StR7c5yTZkw]_chunk2.mp3,StR7c5yTZkw,1.23,1.65,0.253,0.086,0.083,0.083
Bhoopali#4,Bhoopali,P G R G,Bhoopali/train_[StR7c5yTZkw]_chunk2.mp3,StR7c5yTZkw,22.49,22.99,0.271,0.2,0.071,0.0
Bhoopali#4,Bhoopali,P G R G,Bhoopali/train_[6NQ8FaBC5zI]_chunk0.mp3,6NQ8FaBC5zI,8.75,9.72,0.275,0.0,0.275,0.0
Bhoopali#4,Bhoopali,P G R G,Bhoopali/train_[LZ8BJfU-7t8]_chunk0.mp3,LZ8BJfU-7t8,9.69,11.72,0.294,0.0,0.294,0.0
Bhoopali#4,Bhoopali,P G R G,Bhoopali/train_[lqWJOJ-kzeQ]_chunk4.mp3,lqWJOJ-kzeQ,6.28,6.83,0.349,0.045,0.261,0.043
Bhoopali#4,Bhoopali,P G R G,Bhoopali/train_[oOjWM7td-gg]_chunk0.mp3,oOjWM7td-gg,9.44,10.9,0.391,0.0,0.391,0.0
Bhoopali#4,Bhoopali,P G R G,Bhoopali/train_[StR7c5yTZkw]_chunk1.mp3,StR7c5yTZkw,9.56,10.06,0.399,0.214,0.185,0.0
Bhoopali#4,Bhoopali,P G R G,Bhoopali/train_[bRuEg0dmbgI]_chunk3.mp3,bRuEg0dmbgI,7.25,7.7,0.4,0.358,0.0,0.042
Bhoopali#4,Bhoopali,P G R G,Bhoopali/train_[Swxz9gzIdtY]_chunk0.mp3,Swxz9gzIdtY,4.3,6.42,0.4,0.4,0.0,0.0
Bhoopali#4,Bhoopali,P G R G,Bhoopali/train_[StR7c5yTZkw]_chunk0.mp3,StR7c5yTZkw,22.99,23.54,0.504,0.214,0.29,0.0
Bhoopali#4,Bhoopali,P G R G,Bhoopali/train_[StR7c5yTZkw]_chunk4.mp3,StR7c5yTZkw,3.72,4.2,0.515,0.478,0.037,0.0
Bhoopali#4,Bhoopali,P G R G,Bhoopali/train_[StR7c5yTZkw]_chunk2.mp3,StR7c5yTZkw,3.2,3.8,0.518,0.336,0.182,0.0
Bhoopali#4,Bhoopali,P G R G,Bhoopali/train_[StR7c5yTZkw]_chunk2.mp3,StR7c5yTZkw,7.13,7.48,0.536,0.436,0.1,0.0
Bhoopali#4,Bhoopali,P G R G,Bhoopali/train_[Swxz9gzIdtY]_chunk4.mp3,Swxz9gzIdtY,13.81,14.19,0.65,0.65,0.0,0.0
Bhoopali#4,Bhoopali,P G R G,Bhoopali/train_[Swxz9gzIdtY]_chunk3.mp3,Swxz9gzIdtY,19.16,19.57,0.786,0.569,0.174,0.043
Bhoopali#4,Bhoopali,P G R G,Bhoopali/train_[StR7c5yTZkw]_chunk4.mp3,StR7c5yTZkw,6.4,6.99,0.806,0.472,0.333,0.0
Bhoopali#4,Bhoopali,P G R G,Bhoopali/train_[bRuEg0dmbgI]_chunk1.mp3,bRuEg0dmbgI,2.01,2.7,1.029,0.0,0.029,0.0
Bhoopali#4,Bhoopali,P G R G,Bhoopali/train_[StR7c5yTZkw]_chunk4.mp3,StR7c5yTZkw,14.86,15.24,1.086,0.936,0.0,0.15
Bhoopali#4,Bhoopali,P G R G,Bhoopali/train_[bRuEg0dmbgI]_chunk0.mp3,bRuEg0dmbgI,1.49,2.1,1.091,0.667,0.394,0.03
Bhoopali#4,Bhoopali,P G R G,Bhoopali/train_[Swxz9gzIdtY]_chunk0.mp3,Swxz9gzIdtY,17.37,17.71,1.187,1.187,0.0,0.0
Bhoopali#4,Bhoopali,P G R G,Bhoopali/train_[Swxz9gzIdtY]_chunk0.mp3,Swxz9gzIdtY,18.58,18.86,1.213,1.213,0.0,0.0
Bhoopali#4,Bhoopali,P G R G,Bhoopali/train_[Swxz9gzIdtY]_chunk2.mp3,Swxz9gzIdtY,9.69,10.22,1.27,0.937,0.333,0.0
Bhoopali#4,Bhoopali,P G R G,Bhoopali/train_[StR7c5yTZkw]_chunk0.mp3,StR7c5yTZkw,19.15,20.62,1.314,1.314,0.0,0.0
Bhoopali#4,Bhoopali,P G R G,Bhoopali/train_[bRuEg0dmbgI]_chunk1.mp3,bRuEg0dmbgI,9.14,9.53,1.361,0.061,0.1,0.2
Bhoopali#4,Bhoopali,P G R G,Bhoopali/train_[StR7c5yTZkw]_chunk0.mp3,StR7c5yTZkw,23.73,24.18,1.528,1.528,0.0,0.0
Bhoopali#4,Bhoopali,P G R G,Bhoopali/train_[bRuEg0dmbgI]_chunk3.mp3,bRuEg0dmbgI,2.04,2.68,1.575,1.367,0.208,0.0
Bhoopali#4,Bhoopali,P G R G,Bhoopali/train_[Swxz9gzIdtY]_chunk3.mp3,Swxz9gzIdtY,6.4,6.74,1.592,1.487,0.0,0.105
Bhoopali#4,Bhoopali,P G R G,Bhoopali/train_[bRuEg0dmbgI]_chunk0.mp3,bRuEg0dmbgI,9.78,10.12,1.699,1.383,0.158,0.158
Bhoopali#4,Bhoopali,P G R G,Bhoopali/train_[Swxz9gzIdtY]_chunk3.mp3,Swxz9gzIdtY,8.39,9.51,1.777,0.619,0.159,0.0
Bhoopali#4,Bhoopali,P G R G,Bhoopali/train_[bRuEg0dmbgI]_chunk2.mp3,bRuEg0dmbgI,8.32,8.62,1.833,1.833,0.0,0.0
Bhoopali#4,Bhoopali,P G R G,Bhoopali/train_[Swxz9gzIdtY]_chunk4.mp3,Swxz9gzIdtY,13.23,13.55,1.848,0.737,0.056,0.056
Bhoopali#4,Bhoopali,P G R G,Bhoopali/train_[Swxz9gzIdtY]_chunk2.mp3,Swxz9gzIdtY,9.35,9.69,1.987,1.987,0.0,0.0
Bhoopali#4,Bhoopali,P G R G,Bhoopali/train_[LZ8BJfU-7t8]_chunk0.mp3,LZ8BJfU-7t8,9.69,10.1,2.007,2.007,0.0,0.0
Bhoopali#4,Bhoopali,P G R G,Bhoopali/train_[bRuEg0dmbgI]_chunk3.mp3,bRuEg0dmbgI,7.06,7.43,2.027,1.817,0.158,0.053
Bhoopali#4,Bhoopali,P G R G,Bhoopali/train_[bRuEg0dmbgI]_chunk4.mp3,bRuEg0dmbgI,7.59,7.89,2.217,2.217,0.0,0.0
Bhoopali#4,Bhoopali,P G R G,Bhoopali/train_[StR7c5yTZkw]_chunk1.mp3,StR7c5yTZkw,8.57,9.23,2.328,0.95,0.378,0.0
Bhoopali#4,Bhoopali,P G R G,Bhoopali/train_[StR7c5yTZkw]_chunk0.mp3,StR7c5yTZkw,3.48,4.05,2.428,2.428,0.0,0.0
Bhoopali#4,Bhoopali,P G R G,Bhoopali/train_[Swxz9gzIdtY]_chunk4.mp3,Swxz9gzIdtY,8.91,9.23,2.435,2.269,0.0,0.167
Bhoopali#4,Bhoopali,P G R G,Bhoopali/train_[bRuEg0dmbgI]_chunk4.mp3,bRuEg0dmbgI,11.16,12.07,2.517,2.517,0.0,0.0
Bhoopali#4,Bhoopali,P G R G,Bhoopali/train_[Swxz9gzIdtY]_chunk2.mp3,Swxz9gzIdtY,2.28,2.56,2.594,2.531,0.0,0.062
Bhoopali#4,Bhoopali,P G R G,Bhoopali/train_[Swxz9gzIdtY]_chunk0.mp3,Swxz9gzIdtY,4.3,4.89,2.737,2.737,0.0,0.0
Bhoopali#4,Bhoopali,P G R G,Bhoopali/train_[Swxz9gzIdtY]_chunk2.mp3,Swxz9gzIdtY,12.69,13.42,2.851,1.363,0.488,0.0
Bhoopali#4,Bhoopali,P G R G,Bhoopali/train_[LZ8BJfU-7t8]_chunk2.mp3,LZ8BJfU-7t8,14.72,15.08,2.928,2.878,0.0,0.05
Bhoopali#4,Bhoopali,P G R G,Bhoopali/train_[6NQ8FaBC5zI]_chunk0.mp3,6NQ8FaBC5zI,8.75,9.21,3.0,3.0,0.0,0.0
Bhoopali#4,Bhoopali,P G R G,Bhoopali/train_[6NQ8FaBC5zI]_chunk1.mp3,6NQ8FaBC5zI,5.92,6.29,3.0,3.0,0.0,0.0
Bhoopali#4,Bhoopali,P G R G,Bhoopali/train_[6NQ8FaBC5zI]_chunk1.mp3,6NQ8FaBC5zI,17.16,17.46,3.0,3.0,0.0,0.0
Bhoopali#4,Bhoopali,P G R G,Bhoopali/train_[6NQ8FaBC5zI]_chunk1.mp3,6NQ8FaBC5zI,3.66,4.05,3.0,3.0,0.0,0.0
Bhoopali#4,Bhoopali,P G R G,Bhoopali/train_[6NQ8FaBC5zI]_chunk2.mp3,6NQ8FaBC5zI,8.05,9.33,3.0,3.0,0.0,0.0
Bhoopali#4,Bhoopali,P G R G,Bhoopali/train_[6NQ8FaBC5zI]_chunk2.mp3,6NQ8FaBC5zI,8.04,9.32,3.0,3.0,0.0,0.0
Bhoopali#4,Bhoopali,P G R G,Bhoopali/train_[6NQ8FaBC5zI]_chunk2.mp3,6NQ8FaBC5zI,8.05,9.35,3.0,3.0,0.0,0.0
Bhoopali#4,Bhoopali,P G R G,Bhoopali/train_[6NQ8FaBC5zI]_chunk2.mp3,6NQ8FaBC5zI,8.05,9.37,3.0,3.0,0.0,0.0
Bhoopali#4,Bhoopali,P G R G,Bhoopali/train_[6NQ8FaBC5zI]_chunk2.mp3,6NQ8FaBC5zI,8.05,9.39,3.0,3.0,0.0,0.0
Bhoopali#4,Bhoopali,P G R G,Bhoopali/train_[6NQ8FaBC5zI]_chunk3.mp3,6NQ8FaBC5zI,19.56,20.0,3.0,3.0,0.0,0.0
Bhoopali#4,Bhoopali,P G R G,Bhoopali/train_[6NQ8FaBC5zI]_chunk3.mp3,6NQ8FaBC5zI,18.44,18.79,3.0,3.0,0.0,0.0
Bhoopali#4,Bhoopali,P G R G,Bhoopali/train_[6NQ8FaBC5zI]_chunk3.mp3,6NQ8FaBC5zI,0.0,0.28,3.0,3.0,0.0,0.0
Bhoopali#4,Bhoopali,P G R G,Bhoopali/train_[6NQ8FaBC5zI]_chunk3.mp3,6NQ8FaBC5zI,0.14,0.52,3.0,3.0,0.0,0.0
Bhoopali#4,Bhoopali,P G R G,Bhoopali/train_[6NQ8FaBC5zI]_chunk3.mp3,6NQ8FaBC5zI,19.43,20.0,3.0,3.0,0.0,0.0
Bhoopali#4,Bhoopali,P G R G,Bhoopali/train_[6NQ8FaBC5zI]_chunk4.mp3,6NQ8FaBC5zI,9.39,9.69,3.0,3.0,0.0,0.0
Bhoopali#4,Bhoopali,P G R G,Bhoopali/train_[6NQ8FaBC5zI]_chunk4.mp3,6NQ8FaBC5zI,14.86,15.2,3.0,3.0,0.0,0.0
Bhoopali#4,Bhoopali,P G R G,Bhoopali/train_[LZ8BJfU-7t8]_chunk4.mp3,LZ8BJfU-7t8,8.09,8.37,3.0,3.0,0.0,0.0
Bhoopali#4,Bhoopali,P G R G,Bhoopali/train_[StR7c5yTZkw]_chunk1.mp3,StR7c5yTZkw,20.23,21.16,3.0,3.0,0.0,0.0
Bhoopali#4,Bhoopali,P G R G,Bhoopali/train_[StR7c5yTZkw]_chunk1.mp3,StR7c5yTZkw,9.39,9.76,3.0,3.0,0.0,0.0
Bhoopali#4,Bhoopali,P G R G,Bhoopali/train_[StR7c5yTZkw]_chunk1.mp3,StR7c5yTZkw,17.33,18.97,3.0,3.0,0.0,0.0
Bhoopali#4,Bhoopali,P G R G,Bhoopali/train_[Swxz9gzIdtY]_chunk0.mp3,Swxz9gzIdtY,3.57,4.18,3.0,3.0,0.0,0.0
Bhoopali#4,Bhoopali,P G R G,Bhoopali/train_[Swxz9gzIdtY]_chunk1.mp3,Swxz9gzIdtY,0.64,0.98,3.0,3.0,0.0,0.0
Bhoopali#4,Bhoopali,P G R G,Bhoopali/train_[Swxz9gzIdtY]_chunk1.mp3,Swxz9gzIdtY,0.37,0.98,3.0,3.0,0.0,0.0
Bhoopali#4,Bhoopali,P G R G,Bhoopali/train_[Swxz9gzIdtY]_chunk1.mp3,Swxz9gzIdtY,14.72,15.04,3.0,3.0,0.0,0.0
Bhoopali#4,Bhoopali,P G R G,Bhoopali/train_[Swxz9gzIdtY]_chunk1.mp3,Swxz9gzIdtY,6.68,6.99,3.0,3.0,0.0,0.0
Bhoopali#4,Bhoopali,P G R G,Bhoopali/train_[Swxz9gzIdtY]_chunk3.mp3,Swxz9gzIdtY,2.83,3.16,3.0,3.0,0.0,0.0
Bhoopali#4,Bhoopali,P G R G,Bhoopali/train_[bRuEg0dmbgI]_chunk2.mp3,bRuEg0dmbgI,8.16,8.44,3.0,3.0,0.0,0.0
Bhoopali#4,Bhoopali,P G R G,Bhoopali/train_[bRuEg0dmbgI]_chunk2.mp3,bRuEg0dmbgI,13.72,14.01,3.0,3.0,0.0,0.0
Bhoopali#4,Bhoopali,P G R G,Bhoopali/train_[bRuEg0dmbgI]_chunk2.mp3,bRuEg0dmbgI,13.94,14.22,3.0,3.0,0.0,0.0
Bhoopali#4,Bhoopali,P G R G,Bhoopali/train_[bRuEg0dmbgI]_chunk2.mp3,bRuEg0dmbgI,2.7,3.0,3.0,3.0,0.0,0.0
Bhoopali#4,Bhoopali,P G R G,Bhoopali/train_[bRuEg0dmbgI]_chunk3.mp3,bRuEg0dmbgI,16.36,16.68,3.0,3.0,0.0,0.0
Bhoopali#4,Bhoopali,P G R G,Bhoopali/train_[bRuEg0dmbgI]_chunk3.mp3,bRuEg0dmbgI,18.17,18.45,3.0,3.0,0.0,0.0
Bhoopali#4,Bhoopali,P G R G,Bhoopali/train_[bRuEg0dmbgI]_chunk4.mp3,bRuEg0dmbgI,4.76,5.24,3.0,3.0,0.0,0.0
Bhoopali#4,Bhoopali,P G R G,Bhoopali/train_[bRuEg0dmbgI]_chunk4.mp3,bRuEg0dmbgI,4.43,4.75,3.0,3.0,0.0,0.0
Bhoopali#4,Bhoopali,P G R G,Bhoopali/train_[lqWJOJ-kzeQ]_chunk0.mp3,lqWJOJ-kzeQ,0.27,0.6,3.0,3.0,0.0,0.0
Bhoopali#4,Bhoopali,P G R G,Bhoopali/train_[lqWJOJ-kzeQ]_chunk0.mp3,lqWJOJ-kzeQ,19.31,19.98,3.0,3.0,0.0,0.0
Bhoopali#4,Bhoopali,P G R G,Bhoopali/train_[lqWJOJ-kzeQ]_chunk0.mp3,lqWJOJ-kzeQ,9.8,10.08,3.0,3.0,0.0,0.0
Bhoopali#4,Bhoopali,P G R G,Bhoopali/train_[lqWJOJ-kzeQ]_chunk0.mp3,lqWJOJ-kzeQ,0.12,0.41,3.0,3.0,0.0,0.0
Bhoopali#4,Bhoopali,P G R G,Bhoopali/train_[lqWJOJ-kzeQ]_chunk1.mp3,lqWJOJ-kzeQ,8.02,8.36,3.0,3.0,0.0,0.0
Bhoopali#4,Bhoopali,P G R G,Bhoopali/train_[lqWJOJ-kzeQ]_chunk1.mp3,lqWJOJ-kzeQ,8.02,8.98,3.0,3.0,0.0,0.0
Bhoopali#4,Bhoopali,P G R G,Bhoopali/train_[lqWJOJ-kzeQ]_chunk1.mp3,lqWJOJ-kzeQ,7.47,7.75,3.0,3.0,0.0,0.0
Bhoopali#4,Bhoopali,P G R G,Bhoopali/train_[lqWJOJ-kzeQ]_chunk1.mp3,lqWJOJ-kzeQ,7.72,8.3,3.0,3.0,0.0,0.0
Bhoopali#4,Bhoopali,P G R G,Bhoopali/train_[lqWJOJ-kzeQ]_chunk1.mp3,lqWJOJ-kzeQ,4.85,5.14,3.0,3.0,0.0,0.0
Bhoopali#4,Bhoopali,P G R G,Bhoopali/train_[lqWJOJ-kzeQ]_chunk2.mp3,lqWJOJ-kzeQ,6.03,6.31,3.0,3.0,0.0,0.0
Bhoopali#4,Bhoopali,P G R G,Bhoopali/train_[lqWJOJ-kzeQ]_chunk2.mp3,lqWJOJ-kzeQ,8.68,9.01,3.0,3.0,0.0,0.0
Bhoopali#4,Bhoopali,P G R G,Bhoopali/train_[lqWJOJ-kzeQ]_chunk2.mp3,lqWJOJ-kzeQ,13.44,13.78,3.0,3.0,0.0,0.0
Bhoopali#4,Bhoopali,P G R G,Bhoopali/train_[lqWJOJ-kzeQ]_chunk2.mp3,lqWJOJ-kzeQ,5.23,5.87,3.0,3.0,0.0,0.0
Bhoopali#4,Bhoopali,P G R G,Bhoopali/train_[lqWJOJ-kzeQ]_chunk2.mp3,lqWJOJ-kzeQ,1.6,2.42,3.0,3.0,0.0,0.0
Bhoopali#4,Bhoopali,P G R G,Bhoopali/train_[lqWJOJ-kzeQ]_chunk3.mp3,lqWJOJ-kzeQ,3.34,3.68,3.0,3.0,0.0,0.0
Bhoopali#4,Bhoopali,P G R G,Bhoopali/train_[lqWJOJ-kzeQ]_chunk3.mp3,lqWJOJ-kzeQ,7.63,7.91,3.0,3.0,0.0,0.0
Bhoopali#4,Bhoopali,P G R G,Bhoopali/train_[lqWJOJ-kzeQ]_chunk3.mp3,lqWJOJ-kzeQ,2.2,2.83,3.0,3.0,0.0,0.0
Bhoopali#4,Bhoopali,P G R G,Bhoopali/train_[lqWJOJ-kzeQ]_chunk3.mp3,lqWJOJ-kzeQ,17.44,17.83,3.0,3.0,0.0,0.0
Bhoopali#4,Bhoopali,P G R G,Bhoopali/train_[lqWJOJ-kzeQ]_chunk3.mp3,lqWJOJ-kzeQ,10.61,10.9,3.0,3.0,0.0,0.0
Bhoopali#4,Bhoopali,P G R G,Bhoopali/train_[lqWJOJ-kzeQ]_chunk4.mp3,lqWJOJ-kzeQ,17.87,18.33,3.0,3.0,0.0,0.0
Bhoopali#4,Bhoopali,P G R G,Bhoopali/train_[lqWJOJ-kzeQ]_chunk4.mp3,lqWJOJ-kzeQ,19.34,19.93,3.0,3.0,0.0,0.0
Bhoopali#4,Bhoopali,P G R G,Bhoopali/train_[oOjWM7td-gg]_chunk0.mp3,oOjWM7td-gg,9.44,9.94,3.0,3.0,0.0,0.0
Bhoopali#4,Bhoopali,P G R G,Bhoopali/train_[oOjWM7td-gg]_chunk0.mp3,oOjWM7td-gg,16.28,16.84,3.0,3.0,0.0,0.0
Bhoopali#4,Bhoopali,P G R G,Bhoopali/train_[oOjWM7td-gg]_chunk0.mp3,oOjWM7td-gg,18.65,18.93,3.0,3.0,0.0,0.0
Bhoopali#4,Bhoopali,P G R G,Bhoopali/train_[oOjWM7td-gg]_chunk0.mp3,oOjWM7td-gg,1.88,2.33,3.0,3.0,0.0,0.0
Bhoopali#4,Bhoopali,P G R G,Bhoopali/train_[oOjWM7td-gg]_chunk1.mp3,oOjWM7td-gg,10.04,10.4,3.0,3.0,0.0,0.0
Bhoopali#4,Bhoopali,P G R G,Bhoopali/train_[oOjWM7td-gg]_chunk1.mp3,oOjWM7td-gg,5.67,6.4,3.0,3.0,0.0,0.0
Bhoopali#4,Bhoopali,P G R G,Bhoopali/train_[oOjWM7td-gg]_chunk1.mp3,oOjWM7td-gg,1.64,1.99,3.0,3.0,0.0,0.0
Bhoopali#4,Bhoopali,P G R G,Bhoopali/train_[oOjWM7td-gg]_chunk1.mp3,oOjWM7td-gg,10.83,11.18,3.0,3.0,0.0,0.0
Bhoopali#4,Bhoopali,P G R G,Bhoopali/train_[oOjWM7td-gg]_chunk1.mp3,oOjWM7td-gg,0.55,1.05,3.0,3.0,0.0,0.0
Bhoopali#4,Bhoopali,P G R G,Bhoopali/train_[oOjWM7td-gg]_chunk2.mp3,oOjWM7td-gg,5.83,6.49,3.0,3.0,0.0,0.0
Bhoopali#4,Bhoopali,P G R G,Bhoopali/train_[oOjWM7td-gg]_chunk2.mp3,oOjWM7td-gg,10.93,11.56,3.0,3.0,0.0,0.0
Bhoopali#4,Bhoopali,P G R G,Bhoopali/train_[oOjWM7td-gg]_chunk2.mp3,oOjWM7td-gg,5.39,5.94,3.0,3.0,0.0,0.0
Bhoopali#4,Bhoopali,P G R G,Bhoopali/train_[oOjWM7td-gg]_chunk2.mp3,oOjWM7td-gg,10.45,11.0,3.0,3.0,0.0,0.0
Bhoopali#4,Bhoopali,P G R G,Bhoopali/train_[oOjWM7td-gg]_chunk2.mp3,oOjWM7td-gg,11.75,12.05,3.0,3.0,0.0,0.0
Bhoopali#4,Bhoopali,P G R G,Bhoopali/train_[oOjWM7td-gg]_chunk3.mp3,oOjWM7td-gg,3.77,4.14,3.0,3.0,0.0,0.0
Bhoopali#4,Bhoopali,P G R G,Bhoopali/train_[oOjWM7td-gg]_chunk3.mp3,oOjWM7td-gg,15.08,15.36,3.0,3.0,0.0,0.0
Bhoopali#4,Bhoopali,P G R G,Bhoopali/train_[oOjWM7td-gg]_chunk3.mp3,oOjWM7td-gg,15.22,16.55,3.0,3.0,0.0,0.0
Bhoopali#4,Bhoopali,P G R G,Bhoopali/train_[oOjWM7td-gg]_chunk3.mp3,oOjWM7td-gg,15.22,16.57,3.0,3.0,0.0,0.0
Bhoopali#4,Bhoopali,P G R G,Bhoopali/train_[oOjWM7td-gg]_chunk3.mp3,oOjWM7td-gg,15.22,16.59,3.0,3.0,0.0,0.0
Bhoopali#4,Bhoopali,P G R G,Bhoopali/train_[oOjWM7td-gg]_chunk4.mp3,oOjWM7td-gg,18.63,19.08,3.0,3.0,0.0,0.0
Bhoopali#4,Bhoopali,P G R G,Bhoopali/train_[oOjWM7td-gg]_chunk4.mp3,oOjWM7td-gg,17.32,17.6,3.0,3.0,0.0,0.0
Bhoopali#4,Bhoopali,P G R G,Bhoopali/train_[oOjWM7td-gg]_chunk4.mp3,oOjWM7td-gg,18.19,18.56,3.0,3.0,0.0,0.0
Bhoopali#4,Bhoopali,P G R G,Bhoopali/train_[oOjWM7td-gg]_chunk4.mp3,oOjWM7td-gg,2.06,2.86,3.0,3.0,0.0,0.0
Bhoopali#4,Bhoopali,P G R G,Bhoopali/train_[bRuEg0dmbgI]_chunk0.mp3,bRuEg0dmbgI,16.43,17.08,3.029,3.0,0.029,0.0
Bhoopali#4,Bhoopali,P G R G,Bhoopali/train_[LZ8BJfU-7t8]_chunk2.mp3,LZ8BJfU-7t8,9.1,9.65,3.037,3.0,0.0,0.037
Bhoopali#4,Bhoopali,P G R G,Bhoopali/train_[LZ8BJfU-7t8]_chunk4.mp3,LZ8BJfU-7t8,9.0,9.3,3.059,3.0,0.059,0.0
Bhoopali#4,Bhoopali,P G R G,Bhoopali/train_[Swxz9gzIdtY]_chunk1.mp3,Swxz9gzIdtY,6.12,6.44,3.111,3.0,0.111,0.0
Bhoopali#4,Bhoopali,P G R G,Bhoopali/train_[bRuEg0dmbgI]_chunk0.mp3,bRuEg0dmbgI,6.81,7.36,3.129,3.0,0.0,0.129
Bhoopali#4,Bhoopali,P G R G,Bhoopali/train_[6NQ8FaBC5zI]_chunk1.mp3,6NQ8FaBC5zI,9.9,11.31,3.143,3.0,0.039,0.104
Bhoopali#4,Bhoopali,P G R G,Bhoopali/train_[6NQ8FaBC5zI]_chunk1.mp3,6NQ8FaBC5zI,6.49,6.99,3.143,3.0,0.0,0.143
Bhoopali#4,Bhoopali,P G R G,Bhoopali/train_[LZ8BJfU-7t8]_chunk0.mp3,LZ8BJfU-7t8,3.95,4.46,3.143,3.0,0.0,0.143
Bhoopali#4,Bhoopali,P G R G,Bhoopali/train_[LZ8BJfU-7t8]_chunk4.mp3,LZ8BJfU-7t8,9.44,10.88,3.148,3.0,0.0,0.148
Bhoopali#4,Bhoopali,P G R G,Bhoopali/train_[6NQ8FaBC5zI]_chunk0.mp3,6NQ8FaBC5zI,9.87,11.29,3.15,3.0,0.0,0.15
Bhoopali#4,Bhoopali,P G R G,Bhoopali/train_[LZ8BJfU-7t8]_chunk0.mp3,LZ8BJfU-7t8,6.22,7.43,3.176,3.0,0.0,0.176
Bhoopali#4,Bhoopali,P G R G,Bhoopali/train_[Swxz9gzIdtY]_chunk2.mp3,Swxz9gzIdtY,0.84,1.33,3.179,3.0,0.179,0.0
Bhoopali#4,Bhoopali,P G R G,Bhoopali/train_[LZ8BJfU-7t8]_chunk2.mp3,LZ8BJfU-7t8,4.91,5.3,3.182,3.0,0.0,0.182
Bhoopali#4,Bhoopali,P G R G,Bhoopali/train_[Swxz9gzIdtY]_chunk3.mp3,Swxz9gzIdtY,2.1,2.38,3.188,3.0,0.0,0.188
Bhoopali#4,Bhoopali,P G R G,Bhoopali/train_[bRuEg0dmbgI]_chunk0.mp3,bRuEg0dmbgI,2.15,2.7,3.194,3.0,0.0,0.194
Bhoopali#4,Bhoopali,P G R G,Bhoopali/train_[LZ8BJfU-7t8]_chunk1.mp3,LZ8BJfU-7t8,18.67,19.48,3.195,3.0,0.122,0.073
Bhoopali#4,Bhoopali,P G R G,Bhoopali/train_[LZ8BJfU-7t8]_chunk1.mp3,LZ8BJfU-7t8,13.85,14.95,3.21,3.0,0.0,0.21
Bhoopali#4,Bhoopali,P G R G,Bhoopali/train_[6NQ8FaBC5zI]_chunk0.mp3,6NQ8FaBC5zI,17.53,17.87,3.211,3.0,0.0,0.211
Bhoopali#4,Bhoopali,P G R G,Bhoopali/train_[LZ8BJfU-7t8]_chunk3.mp3,LZ8BJfU-7t8,8.62,9.17,3.226,3.0,0.065,0.161
Bhoopali#4,Bhoopali,P G R G,Bhoopali/train_[LZ8BJfU-7t8]_chunk1.mp3,LZ8BJfU-7t8,2.67,3.25,3.238,3.0,0.0,0.238
Bhoopali#4,Bhoopali,P G R G,Bhoopali/train_[LZ8BJfU-7t8]_chunk2.mp3,LZ8BJfU-7t8,7.41,7.86,3.24,3.0,0.0,0.24
Bhoopali#4,Bhoopali,P G R G,Bhoopali/train_[6NQ8FaBC5zI]_chunk0.mp3,6NQ8FaBC5zI,14.9,15.18,3.25,3.0,0.0,0.25
Bhoopali#4,Bhoopali,P G R G,Bhoopali/train_[6NQ8FaBC5zI]_chunk4.mp3,6NQ8FaBC5zI,3.13,3.63,3.263,3.0,0.0,0.263
Bhoopali#4,Bhoopali,P G R G,Bhoopali/train_[LZ8BJfU-7t8]_chunk3.mp3,LZ8BJfU-7t8,9.23,9.69,3.263,3.0,0.0,0.263
Bhoopali#4,Bhoopali,P G R G,Bhoopali/train_[Swxz9gzIdtY]_chunk4.mp3,Swxz9gzIdtY,12.68,13.19,3.276,3.0,0.138,0.138
Bhoopali#4,Bhoopali,P G R G,Bhoopali/train_[LZ8BJfU-7t8]_chunk1.mp3,LZ8BJfU-7t8,11.13,11.59,3.286,3.0,0.0,0.286
Bhoopali#4,Bhoopali,P G R G,Bhoopali/train_[LZ8BJfU-7t8]_chunk2.mp3,LZ8BJfU-7t8,0.27,0.75,3.296,3.0,0.148,0.148
Bhoopali#4,Bhoopali,P G R G,Bhoopali/train_[LZ8BJfU-7t8]_chunk4.mp3,LZ8BJfU-7t8,11.52,12.05,3.3,3.0,0.0,0.3
Bhoopali#4,Bhoopali,P G R G,Bhoopali/train_[LZ8BJfU-7t8]_chunk1.mp3,LZ8BJfU-7t8,19.63,19.96,3.312,3.0,0.0,0.312
Bhoopali#4,Bhoopali,P G R G,Bhoopali/train_[LZ8BJfU-7t8]_chunk4.mp3,LZ8BJfU-7t8,5.0,5.44,3.32,3.0,0.0,0.32
Bhoopali#4,Bhoopali,P G R G,Bhoopali/train_[Swxz9gzIdtY]_chunk4.mp3,Swxz9gzIdtY,12.25,12.75,3.393,3.0,0.107,0.286
Bhoopali#4,Bhoopali,P G R G,Bhoopali/train_[LZ8BJfU-7t8]_chunk3.mp3,LZ8BJfU-7t8,17.49,17.83,3.421,3.0,0.0,0.421
Bhoopali#4,Bhoopali,P G R G,Bhoopali/train_[StR7c5yTZkw]_chunk3.mp3,StR7c5yTZkw,10.51,11.32,3.435,3.0,0.174,0.261
Bhoopali#4,Bhoopali,P G R G,Bhoopali/train_[LZ8BJfU-7t8]_chunk3.mp3,LZ8BJfU-7t8,18.38,18.79,3.435,3.0,0.0,0.435
Bhoopali#4,Bhoopali,P G R G,Bhoopali/train_[6NQ8FaBC5zI]_chunk4.mp3,6NQ8FaBC5zI,17.72,18.08,3.45,3.0,0.0,0.45
Bhoopali#4,Bhoopali,P G R G,Bhoopali/train_[6NQ8FaBC5zI]_chunk4.mp3,6NQ8FaBC5zI,17.58,17.87,3.5,3.0,0.0,0.5
Bhoopali#4,Bhoopali,P G R G,Bhoopali/train_[LZ8BJfU-7t8]_chunk3.mp3,LZ8BJfU-7t8,19.66,20.0,3.579,3.0,0.0,0.579
Bhoopali#4,Bhoopali,P G R G,Bhoopali/train_[StR7c5yTZkw]_chunk3.mp3,StR7c5yTZkw,16.27,17.23,3.625,3.0,0.0,0.625
Bhoopali#4,Bhoopali,P G R G,Bhoopali/train_[StR7c5yTZkw]_chunk3.mp3,StR7c5yTZkw,21.9,23.04,3.625,3.0,0.0,0.625
Bhoopali#4,Bhoopali,P G R G,Bhoopali/train_[StR7c5yTZkw]_chunk3.mp3,StR7c5yTZkw,21.9,23.06,3.625,3.0,0.0,0.625
Bhoopali#4,Bhoopali,P G R G,Bhoopali/train_[StR7c5yTZkw]_chunk3.mp3,StR7c5yTZkw,21.9,23.02,3.625,3.0,0.0,0.625
DarbariKanada#0,DarbariKanada,S R g R g,DarbariKanada/train_[UJrKhIEQVM0]_chunk2.mp3,UJrKhIEQVM0,4.0,6.29,0.0,0.0,0.0,0.0
DarbariKanada#0,DarbariKanada,S R g R g,DarbariKanada/train_[UJrKhIEQVM0]_chunk2.mp3,UJrKhIEQVM0,4.0,12.41,0.0,0.0,0.0,0.0
DarbariKanada#0,DarbariKanada,S R g R g,DarbariKanada/train_[w94FZZn1WR4]_chunk1.mp3,w94FZZn1WR4,2.86,4.76,0.019,0.0,0.019,0.0
DarbariKanada#0,DarbariKanada,S R g R g,DarbariKanada/train_[FbKY_if4s_s]_chunk2.mp3,FbKY_if4s_s,16.53,16.96,0.02,0.02,0.0,0.0
DarbariKanada#0,DarbariKanada,S R g R g,DarbariKanada/train_[UJrKhIEQVM0]_chunk2.mp3,UJrKhIEQVM0,0.0,0.94,0.021,0.021,0.0,0.0
DarbariKanada#0,DarbariKanada,S R g R g,DarbariKanada/train_[UJrKhIEQVM0]_chunk4.mp3,UJrKhIEQVM0,10.76,11.31,0.071,0.071,0.0,0.0
DarbariKanada#0,DarbariKanada,S R g R g,DarbariKanada/train_[9tHmbMWStuM]_chunk1.mp3,9tHmbMWStuM,2.19,2.7,0.073,0.073,0.0,0.0
DarbariKanada#0,DarbariKanada,S R g R g,DarbariKanada/train_[LJgaxfjQBzc]_chunk3.mp3,LJgaxfjQBzc,23.96,24.39,0.094,0.053,0.042,0.0
DarbariKanada#0,DarbariKanada,S R g R g,DarbariKanada/train_[FbKY_if4s_s]_chunk0.mp3,FbKY_if4s_s,27.4,27.95,0.13,0.13,0.0,0.0
DarbariKanada#0,DarbariKanada,S R g R g,DarbariKanada/train_[UJrKhIEQVM0]_chunk4.mp3,UJrKhIEQVM0,5.85,6.79,0.132,0.079,0.053,0.0
DarbariKanada#0,DarbariKanada,S R g R g,DarbariKanada/train_[w94FZZn1WR4]_chunk3.mp3,w94FZZn1WR4,17.23,17.92,0.153,0.153,0.0,0.0
DarbariKanada#0,DarbariKanada,S R g R g,DarbariKanada/train_[9tHmbMWStuM]_chunk0.mp3,9tHmbMWStuM,12.04,12.82,0.155,0.155,0.0,0.0
DarbariKanada#0,DarbariKanada,S R g R g,DarbariKanada/train_[FbKY_if4s_s]_chunk0.mp3,FbKY_if4s_s,27.4,29.28,0.17,0.045,0.125,0.0
DarbariKanada#0,DarbariKanada,S R g R g,DarbariKanada/train_[UJrKhIEQVM0]_chunk3.mp3,UJrKhIEQVM0,9.96,10.42,0.171,0.171,0.0,0.0
DarbariKanada#0,DarbariKanada,S R g R g,DarbariKanada/train_[FbKY_if4s_s]_chunk0.mp3,FbKY_if4s_s,26.92,27.64,0.181,0.13,0.051,0.0
DarbariKanada#0,DarbariKanada,S R g R g,DarbariKanada/train_[FbKY_if4s_s]_chunk0.mp3,FbKY_if4s_s,11.25,11.82,0.191,0.191,0.0,0.0
DarbariKanada#0,DarbariKanada,S R g R g,DarbariKanada/train_[LJgaxfjQBzc]_chunk0.mp3,LJgaxfjQBzc,6.79,7.86,0.211,0.079,0.132,0.0
DarbariKanada#0,DarbariKanada,S R g R g,DarbariKanada/train_[UJrKhIEQVM0]_chunk4.mp3,UJrKhIEQVM0,0.04,0.46,0.229,0.229,0.0,0.0
DarbariKanada#0,DarbariKanada,S R g R g,DarbariKanada/train_[w94FZZn1WR4]_chunk3.mp3,w94FZZn1WR4,1.55,2.51,0.244,0.244,0.0,0.0
DarbariKanada#0,DarbariKanada,S R g R g,DarbariKanada/train_[9tHmbMWStuM]_chunk1.mp3,9tHmbMWStuM,8.44,9.97,0.245,0.245,0.0,0.0
DarbariKanada#0,DarbariKanada,S R g R g,DarbariKanada/train_[FbKY_if4s_s]_chunk0.mp3,FbKY_if4s_s,25.21,25.72,0.27,0.27,0.0,0.0
DarbariKanada#0,DarbariKanada,S R g R g,DarbariKanada/train_[LJgaxfjQBzc]_chunk1.mp3,LJgaxfjQBzc,16.66,17.28,0.276,0.164,0.0,0.111
DarbariKanada#0,DarbariKanada,S R g R g,DarbariKanada/train_[UJrKhIEQVM0]_chunk4.mp3,UJrKhIEQVM0,5.85,8.11,0.297,0.279,0.018,0.0
DarbariKanada#0,DarbariKanada,S R g R g,DarbariKanada/train_[UJrKhIEQVM0]_chunk2.mp3,UJrKhIEQVM0,4.0,4.64,0.308,0.308,0.0,0.0
DarbariKanada#0,DarbariKanada,S R g R g,DarbariKanada/train_[LJgaxfjQBzc]_chunk3.mp3,LJgaxfjQBzc,17.42,17.97,0.336,0.265,0.071,0.0
DarbariKanada#0,DarbariKanada,S R g R g,DarbariKanada/train_[UJrKhIEQVM0]_chunk4.mp3,UJrKhIEQVM0,1.67,2.24,0.392,0.392,0.0,0.0
DarbariKanada#0,DarbariKanada,S R g R g,DarbariKanada/train_[UJrKhIEQVM0]_chunk0.mp3,UJrKhIEQVM0,5.05,5.72,0.429,0.4,0.029,0.0
DarbariKanada#0,DarbariKanada,S R g R g,DarbariKanada/train_[LJgaxfjQBzc]_chunk0.mp3,LJgaxfjQBzc,1.16,1.81,0.429,0.429,0.0,0.0
DarbariKanada#0,DarbariKanada,S R g R g,DarbariKanada/train_[FbKY_if4s_s]_chunk1.mp3,FbKY_if4s_s,22.86,23.86,0.441,0.441,0.0,0.0
DarbariKanada#0,DarbariKanada,S R g R g,DarbariKanada/train_[w94FZZn1WR4]_chunk1.mp3,w94FZZn1WR4,17.8,18.95,0.494,0.494,0.0,0.0
DarbariKanada#0,DarbariKanada,S R g R g,DarbariKanada/train_[FbKY_if4s_s]_chunk2.mp3,FbKY_if4s_s,31.98,32.41,0.57,0.57,0.0,0.0
DarbariKanada#0,DarbariKanada,S R g R g,DarbariKanada/train_[FbKY_if4s_s]_chunk4.mp3,FbKY_if4s_s,3.45,3.95,0.591,0.591,0.0,0.0
DarbariKanada#0,DarbariKanada,S R g R g,DarbariKanada/train_[9tHmbMWStuM]_chunk1.mp3,9tHmbMWStuM,2.74,3.86,0.595,0.595,0.0,0.0
DarbariKanada#0,DarbariKanada,S R g R g,DarbariKanada/train_[UJrKhIEQVM0]_chunk0.mp3,UJrKhIEQVM0,9.14,9.55,0.608,0.608,0.0,0.0
DarbariKanada#0,DarbariKanada,S R g R g,DarbariKanada/train_[FbKY_if4s_s]_chunk4.mp3,FbKY_if4s_s,2.33,2.86,0.617,0.45,0.167,0.0
DarbariKanada#0,DarbariKanada,S R g R g,DarbariKanada/train_[w94FZZn1WR4]_chunk3.mp3,w94FZZn1WR4,3.13,3.56,0.619,0.494,0.125,0.0
DarbariKanada#0,DarbariKanada,S R g R g,DarbariKanada/train_[FbKY_if4s_s]_chunk1.mp3,FbKY_if4s_s,30.38,30.88,0.644,0.459,0.185,0.0
DarbariKanada#0,DarbariKanada,S R g R g,DarbariKanada/train_[FbKY_if4s_s]_chunk4.mp3,FbKY_if4s_s,5.88,6.31,0.646,0.48,0.167,0.0
DarbariKanada#0,DarbariKanada,S R g R g,DarbariKanada/train_[w94FZZn1WR4]_chunk3.mp3,w94FZZn1WR4,8.76,9.72,0.687,0.594,0.093,0.0
DarbariKanada#0,DarbariKanada,S R g R g,DarbariKanada/train_[FbKY_if4s_s]_chunk3.mp3,FbKY_if4s_s,28.73,29.58,0.712,0.67,0.042,0.0
DarbariKanada#0,DarbariKanada,S R g R g,DarbariKanada/train_[LJgaxfjQBzc]_chunk2.mp3,LJgaxfjQBzc,13.97,14.58,0.739,0.621,0.118,0.0
DarbariKanada#0,DarbariKanada,S R g R g,DarbariKanada/train_[w94FZZn1WR4]_chunk1.mp3,w94FZZn1WR4,12.92,14.58,0.744,0.744,0.0,0.0
DarbariKanada#0,DarbariKanada,S R g R g,DarbariKanada/train_[FbKY_if4s_s]_chunk3.mp3,FbKY_if4s_s,24.73,25.49,0.75,0.433,0.293,0.024
DarbariKanada#0,DarbariKanada,S R g R g,DarbariKanada/train_[FbKY_if4s_s]_chunk3.mp3,FbKY_if4s_s,6.6,7.32,0.793,0.427,0.366,0.0
DarbariKanada#0,DarbariKanada,S R g R g,DarbariKanada/train_[w94FZZn1WR4]_chunk4.mp3,w94FZZn1WR4,1.87,2.6,0.813,0.744,0.069,0.0
DarbariKanada#0,DarbariKanada,S R g R g,DarbariKanada/train_[w94FZZn1WR4]_chunk1.mp3,w94FZZn1WR4,2.86,4.11,0.825,0.794,0.031,0.0
DarbariKanada#0,DarbariKanada,S R g R g,DarbariKanada/train_[FbKY_if4s_s]_chunk1.mp3,FbKY_if4s_s,25.72,26.15,0.841,0.841,0.0,0.0
DarbariKanada#0,DarbariKanada,S R g R g,DarbariKanada/train_[FbKY_if4s_s]_chunk1.mp3,FbKY_if4s_s,28.78,29.28,0.855,0.73,0.125,0.0
DarbariKanada#0,DarbariKanada,S R g R g,DarbariKanada/train_[LJgaxfjQBzc]_chunk2.mp3,LJgaxfjQBzc,17.92,19.38,0.879,0.879,0.0,0.0
DarbariKanada#0,DarbariKanada,S R g R g,DarbariKanada/train_[FbKY_if4s_s]_chunk4.mp3,FbKY_if4s_s,7.11,7.89,0.891,0.891,0.0,0.0
DarbariKanada#0,DarbariKanada,S R g R g,DarbariKanada/train_[w94FZZn1WR4]_chunk3.mp3,w94FZZn1WR4,14.22,14.88,0.894,0.894,0.0,0.0
DarbariKanada#0,DarbariKanada,S R g R g,DarbariKanada/train_[w94FZZn1WR4]_chunk2.mp3,w94FZZn1WR4,15.59,16.12,0.894,0.894,0.0,0.0
DarbariKanada#0,DarbariKanada,S R g R g,DarbariKanada/train_[LJgaxfjQBzc]_chunk3.mp3,LJgaxfjQBzc,15.41,15.82,0.958,0.871,0.087,0.0
DarbariKanada#0,DarbariKanada,S R g R g,DarbariKanada/train_[FbKY_if4s_s]_chunk3.mp3,FbKY_if4s_s,18.74,19.15,0.984,0.941,0.0,0.043
DarbariKanada#0,DarbariKanada,S R g R g,DarbariKanada/train_[w94FZZn1WR4]_chunk2.mp3,w94FZZn1WR4,16.53,17.01,0.994,0.994,0.0,0.0
DarbariKanada#0,DarbariKanada,S R g R g,DarbariKanada/train_[w94FZZn1WR4]_chunk4.mp3,w94FZZn1WR4,1.07,1.62,0.994,0.994,0.0,0.0
DarbariKanada#0,DarbariKanada,S R g R g,DarbariKanada/train_[LJgaxfjQBzc]_chunk0.mp3,LJgaxfjQBzc,11.86,12.39,0.998,0.929,0.0,0.069
DarbariKanada#0,DarbariKanada,S R g R g,DarbariKanada/train_[IKNN8CIF_as]_chunk1.mp3,IKNN8CIF_as,9.85,10.95,1.018,1.018,0.0,0.0
DarbariKanada#0,DarbariKanada,S R g R g,DarbariKanada/train_[w94FZZn1WR4]_chunk0.mp3,w94FZZn1WR4,19.45,19.88,1.044,1.044,0.0,0.0
DarbariKanada#0,DarbariKanada,S R g R g,DarbariKanada/train_[FbKY_if4s_s]_chunk3.mp3,FbKY_if4s_s,8.62,9.19,1.081,0.8,0.281,0.0
DarbariKanada#0,DarbariKanada,S R g R g,DarbariKanada/train_[w94FZZn1WR4]_chunk0.mp3,w94FZZn1WR4,6.68,8.37,1.094,1.094,0.0,0.0
DarbariKanada#0,DarbariKanada,S R g R g,DarbariKanada/train_[w94FZZn1WR4]_chunk2.mp3,w94FZZn1WR4,4.02,4.64,1.094,1.094,0.0,0.0
DarbariKanada#0,DarbariKanada,S R g R g,DarbariKanada/train_[w94FZZn1WR4]_chunk4.mp3,w94FZZn1WR4,18.7,19.47,1.094,1.094,0.0,0.0
DarbariKanada#0,DarbariKanada,S R g R g,DarbariKanada/train_[w94FZZn1WR4]_chunk4.mp3,w94FZZn1WR4,2.6,3.06,1.094,1.094,0.0,0.0
DarbariKanada#0,DarbariKanada,S R g R g,DarbariKanada/train_[FbKY_if4s_s]_chunk4.mp3,FbKY_if4s_s,19.24,19.95,1.109,0.659,0.4,0.05
DarbariKanada#0,DarbariKanada,S R g R g,DarbariKanada/train_[w94FZZn1WR4]_chunk4.mp3,w94FZZn1WR4,13.62,14.13,1.136,1.094,0.042,0.0
DarbariKanada#0,DarbariKanada,S R g R g,DarbariKanada/train_[UJrKhIEQVM0]_chunk3.mp3,UJrKhIEQVM0,9.6,10.19,1.139,1.108,0.031,0.0
DarbariKanada#0,DarbariKanada,S R g R g,DarbariKanada/train_[LJgaxfjQBzc]_chunk3.mp3,LJgaxfjQBzc,28.82,29.28,1.156,1.036,0.12,0.0
DarbariKanada#0,DarbariKanada,S R g R g,DarbariKanada/train_[IKNN8CIF_as]_chunk4.mp3,IKNN8CIF_as,18.97,19.38,1.182,1.182,0.0,0.0
DarbariKanada#0,DarbariKanada,S R g R g,DarbariKanada/train_[w94FZZn1WR4]_chunk2.mp3,w94FZZn1WR4,4.02,6.04,1.188,1.144,0.044,0.0
DarbariKanada#0,DarbariKanada,S R g R g,DarbariKanada/train_[w94FZZn1WR4]_chunk2.mp3,w94FZZn1WR4,12.84,13.48,1.189,1.106,0.0,0.083
DarbariKanada#0,DarbariKanada,S R g R g,DarbariKanada/train_[w94FZZn1WR4]_chunk0.mp3,w94FZZn1WR4,6.68,7.08,1.194,1.194,0.0,0.0
DarbariKanada#0,DarbariKanada,S R g R g,DarbariKanada/train_[UJrKhIEQVM0]_chunk1.mp3,UJrKhIEQVM0,14.72,15.08,1.208,1.208,0.0,0.0
DarbariKanada#0,DarbariKanada,S R g R g,DarbariKanada/train_[w94FZZn1WR4]_chunk1.mp3,w94FZZn1WR4,10.72,11.24,1.244,1.244,0.0,0.0
DarbariKanada#0,DarbariKanada,S R g R g,DarbariKanada/train_[UJrKhIEQVM0]_chunk3.mp3,UJrKhIEQVM0,10.49,10.84,1.258,1.258,0.0,0.0
DarbariKanada#0,DarbariKanada,S R g R g,DarbariKanada/train_[LJgaxfjQBzc]_chunk4.mp3,LJgaxfjQBzc,20.71,21.28,1.279,1.079,0.2,0.0
DarbariKanada#0,DarbariKanada,S R g R g,DarbariKanada/train_[LJgaxfjQBzc]_chunk4.mp3,LJgaxfjQBzc,21.01,21.65,1.396,0.979,0.361,0.056
DarbariKanada#0,DarbariKanada,S R g R g,DarbariKanada/train_[LJgaxfjQBzc]_chunk2.mp3,LJgaxfjQBzc,17.92,18.35,1.429,1.429,0.0,0.0
DarbariKanada#0,DarbariKanada,S R g R g,DarbariKanada/train_[FbKY_if4s_s]_chunk1.mp3,FbKY_if4s_s,20.57,20.94,1.457,1.409,0.048,0.0
DarbariKanada#0,DarbariKanada,S R g R g,DarbariKanada/train_[LJgaxfjQBzc]_chunk3.mp3,LJgaxfjQBzc,26.68,27.13,1.521,0.521,0.0,0.0
DarbariKanada#0,DarbariKanada,S R g R g,DarbariKanada/train_[UJrKhIEQVM0]_chunk0.mp3,UJrKhIEQVM0,2.54,3.29,1.575,1.242,0.333,0.0
DarbariKanada#0,DarbariKanada,S R g R g,DarbariKanada/train_[9tHmbMWStuM]_chunk1.mp3,9tHmbMWStuM,8.44,8.89,1.655,1.655,0.0,0.0
DarbariKanada#0,DarbariKanada,S R g R g,DarbariKanada/train_[LJgaxfjQBzc]_chunk2.mp3,LJgaxfjQBzc,13.55,13.96,1.674,1.629,0.045,0.0
DarbariKanada#0,DarbariKanada,S R g R g,DarbariKanada/train_[w94FZZn1WR4]_chunk0.mp3,w94FZZn1WR4,19.02,19.63,1.694,1.694,0.0,0.0
DarbariKanada#0,DarbariKanada,S R g R g,DarbariKanada/train_[LJgaxfjQBzc]_chunk2.mp3,LJgaxfjQBzc,15.73,16.27,1.704,1.371,0.333,0.0
DarbariKanada#0,DarbariKanada,S R g R g,DarbariKanada/train_[9tHmbMWStuM]_chunk0.mp3,9tHmbMWStuM,16.84,17.76,1.732,1.655,0.077,0.0
DarbariKanada#0,DarbariKanada,S R g R g,DarbariKanada/train_[UJrKhIEQVM0]_chunk1.mp3,UJrKhIEQVM0,14.72,16.0,1.786,1.258,0.528,0.0
DarbariKanada#0,DarbariKanada,S R g R g,DarbariKanada/train_[LJgaxfjQBzc]_chunk4.mp3,LJgaxfjQBzc,26.81,27.22,1.809,1.679,0.13,0.0
DarbariKanada#0,DarbariKanada,S R g R g,DarbariKanada/train_[LJgaxfjQBzc]_chunk0.mp3,LJgaxfjQBzc,27.93,28.28,1.871,1.871,0.0,0.0
DarbariKanada#0,DarbariKanada,S R g R g,DarbariKanada/train_[LJgaxfjQBzc]_chunk1.mp3,LJgaxfjQBzc,6.12,6.54,1.877,1.836,0.042,0.0
DarbariKanada#0,DarbariKanada,S R g R g,DarbariKanada/train_[LJgaxfjQBzc]_chunk4.mp3,LJgaxfjQBzc,10.6,11.38,1.904,1.529,0.325,0.05
DarbariKanada#0,DarbariKanada,S R g R g,DarbariKanada/train_[w94FZZn1WR4]_chunk0.mp3,w94FZZn1WR4,6.15,6.68,2.006,2.006,0.0,0.0
DarbariKanada#0,DarbariKanada,S R g R g,DarbariKanada/train_[FbKY_if4s_s]_chunk2.mp3,FbKY_if4s_s,30.4,31.22,2.041,1.041,0.0,0.0
DarbariKanada#0,DarbariKanada,S R g R g,DarbariKanada/train_[IKNN8CIF_as]_chunk1.mp3,IKNN8CIF_as,18.47,18.9,2.068,2.068,0.0,0.0
DarbariKanada#0,DarbariKanada,S R g R g,DarbariKanada/train_[IKNN8CIF_as]_chunk1.mp3,IKNN8CIF_as,9.81,10.17,2.368,2.368,0.0,0.0
DarbariKanada#0,DarbariKanada,S R g R g,DarbariKanada/train_[9tHmbMWStuM]_chunk4.mp3,9tHmbMWStuM,11.56,12.2,2.421,1.355,0.0,0.067
DarbariKanada#0,DarbariKanada,S R g R g,DarbariKanada/train_[9tHmbMWStuM]_chunk0.mp3,9tHmbMWStuM,18.26,19.31,2.445,2.445,0.0,0.0
DarbariKanada#0,DarbariKanada,S R g R g,DarbariKanada/train_[9tHmbMWStuM]_chunk0.mp3,9tHmbMWStuM,18.22,18.58,2.495,2.495,0.0,0.0
DarbariKanada#0,DarbariKanada,S R g R g,DarbariKanada/train_[IKNN8CIF_as]_chunk3.mp3,IKNN8CIF_as,5.32,6.03,2.568,2.518,0.0,0.05
DarbariKanada#0,DarbariKanada,S R g R g,DarbariKanada/train_[IKNN8CIF_as]_chunk4.mp3,IKNN8CIF_as,15.27,15.63,2.568,2.568,0.0,0.0
DarbariKanada#0,DarbariKanada,S R g R g,DarbariKanada/train_[LJgaxfjQBzc]_chunk1.mp3,LJgaxfjQBzc,0.14,0.5,2.571,2.571,0.0,0.0
DarbariKanada#0,DarbariKanada,S R g R g,DarbariKanada/train_[IKNN8CIF_as]_chunk2.mp3,IKNN8CIF_as,10.4,10.83,2.623,2.332,0.167,0.125
DarbariKanada#0,DarbariKanada,S R g R g,DarbariKanada/train_[9tHmbMWStuM]_chunk1.mp3,9tHmbMWStuM,1.01,1.39,2.645,2.645,0.0,0.0
DarbariKanada#0,DarbariKanada,S R g R g,DarbariKanada/train_[LJgaxfjQBzc]_chunk0.mp3,LJgaxfjQBzc,12.94,13.58,2.704,1.621,0.083,0.0
DarbariKanada#0,DarbariKanada,S R g R g,DarbariKanada/train_[9tHmbMWStuM]_chunk0.mp3,9tHmbMWStuM,16.76,17.12,2.755,2.755,0.0,0.0
DarbariKanada#0,DarbariKanada,S R g R g,DarbariKanada/train_[UJrKhIEQVM0]_chunk0.mp3,UJrKhIEQVM0,13.99,14.36,2.821,2.821,0.0,0.0
DarbariKanada#0,DarbariKanada,S R g R g,DarbariKanada/train_[IKNN8CIF_as]_chunk2.mp3,IKNN8CIF_as,2.95,3.31,2.868,2.868,0.0,0.0
DarbariKanada#0,DarbariKanada,S R g R g,DarbariKanada/train_[IKNN8CIF_as]_chunk2.mp3,IKNN8CIF_as,13.3,13.65,2.868,2.868,0.0,0.0
DarbariKanada#0,DarbariKanada,S R g R g,DarbariKanada/train_[IKNN8CIF_as]_chunk2.mp3,IKNN8CIF_as,2.72,3.08,2.868,2.868,0.0,0.0
DarbariKanada#0,DarbariKanada,S R g R g,DarbariKanada/train_[IKNN8CIF_as]_chunk2.mp3,IKNN8CIF_as,3.15,3.5,2.868,2.868,0.0,0.0
DarbariKanada#0,DarbariKanada,S R g R g,DarbariKanada/train_[UJrKhIEQVM0]_chunk3.mp3,UJrKhIEQVM0,17.88,18.24,2.921,2.921,0.0,0.0
DarbariKanada#0,DarbariKanada,S R g R g,DarbariKanada/train_[IKNN8CIF_as]_chunk0.mp3,IKNN8CIF_as,0.21,0.89,2.932,2.932,0.0,0.0
DarbariKanada#0,DarbariKanada,S R g R g,DarbariKanada/train_[IKNN8CIF_as]_chunk4.mp3,IKNN8CIF_as,0.14,0.91,2.932,2.932,0.0,0.0
DarbariKanada#0,DarbariKanada,S R g R g,DarbariKanada/train_[UJrKhIEQVM0]_chunk0.mp3,UJrKhIEQVM0,3.95,4.52,2.965,2.871,0.094,0.0
DarbariKanada#0,DarbariKanada,S R g R g,DarbariKanada/train_[9tHmbMWStuM]_chunk2.mp3,9tHmbMWStuM,2.84,3.61,3.0,3.0,0.0,0.0
DarbariKanada#0,DarbariKanada,S R g R g,DarbariKanada/train_[9tHmbMWStuM]_chunk2.mp3,9tHmbMWStuM,2.84,3.82,3.0,3.0,0.0,0.0
DarbariKanada#0,DarbariKanada,S R g R g,DarbariKanada/train_[9tHmbMWStuM]_chunk3.mp3,9tHmbMWStuM,11.95,12.3,3.0,3.0,0.0,0.0
DarbariKanada#0,DarbariKanada,S R g R g,DarbariKanada/train_[9tHmbMWStuM]_chunk3.mp3,9tHmbMWStuM,12.6,12.96,3.0,3.0,0.0,0.0
DarbariKanada#0,DarbariKanada,S R g R g,DarbariKanada/train_[9tHmbMWStuM]_chunk4.mp3,9tHmbMWStuM,0.0,0.36,3.0,3.0,0.0,0.0
DarbariKanada#0,DarbariKanada,S R g R g,DarbariKanada/train_[9tHmbMWStuM]_chunk4.mp3,9tHmbMWStuM,0.71,2.04,3.0,3.0,0.0,0.0
DarbariKanada#0,DarbariKanada,S R g R g,DarbariKanada/train_[9tHmbMWStuM]_chunk4.mp3,9tHmbMWStuM,0.71,2.06,3.0,3.0,0.0,0.0
DarbariKanada#0,DarbariKanada,S R g R g,DarbariKanada/train_[9tHmbMWStuM]_chunk4.mp3,9tHmbMWStuM,0.73,2.08,3.0,3.0,0.0,0.0
DarbariKanada#0,DarbariKanada,S R g R g,DarbariKanada/train_[FbKY_if4s_s]_chunk2.mp3,FbKY_if4s_s,31.41,31.86,3.0,3.0,0.0,0.0
DarbariKanada#0,DarbariKanada,S R g R g,DarbariKanada/train_[FbKY_if4s_s]_chunk2.mp3,FbKY_if4s_s,31.16,31.61,3.0,3.0,0.0,0.0
DarbariKanada#0,DarbariKanada,S R g R g,DarbariKanada/train_[IKNN8CIF_as]_chunk0.mp3,IKNN8CIF_as,0.0,0.43,3.0,3.0,0.0,0.0
DarbariKanada#0,DarbariKanada,S R g R g,DarbariKanada/train_[IKNN8CIF_as]_chunk0.mp3,IKNN8CIF_as,16.32,17.67,3.0,3.0,0.0,0.0
DarbariKanada#0,DarbariKanada,S R g R g,DarbariKanada/train_[IKNN8CIF_as]_chunk0.mp3,IKNN8CIF_as,8.59,9.94,3.0,3.0,0.0,0.0
DarbariKanada#0,DarbariKanada,S R g R g,DarbariKanada/train_[IKNN8CIF_as]_chunk0.mp3,IKNN8CIF_as,8.6,9.96,3.0,3.0,0.0,0.0
DarbariKanada#0,DarbariKanada,S R g R g,DarbariKanada/train_[IKNN8CIF_as]_chunk1.mp3,IKNN8CIF_as,3.93,4.28,3.0,3.0,0.0,0.0
DarbariKanada#0,DarbariKanada,S R g R g,DarbariKanada/train_[IKNN8CIF_as]_chunk3.mp3,IKNN8CIF_as,0.12,0.48,3.0,3.0,0.0,0.0
DarbariKanada#0,DarbariKanada,S R g R g,DarbariKanada/train_[IKNN8CIF_as]_chunk4.mp3,IKNN8CIF_as,0.69,1.23,3.0,3.0,0.0,0.0
DarbariKanada#0,DarbariKanada,S R g R g,DarbariKanada/train_[IKNN8CIF_as]_chunk4.mp3,IKNN8CIF_as,0.02,0.37,3.0,3.0,0.0,0.0
DarbariKanada#0,DarbariKanada,S R g R g,DarbariKanada/train_[UJrKhIEQVM0]_chunk1.mp3,UJrKhIEQVM0,11.79,13.14,3.0,3.0,0.0,0.0
DarbariKanada#0,DarbariKanada,S R g R g,DarbariKanada/train_[UJrKhIEQVM0]_chunk1.mp3,UJrKhIEQVM0,11.77,13.12,3.0,3.0,0.0,0.0
DarbariKanada#0,DarbariKanada,S R g R g,DarbariKanada/train_[UJrKhIEQVM0]_chunk1.mp3,UJrKhIEQVM0,11.93,13.28,3.0,3.0,0.0,0.0
DarbariKanada#0,DarbariKanada,S R g R g,DarbariKanada/train_[UJrKhIEQVM0]_chunk2.mp3,UJrKhIEQVM0,1.72,2.1,3.0,3.0,0.0,0.0
DarbariKanada#0,DarbariKanada,S R g R g,DarbariKanada/train_[UJrKhIEQVM0]_chunk3.mp3,UJrKhIEQVM0,6.42,6.81,3.0,3.0,0.0,0.0
DarbariKanada#0,DarbariKanada,S R g R g,DarbariKanada/train_[9tHmbMWStuM]_chunk3.mp3,9tHmbMWStuM,12.34,12.73,3.091,3.0,0.091,0.0
DarbariKanada#0,DarbariKanada,S R g R g,DarbariKanada/train_[LJgaxfjQBzc]_chunk1.mp3,LJgaxfjQBzc,1.9,2.42,3.103,3.0,0.0,0.103
DarbariKanada#0,DarbariKanada,S R g R g,DarbariKanada/train_[IKNN8CIF_as]_chunk1.mp3,IKNN8CIF_as,18.47,19.95,3.134,3.0,0.012,0.122
DarbariKanada#0,DarbariKanada,S R g R g,DarbariKanada/train_[IKNN8CIF_as]_chunk3.mp3,IKNN8CIF_as,1.37,2.1,3.22,3.0,0.024,0.195
DarbariKanada#0,DarbariKanada,S R g R g,DarbariKanada/train_[LJgaxfjQBzc]_chunk4.mp3,LJgaxfjQBzc,7.25,7.8,3.233,3.0,0.0,0.233
DarbariKanada#0,DarbariKanada,S R g R g,DarbariKanada/train_[9tHmbMWStuM]_chunk2.mp3,9tHmbMWStuM,18.15,18.6,3.235,2.955,0.2,0.08
DarbariKanada#0,DarbariKanada,S R g R g,DarbariKanada/train_[IKNN8CIF_as]_chunk3.mp3,IKNN8CIF_as,14.88,16.23,3.25,3.0,0.0,0.25
DarbariKanada#0,DarbariKanada,S R g R g,DarbariKanada/train_[IKNN8CIF_as]_chunk3.mp3,IKNN8CIF_as,3.59,3.95,3.25,3.0,0.0,0.25
DarbariKanada#0,DarbariKanada,S R g R g,DarbariKanada/train_[9tHmbMWStuM]_chunk3.mp3,9tHmbMWStuM,14.22,14.72,3.269,3.0,0.115,0.154
DarbariKanada#0,DarbariKanada,S R g R g,DarbariKanada/train_[9tHmbMWStuM]_chunk2.mp3,9tHmbMWStuM,15.56,16.0,3.286,3.0,0.0,0.286
DarbariKanada#0,DarbariKanada,S R g R g,DarbariKanada/train_[LJgaxfjQBzc]_chunk1.mp3,LJgaxfjQBzc,26.52,27.0,3.296,3.0,0.0,0.296
DarbariKanada#0,DarbariKanada,S R g R g,DarbariKanada/train_[9tHmbMWStuM]_chunk3.mp3,9tHmbMWStuM,16.0,16.52,3.346,3.0,0.0,0.346
DarbariKanada#0,DarbariKanada,S R g R g,DarbariKanada/train_[9tHmbMWStuM]_chunk2.mp3,9tHmbMWStuM,5.53,5.88,3.35,3.0,0.0,0.35
DarbariKanada#1,DarbariKanada,m P d P d n P,DarbariKanada/train_[IKNN8CIF_as]_chunk4.mp3,IKNN8CIF_as,5.6,6.76,0.303,0.166,0.137,0.0
DarbariKanada#1,DarbariKanada,m P d P d n P,DarbariKanada/train_[LJgaxfjQBzc]_chunk4.mp3,LJgaxfjQBzc,1.37,1.97,0.562,0.415,0.147,0.0
DarbariKanada#1,DarbariKanada,m P d P d n P,DarbariKanada/train_[FbKY_if4s_s]_chunk1.mp3,FbKY_if4s_s,4.62,5.3,0.827,0.709,0.118,0.0
DarbariKanada#1,DarbariKanada,m P d P d n P,DarbariKanada/train_[FbKY_if4s_s]_chunk1.mp3,FbKY_if4s_s,13.53,14.6,0.917,0.6,0.317,0.0
DarbariKanada#1,DarbariKanada,m P d P d n P,DarbariKanada/train_[FbKY_if4s_s]_chunk1.mp3,FbKY_if4s_s,4.91,5.74,0.993,0.759,0.234,0.0
DarbariKanada#1,DarbariKanada,m P d P d n P,DarbariKanada/train_[LJgaxfjQBzc]_chunk3.mp3,LJgaxfjQBzc,14.08,14.95,1.03,0.765,0.245,0.02
DarbariKanada#1,DarbariKanada,m P d P d n P,DarbariKanada/train_[FbKY_if4s_s]_chunk1.mp3,FbKY_if4s_s,17.58,18.35,1.156,0.9,0.256,0.0
DarbariKanada#1,DarbariKanada,m P d P d n P,DarbariKanada/train_[FbKY_if4s_s]_chunk4.mp3,FbKY_if4s_s,15.73,17.64,1.274,0.9,0.29,0.084
DarbariKanada#1,DarbariKanada,m P d P d n P,DarbariKanada/train_[FbKY_if4s_s]_chunk2.mp3,FbKY_if4s_s,4.6,5.39,1.505,1.459,0.045,0.0
DarbariKanada#1,DarbariKanada,m P d P d n P,DarbariKanada/train_[FbKY_if4s_s]_chunk4.mp3,FbKY_if4s_s,26.95,27.59,1.556,1.5,0.056,0.0
DarbariKanada#1,DarbariKanada,m P d P d n P,DarbariKanada/train_[LJgaxfjQBzc]_chunk4.mp3,LJgaxfjQBzc,24.5,25.97,1.828,0.671,0.157,0.0
DarbariKanada#1,DarbariKanada,m P d P d n P,DarbariKanada/train_[LJgaxfjQBzc]_chunk2.mp3,LJgaxfjQBzc,12.21,12.82,2.205,1.029,0.088,0.088
DarbariKanada#1,DarbariKanada,m P d P d n P,DarbariKanada/train_[LJgaxfjQBzc]_chunk0.mp3,LJgaxfjQBzc,20.75,22.24,2.29,1.171,0.083,0.036
DarbariKanada#1,DarbariKanada,m P d P d n P,DarbariKanada/train_[FbKY_if4s_s]_chunk0.mp3,FbKY_if4s_s,8.3,9.94,2.692,2.459,0.233,0.0
DarbariKanada#1,DarbariKanada,m P d P d n P,DarbariKanada/train_[LJgaxfjQBzc]_chunk4.mp3,LJgaxfjQBzc,0.0,1.03,2.714,2.485,0.211,0.018
DarbariKanada#1,DarbariKanada,m P d P d n P,DarbariKanada/train_[FbKY_if4s_s]_chunk3.mp3,FbKY_if4s_s,22.54,23.2,2.812,1.641,0.0,0.171
DarbariKanada#1,DarbariKanada,m P d P d n P,DarbariKanada/train_[FbKY_if4s_s]_chunk3.mp3,FbKY_if4s_s,5.69,6.51,2.87,1.609,0.261,0.0
DarbariKanada#1,DarbariKanada,m P d P d n P,DarbariKanada/train_[9tHmbMWStuM]_chunk0.mp3,9tHmbMWStuM,3.75,4.25,3.0,3.0,0.0,0.0
DarbariKanada#1,DarbariKanada,m P d P d n P,DarbariKanada/train_[9tHmbMWStuM]_chunk0.mp3,9tHmbMWStuM,3.41,3.91,3.0,3.0,0.0,0.0
DarbariKanada#1,DarbariKanada,m P d P d n P,DarbariKanada/train_[9tHmbMWStuM]_chunk0.mp3,9tHmbMWStuM,10.33,10.99,3.0,3.0,0.0,0.0
DarbariKanada#1,DarbariKanada,m P d P d n P,DarbariKanada/train_[9tHmbMWStuM]_chunk0.mp3,9tHmbMWStuM,8.96,9.46,3.0,3.0,0.0,0.0
DarbariKanada#1,DarbariKanada,m P d P d n P,DarbariKanada/train_[9tHmbMWStuM]_chunk0.mp3,9tHmbMWStuM,9.24,9.74,3.0,3.0,0.0,0.0
DarbariKanada#1,DarbariKanada,m P d P d n P,DarbariKanada/train_[9tHmbMWStuM]_chunk1.mp3,9tHmbMWStuM,6.08,6.58,3.0,3.0,0.0,0.0
DarbariKanada#1,DarbariKanada,m P d P d n P,DarbariKanada/train_[9tHmbMWStuM]_chunk1.mp3,9tHmbMWStuM,7.68,8.18,3.0,3.0,0.0,0.0
DarbariKanada#1,DarbariKanada,m P d P d n P,DarbariKanada/train_[9tHmbMWStuM]_chunk1.mp3,9tHmbMWStuM,5.62,6.12,3.0,3.0,0.0,0.0
DarbariKanada#1,DarbariKanada,m P d P d n P,DarbariKanada/train_[9tHmbMWStuM]_chunk1.mp3,9tHmbMWStuM,9.85,10.35,3.0,3.0,0.0,0.0
DarbariKanada#1,DarbariKanada,m P d P d n P,DarbariKanada/train_[9tHmbMWStuM]_chunk1.mp3,9tHmbMWStuM,7.32,7.82,3.0,3.0,0.0,0.0
DarbariKanada#1,DarbariKanada,m P d P d n P,DarbariKanada/train_[9tHmbMWStuM]_chunk2.mp3,9tHmbMWStuM,3.34,3.84,3.0,3.0,0.0,0.0
DarbariKanada#1,DarbariKanada,m P d P d n P,DarbariKanada/train_[9tHmbMWStuM]_chunk2.mp3,9tHmbMWStuM,2.99,3.48,3.0,3.0,0.0,0.0
DarbariKanada#1,DarbariKanada,m P d P d n P,DarbariKanada/train_[9tHmbMWStuM]_chunk3.mp3,9tHmbMWStuM,4.41,4.94,3.0,3.0,0.0,0.0
DarbariKanada#1,DarbariKanada,m P d P d n P,DarbariKanada/train_[9tHmbMWStuM]_chunk3.mp3,9tHmbMWStuM,4.12,4.64,3.0,3.0,0.0,0.0
DarbariKanada#1,DarbariKanada,m P d P d n P,DarbariKanada/train_[9tHmbMWStuM]_chunk3.mp3,9tHmbMWStuM,8.0,9.35,3.0,3.0,0.0,0.0
DarbariKanada#1,DarbariKanada,m P d P d n P,DarbariKanada/train_[9tHmbMWStuM]_chunk3.mp3,9tHmbMWStuM,7.18,7.68,3.0,3.0,0.0,0.0
DarbariKanada#1,DarbariKanada,m P d P d n P,DarbariKanada/train_[9tHmbMWStuM]_chunk3.mp3,9tHmbMWStuM,6.68,7.32,3.0,3.0,0.0,0.0
DarbariKanada#1,DarbariKanada,m P d P d n P,DarbariKanada/train_[9tHmbMWStuM]_chunk4.mp3,9tHmbMWStuM,5.62,6.12,3.0,3.0,0.0,0.0
DarbariKanada#1,DarbariKanada,m P d P d n P,DarbariKanada/train_[9tHmbMWStuM]_chunk4.mp3,9tHmbMWStuM,1.08,1.58,3.0,3.0,0.0,0.0
DarbariKanada#1,DarbariKanada,m P d P d n P,DarbariKanada/train_[9tHmbMWStuM]_chunk4.mp3,9tHmbMWStuM,1.71,2.2,3.0,3.0,0.0,0.0
DarbariKanada#1,DarbariKanada,m P d P d n P,DarbariKanada/train_[9tHmbMWStuM]_chunk4.mp3,9tHmbMWStuM,2.01,2.51,3.0,3.0,0.0,0.0
DarbariKanada#1,DarbariKanada,m P d P d n P,DarbariKanada/train_[9tHmbMWStuM]_chunk4.mp3,9tHmbMWStuM,1.42,1.92,3.0,3.0,0.0,0.0
DarbariKanada#1,DarbariKanada,m P d P d n P,DarbariKanada/train_[FbKY_if4s_s]_chunk0.mp3,FbKY_if4s_s,18.33,18.84,3.0,3.0,0.0,0.0
DarbariKanada#1,DarbariKanada,m P d P d n P,DarbariKanada/train_[FbKY_if4s_s]_chunk0.mp3,FbKY_if4s_s,1.56,2.06,3.0,3.0,0.0,0.0
DarbariKanada#1,DarbariKanada,m P d P d n P,DarbariKanada/train_[FbKY_if4s_s]_chunk0.mp3,FbKY_if4s_s,0.44,0.94,3.0,3.0,0.0,0.0
DarbariKanada#1,DarbariKanada,m P d P d n P,DarbariKanada/train_[FbKY_if4s_s]_chunk0.mp3,FbKY_if4s_s,5.81,6.31,3.0,3.0,0.0,0.0
DarbariKanada#1,DarbariKanada,m P d P d n P,DarbariKanada/train_[FbKY_if4s_s]_chunk1.mp3,FbKY_if4s_s,1.17,1.71,3.0,3.0,0.0,0.0
DarbariKanada#1,DarbariKanada,m P d P d n P,DarbariKanada/train_[FbKY_if4s_s]_chunk2.mp3,FbKY_if4s_s,1.01,1.58,3.0,3.0,0.0,0.0
DarbariKanada#1,DarbariKanada,m P d P d n P,DarbariKanada/train_[FbKY_if4s_s]_chunk2.mp3,FbKY_if4s_s,30.22,30.84,3.0,3.0,0.0,0.0
DarbariKanada#1,DarbariKanada,m P d P d n P,DarbariKanada/train_[FbKY_if4s_s]_chunk2.mp3,FbKY_if4s_s,15.77,16.44,3.0,3.0,0.0,0.0
DarbariKanada#1,DarbariKanada,m P d P d n P,DarbariKanada/train_[FbKY_if4s_s]_chunk2.mp3,FbKY_if4s_s,17.67,18.17,3.0,3.0,0.0,0.0
DarbariKanada#1,DarbariKanada,m P d P d n P,DarbariKanada/train_[FbKY_if4s_s]_chunk3.mp3,FbKY_if4s_s,28.2,28.71,3.0,3.0,0.0,0.0
DarbariKanada#1,DarbariKanada,m P d P d n P,DarbariKanada/train_[IKNN8CIF_as]_chunk0.mp3,IKNN8CIF_as,11.5,12.21,3.0,3.0,0.0,0.0
DarbariKanada#1,DarbariKanada,m P d P d n P,DarbariKanada/train_[IKNN8CIF_as]_chunk0.mp3,IKNN8CIF_as,4.62,5.12,3.0,3.0,0.0,0.0
DarbariKanada#1,DarbariKanada,m P d P d n P,DarbariKanada/train_[IKNN8CIF_as]_chunk0.mp3,IKNN8CIF_as,4.34,4.84,3.0,3.0,0.0,0.0
DarbariKanada#1,DarbariKanada,m P d P d n P,DarbariKanada/train_[IKNN8CIF_as]_chunk0.mp3,IKNN8CIF_as,4.91,5.4,3.0,3.0,0.0,0.0
DarbariKanada#1,DarbariKanada,m P d P d n P,DarbariKanada/train_[IKNN8CIF_as]_chunk0.mp3,IKNN8CIF_as,3.68,4.18,3.0,3.0,0.0,0.0
DarbariKanada#1,DarbariKanada,m P d P d n P,DarbariKanada/train_[IKNN8CIF_as]_chunk1.mp3,IKNN8CIF_as,4.07,4.57,3.0,3.0,0.0,0.0
DarbariKanada#1,DarbariKanada,m P d P d n P,DarbariKanada/train_[IKNN8CIF_as]_chunk1.mp3,IKNN8CIF_as,11.8,12.3,3.0,3.0,0.0,0.0
DarbariKanada#1,DarbariKanada,m P d P d n P,DarbariKanada/train_[IKNN8CIF_as]_chunk1.mp3,IKNN8CIF_as,17.85,18.35,3.0,3.0,0.0,0.0
DarbariKanada#1,DarbariKanada,m P d P d n P,DarbariKanada/train_[IKNN8CIF_as]_chunk1.mp3,IKNN8CIF_as,12.82,13.32,3.0,3.0,0.0,0.0
DarbariKanada#1,DarbariKanada,m P d P d n P,DarbariKanada/train_[IKNN8CIF_as]_chunk1.mp3,IKNN8CIF_as,17.12,17.62,3.0,3.0,0.0,0.0
DarbariKanada#1,DarbariKanada,m P d P d n P,DarbariKanada/train_[IKNN8CIF_as]_chunk2.mp3,IKNN8CIF_as,15.73,16.36,3.0,3.0,0.0,0.0
DarbariKanada#1,DarbariKanada,m P d P d n P,DarbariKanada/train_[IKNN8CIF_as]_chunk2.mp3,IKNN8CIF_as,7.54,8.18,3.0,3.0,0.0,0.0
DarbariKanada#1,DarbariKanada,m P d P d n P,DarbariKanada/train_[IKNN8CIF_as]_chunk2.mp3,IKNN8CIF_as,8.11,8.6,3.0,3.0,0.0,0.0
DarbariKanada#1,DarbariKanada,m P d P d n P,DarbariKanada/train_[IKNN8CIF_as]_chunk2.mp3,IKNN8CIF_as,2.88,3.38,3.0,3.0,0.0,0.0
DarbariKanada#1,DarbariKanada,m P d P d n P,DarbariKanada/train_[IKNN8CIF_as]_chunk2.mp3,IKNN8CIF_as,13.32,13.81,3.0,3.0,0.0,0.0
DarbariKanada#1,DarbariKanada,m P d P d n P,DarbariKanada/train_[IKNN8CIF_as]_chunk3.mp3,IKNN8CIF_as,6.95,9.1,3.0,3.0,0.0,0.0
DarbariKanada#1,DarbariKanada,m P d P d n P,DarbariKanada/train_[IKNN8CIF_as]_chunk3.mp3,IKNN8CIF_as,6.95,9.1,3.0,3.0,0.0,0.0
DarbariKanada#1,DarbariKanada,m P d P d n P,DarbariKanada/train_[IKNN8CIF_as]_chunk3.mp3,IKNN8CIF_as,6.95,9.1,3.0,3.0,0.0,0.0
DarbariKanada#1,DarbariKanada,m P d P d n P,DarbariKanada/train_[IKNN8CIF_as]_chunk3.mp3,IKNN8CIF_as,17.39,19.72,3.0,3.0,0.0,0.0
DarbariKanada#1,DarbariKanada,m P d P d n P,DarbariKanada/train_[IKNN8CIF_as]_chunk3.mp3,IKNN8CIF_as,17.39,19.72,3.0,3.0,0.0,0.0
DarbariKanada#1,DarbariKanada,m P d P d n P,DarbariKanada/train_[IKNN8CIF_as]_chunk4.mp3,IKNN8CIF_as,9.39,10.65,3.0,3.0,0.0,0.0
DarbariKanada#1,DarbariKanada,m P d P d n P,DarbariKanada/train_[IKNN8CIF_as]_chunk4.mp3,IKNN8CIF_as,10.4,11.43,3.0,3.0,0.0,0.0
DarbariKanada#1,DarbariKanada,m P d P d n P,DarbariKanada/train_[IKNN8CIF_as]_chunk4.mp3,IKNN8CIF_as,5.44,5.99,3.0,3.0,0.0,0.0
DarbariKanada#1,DarbariKanada,m P d P d n P,DarbariKanada/train_[IKNN8CIF_as]_chunk4.mp3,IKNN8CIF_as,8.8,9.3,3.0,3.0,0.0,0.0
DarbariKanada#1,DarbariKanada,m P d P d n P,DarbariKanada/train_[LJgaxfjQBzc]_chunk0.mp3,LJgaxfjQBzc,26.49,27.18,3.0,3.0,0.0,0.0
DarbariKanada#1,DarbariKanada,m P d P d n P,DarbariKanada/train_[LJgaxfjQBzc]_chunk0.mp3,LJgaxfjQBzc,7.24,7.73,3.0,3.0,0.0,0.0
DarbariKanada#1,DarbariKanada,m P d P d n P,DarbariKanada/train_[LJgaxfjQBzc]_chunk0.mp3,LJgaxfjQBzc,4.71,5.21,3.0,3.0,0.0,0.0
DarbariKanada#1,DarbariKanada,m P d P d n P,DarbariKanada/train_[LJgaxfjQBzc]_chunk0.mp3,LJgaxfjQBzc,9.71,10.2,3.0,3.0,0.0,0.0
DarbariKanada#1,DarbariKanada,m P d P d n P,DarbariKanada/train_[LJgaxfjQBzc]_chunk2.mp3,LJgaxfjQBzc,3.02,3.52,3.0,3.0,0.0,0.0
DarbariKanada#1,DarbariKanada,m P d P d n P,DarbariKanada/train_[UJrKhIEQVM0]_chunk0.mp3,UJrKhIEQVM0,17.46,20.0,3.0,3.0,0.0,0.0
DarbariKanada#1,DarbariKanada,m P d P d n P,DarbariKanada/train_[UJrKhIEQVM0]_chunk0.mp3,UJrKhIEQVM0,17.46,19.06,3.0,3.0,0.0,0.0
DarbariKanada#1,DarbariKanada,m P d P d n P,DarbariKanada/train_[UJrKhIEQVM0]_chunk0.mp3,UJrKhIEQVM0,17.42,18.93,3.0,3.0,0.0,0.0
DarbariKanada#1,DarbariKanada,m P d P d n P,DarbariKanada/train_[UJrKhIEQVM0]_chunk0.mp3,UJrKhIEQVM0,17.33,18.83,3.0,3.0,0.0,0.0
DarbariKanada#1,DarbariKanada,m P d P d n P,DarbariKanada/train_[UJrKhIEQVM0]_chunk0.mp3,UJrKhIEQVM0,17.23,18.77,3.0,3.0,0.0,0.0
DarbariKanada#1,DarbariKanada,m P d P d n P,DarbariKanada/train_[UJrKhIEQVM0]_chunk1.mp3,UJrKhIEQVM0,17.72,18.28,3.0,3.0,0.0,0.0
DarbariKanada#1,DarbariKanada,m P d P d n P,DarbariKanada/train_[UJrKhIEQVM0]_chunk1.mp3,UJrKhIEQVM0,13.76,14.26,3.0,3.0,0.0,0.0
DarbariKanada#1,DarbariKanada,m P d P d n P,DarbariKanada/train_[UJrKhIEQVM0]_chunk1.mp3,UJrKhIEQVM0,4.0,4.5,3.0,3.0,0.0,0.0
DarbariKanada#1,DarbariKanada,m P d P d n P,DarbariKanada/train_[UJrKhIEQVM0]_chunk1.mp3,UJrKhIEQVM0,13.33,14.26,3.0,3.0,0.0,0.0
DarbariKanada#1,DarbariKanada,m P d P d n P,DarbariKanada/train_[UJrKhIEQVM0]_chunk1.mp3,UJrKhIEQVM0,17.21,18.1,3.0,3.0,0.0,0.0
DarbariKanada#1,DarbariKanada,m P d P d n P,DarbariKanada/train_[UJrKhIEQVM0]_chunk2.mp3,UJrKhIEQVM0,2.26,2.76,3.0,3.0,0.0,0.0
DarbariKanada#1,DarbariKanada,m P d P d n P,DarbariKanada/train_[UJrKhIEQVM0]_chunk2.mp3,UJrKhIEQVM0,14.63,15.13,3.0,3.0,0.0,0.0
DarbariKanada#1,DarbariKanada,m P d P d n P,DarbariKanada/train_[UJrKhIEQVM0]_chunk2.mp3,UJrKhIEQVM0,1.97,2.47,3.0,3.0,0.0,0.0
DarbariKanada#1,DarbariKanada,m P d P d n P,DarbariKanada/train_[UJrKhIEQVM0]_chunk2.mp3,UJrKhIEQVM0,10.76,11.25,3.0,3.0,0.0,0.0
DarbariKanada#1,DarbariKanada,m P d P d n P,DarbariKanada/train_[UJrKhIEQVM0]_chunk2.mp3,UJrKhIEQVM0,11.04,11.54,3.0,3.0,0.0,0.0
DarbariKanada#1,DarbariKanada,m P d P d n P,DarbariKanada/train_[UJrKhIEQVM0]_chunk3.mp3,UJrKhIEQVM0,0.14,1.6,3.0,3.0,0.0,0.0
DarbariKanada#1,DarbariKanada,m P d P d n P,DarbariKanada/train_[UJrKhIEQVM0]_chunk3.mp3,UJrKhIEQVM0,19.32,19.89,3.0,3.0,0.0,0.0
DarbariKanada#1,DarbariKanada,m P d P d n P,DarbariKanada/train_[UJrKhIEQVM0]_chunk3.mp3,UJrKhIEQVM0,5.3,6.44,3.0,3.0,0.0,0.0
DarbariKanada#1,DarbariKanada,m P d P d n P,DarbariKanada/train_[UJrKhIEQVM0]_chunk3.mp3,UJrKhIEQVM0,5.08,6.44,3.0,3.0,0.0,0.0
DarbariKanada#1,DarbariKanada,m P d P d n P,DarbariKanada/train_[UJrKhIEQVM0]_chunk3.mp3,UJrKhIEQVM0,4.3,5.8,3.0,3.0,0.0,0.0
DarbariKanada#1,DarbariKanada,m P d P d n P,DarbariKanada/train_[UJrKhIEQVM0]_chunk4.mp3,UJrKhIEQVM0,11.57,12.09,3.0,3.0,0.0,0.0
DarbariKanada#1,DarbariKanada,m P d P d n P,DarbariKanada/train_[UJrKhIEQVM0]_chunk4.mp3,UJrKhIEQVM0,9.87,10.36,3.0,3.0,0.0,0.0
DarbariKanada#1,DarbariKanada,m P d P d n P,DarbariKanada/train_[UJrKhIEQVM0]_chunk4.mp3,UJrKhIEQVM0,13.99,14.49,3.0,3.0,0.0,0.0
DarbariKanada#1,DarbariKanada,m P d P d n P,DarbariKanada/train_[UJrKhIEQVM0]_chunk4.mp3,UJrKhIEQVM0,0.34,0.84,3.0,3.0,0.0,0.0
DarbariKanada#1,DarbariKanada,m P d P d n P,DarbariKanada/train_[UJrKhIEQVM0]_chunk4.mp3,UJrKhIEQVM0,2.13,2.63,3.0,3.0,0.0,0.0
DarbariKanada#1,DarbariKanada,m P d P d n P,DarbariKanada/train_[w94FZZn1WR4]_chunk0.mp3,w94FZZn1WR4,18.35,18.84,3.0,3.0,0.0,0.0
DarbariKanada#1,DarbariKanada,m P d P d n P,DarbariKanada/train_[w94FZZn1WR4]_chunk0.mp3,w94FZZn1WR4,13.08,13.6,3.0,3.0,0.0,0.0
DarbariKanada#1,DarbariKanada,m P d P d n P,DarbariKanada/train_[w94FZZn1WR4]_chunk0.mp3,w94FZZn1WR4,13.58,14.1,3.0,3.0,0.0,0.0
DarbariKanada#1,DarbariKanada,m P d P d n P,DarbariKanada/train_[w94FZZn1WR4]_chunk0.mp3,w94FZZn1WR4,10.79,11.29,3.0,3.0,0.0,0.0
DarbariKanada#1,DarbariKanada,m P d P d n P,DarbariKanada/train_[w94FZZn1WR4]_chunk0.mp3,w94FZZn1WR4,5.58,6.08,3.0,3.0,0.0,0.0
DarbariKanada#1,DarbariKanada,m P d P d n P,DarbariKanada/train_[w94FZZn1WR4]_chunk1.mp3,w94FZZn1WR4,15.93,16.43,3.0,3.0,0.0,0.0
DarbariKanada#1,DarbariKanada,m P d P d n P,DarbariKanada/train_[w94FZZn1WR4]_chunk1.mp3,w94FZZn1WR4,7.79,8.28,3.0,3.0,0.0,0.0
DarbariKanada#1,DarbariKanada,m P d P d n P,DarbariKanada/train_[w94FZZn1WR4]_chunk1.mp3,w94FZZn1WR4,15.64,16.14,3.0,3.0,0.0,0.0
DarbariKanada#1,DarbariKanada,m P d P d n P,DarbariKanada/train_[w94FZZn1WR4]_chunk1.mp3,w94FZZn1WR4,9.74,10.24,3.0,3.0,0.0,0.0
DarbariKanada#1,DarbariKanada,m P d P d n P,DarbariKanada/train_[w94FZZn1WR4]_chunk1.mp3,w94FZZn1WR4,8.09,8.59,3.0,3.0,0.0,0.0
DarbariKanada#1,DarbariKanada,m P d P d n P,DarbariKanada/train_[w94FZZn1WR4]_chunk2.mp3,w94FZZn1WR4,8.18,8.68,3.0,3.0,0.0,0.0
DarbariKanada#1,DarbariKanada,m P d P d n P,DarbariKanada/train_[w94FZZn1WR4]_chunk2.mp3,w94FZZn1WR4,14.29,14.79,3.0,3.0,0.0,0.0
DarbariKanada#1,DarbariKanada,m P d P d n P,DarbariKanada/train_[w94FZZn1WR4]_chunk2.mp3,w94FZZn1WR4,7.89,8.39,3.0,3.0,0.0,0.0
DarbariKanada#1,DarbariKanada,m P d P d n P,DarbariKanada/train_[w94FZZn1WR4]_chunk2.mp3,w94FZZn1WR4,14.01,14.51,3.0,3.0,0.0,0.0
DarbariKanada#1,DarbariKanada,m P d P d n P,DarbariKanada/train_[w94FZZn1WR4]_chunk2.mp3,w94FZZn1WR4,13.56,14.06,3.0,3.0,0.0,0.0
DarbariKanada#1,DarbariKanada,m P d P d n P,DarbariKanada/train_[w94FZZn1WR4]_chunk3.mp3,w94FZZn1WR4,13.64,14.13,3.0,3.0,0.0,0.0
DarbariKanada#1,DarbariKanada,m P d P d n P,DarbariKanada/train_[w94FZZn1WR4]_chunk3.mp3,w94FZZn1WR4,13.35,13.85,3.0,3.0,0.0,0.0
DarbariKanada#1,DarbariKanada,m P d P d n P,DarbariKanada/train_[w94FZZn1WR4]_chunk3.mp3,w94FZZn1WR4,7.0,7.5,3.0,3.0,0.0,0.0
DarbariKanada#1,DarbariKanada,m P d P d n P,DarbariKanada/train_[w94FZZn1WR4]_chunk3.mp3,w94FZZn1WR4,6.42,6.92,3.0,3.0,0.0,0.0
DarbariKanada#1,DarbariKanada,m P d P d n P,DarbariKanada/train_[w94FZZn1WR4]_chunk3.mp3,w94FZZn1WR4,2.63,3.13,3.0,3.0,0.0,0.0
DarbariKanada#1,DarbariKanada,m P d P d n P,DarbariKanada/train_[w94FZZn1WR4]_chunk4.mp3,w94FZZn1WR4,10.6,11.57,3.0,3.0,0.0,0.0
DarbariKanada#1,DarbariKanada,m P d P d n P,DarbariKanada/train_[w94FZZn1WR4]_chunk4.mp3,w94FZZn1WR4,10.06,10.63,3.0,3.0,0.0,0.0
DarbariKanada#1,DarbariKanada,m P d P d n P,DarbariKanada/train_[w94FZZn1WR4]_chunk4.mp3,w94FZZn1WR4,9.17,9.72,3.0,3.0,0.0,0.0
DarbariKanada#1,DarbariKanada,m P d P d n P,DarbariKanada/train_[w94FZZn1WR4]_chunk4.mp3,w94FZZn1WR4,9.62,10.12,3.0,3.0,0.0,0.0
DarbariKanada#1,DarbariKanada,m P d P d n P,DarbariKanada/train_[w94FZZn1WR4]_chunk4.mp3,w94FZZn1WR4,8.91,9.4,3.0,3.0,0.0,0.0
DarbariKanada#1,DarbariKanada,m P d P d n P,DarbariKanada/train_[FbKY_if4s_s]_chunk3.mp3,FbKY_if4s_s,20.07,20.6,3.033,3.0,0.0,0.033
DarbariKanada#1,DarbariKanada,m P d P d n P,DarbariKanada/train_[FbKY_if4s_s]_chunk4.mp3,FbKY_if4s_s,22.49,23.0,3.034,3.0,0.034,0.0
DarbariKanada#1,DarbariKanada,m P d P d n P,DarbariKanada/train_[LJgaxfjQBzc]_chunk2.mp3,LJgaxfjQBzc,16.62,17.14,3.034,3.0,0.034,0.0
DarbariKanada#1,DarbariKanada,m P d P d n P,DarbariKanada/train_[LJgaxfjQBzc]_chunk2.mp3,LJgaxfjQBzc,16.25,16.76,3.034,3.0,0.034,0.0
DarbariKanada#1,DarbariKanada,m P d P d n P,DarbariKanada/train_[LJgaxfjQBzc]_chunk3.mp3,LJgaxfjQBzc,13.8,14.42,3.036,2.865,0.143,0.029
DarbariKanada#1,DarbariKanada,m P d P d n P,DarbariKanada/train_[LJgaxfjQBzc]_chunk2.mp3,LJgaxfjQBzc,15.34,16.02,3.053,3.0,0.053,0.0
DarbariKanada#1,DarbariKanada,m P d P d n P,DarbariKanada/train_[LJgaxfjQBzc]_chunk4.mp3,LJgaxfjQBzc,0.85,1.51,3.054,3.0,0.054,0.0
DarbariKanada#1,DarbariKanada,m P d P d n P,DarbariKanada/train_[LJgaxfjQBzc]_chunk3.mp3,LJgaxfjQBzc,12.37,12.98,3.061,3.0,0.061,0.0
DarbariKanada#1,DarbariKanada,m P d P d n P,DarbariKanada/train_[FbKY_if4s_s]_chunk4.mp3,FbKY_if4s_s,14.13,14.77,3.065,3.0,0.065,0.0
DarbariKanada#1,DarbariKanada,m P d P d n P,DarbariKanada/train_[LJgaxfjQBzc]_chunk3.mp3,LJgaxfjQBzc,10.33,10.83,3.143,3.0,0.0,0.143
DarbariKanada#1,DarbariKanada,m P d P d n P,DarbariKanada/train_[LJgaxfjQBzc]_chunk4.mp3,LJgaxfjQBzc,13.07,13.56,3.143,3.0,0.0,0.143
DarbariKanada#1,DarbariKanada,m P d P d n P,DarbariKanada/train_[9tHmbMWStuM]_chunk2.mp3,9tHmbMWStuM,10.79,12.41,3.187,3.0,0.011,0.176
DarbariKanada#1,DarbariKanada,m P d P d n P,DarbariKanada/train_[LJgaxfjQBzc]_chunk3.mp3,LJgaxfjQBzc,6.79,7.45,3.189,3.0,0.027,0.162
DarbariKanada#1,DarbariKanada,m P d P d n P,DarbariKanada/train_[9tHmbMWStuM]_chunk2.mp3,9tHmbMWStuM,4.78,5.28,3.214,3.0,0.0,0.214
DarbariKanada#1,DarbariKanada,m P d P d n P,DarbariKanada/train_[FbKY_if4s_s]_chunk4.mp3,FbKY_if4s_s,15.73,16.3,3.219,3.0,0.0,0.219
DarbariKanada#1,DarbariKanada,m P d P d n P,DarbariKanada/train_[LJgaxfjQBzc]_chunk1.mp3,LJgaxfjQBzc,13.46,13.96,3.25,3.0,0.0,0.25
DarbariKanada#1,DarbariKanada,m P d P d n P,DarbariKanada/train_[9tHmbMWStuM]_chunk2.mp3,9tHmbMWStuM,12.27,13.44,3.258,3.0,0.0,0.258
DarbariKanada#1,DarbariKanada,m P d P d n P,DarbariKanada/train_[LJgaxfjQBzc]_chunk1.mp3,LJgaxfjQBzc,22.2,22.95,3.286,3.0,0.048,0.238
DarbariKanada#1,DarbariKanada,m P d P d n P,DarbariKanada/train_[LJgaxfjQBzc]_chunk1.mp3,LJgaxfjQBzc,19.16,19.66,3.286,3.0,0.0,0.286
DarbariKanada#1,DarbariKanada,m P d P d n P,DarbariKanada/train_[FbKY_if4s_s]_chunk3.mp3,FbKY_if4s_s,9.67,11.04,3.351,3.0,0.299,0.052
DarbariKanada#1,DarbariKanada,m P d P d n P,DarbariKanada/train_[LJgaxfjQBzc]_chunk1.mp3,LJgaxfjQBzc,26.4,26.9,3.357,3.0,0.0,0.357
DarbariKanada#1,DarbariKanada,m P d P d n P,DarbariKanada/train_[LJgaxfjQBzc]_chunk1.mp3,LJgaxfjQBzc,22.77,23.36,3.364,3.0,0.03,0.333
DarbariKanada#2,DarbariKanada,n m P `S,DarbariKanada/train_[FbKY_if4s_s]_chunk1.mp3,FbKY_if4s_s,13.74,15.13,0.146,0.03,0.117,0.0
DarbariKanada#2,DarbariKanada,n m P `S,DarbariKanada/train_[FbKY_if4s_s]_chunk4.mp3,FbKY_if4s_s,26.67,27.48,0.707,0.359,0.304,0.043
DarbariKanada#2,DarbariKanada,n m P `S,DarbariKanada/train_[LJgaxfjQBzc]_chunk2.mp3,LJgaxfjQBzc,12.66,13.46,0.722,0.7,0.022,0.0
DarbariKanada#2,DarbariKanada,n m P `S,DarbariKanada/train_[LJgaxfjQBzc]_chunk4.mp3,LJgaxfjQBzc,0.2,0.75,1.011,0.979,0.0,0.032
DarbariKanada#2,DarbariKanada,n m P `S,DarbariKanada/train_[FbKY_if4s_s]_chunk0.mp3,FbKY_if4s_s,10.04,10.38,1.7,0.7,0.0,0.0
DarbariKanada#2,DarbariKanada,n m P `S,DarbariKanada/train_[LJgaxfjQBzc]_chunk3.mp3,LJgaxfjQBzc,12.39,13.05,1.799,0.529,0.216,0.054
DarbariKanada#2,DarbariKanada,n m P `S,DarbariKanada/train_[FbKY_if4s_s]_chunk0.mp3,FbKY_if4s_s,1.96,2.44,1.846,1.809,0.037,0.0
DarbariKanada#2,DarbariKanada,n m P `S,DarbariKanada/train_[LJgaxfjQBzc]_chunk3.mp3,LJgaxfjQBzc,8.66,9.19,1.885,0.485,0.4,0.0
DarbariKanada#2,DarbariKanada,n m P `S,DarbariKanada/train_[LJgaxfjQBzc]_chunk3.mp3,LJgaxfjQBzc,3.25,3.64,2.071,1.921,0.15,0.0
DarbariKanada#2,DarbariKanada,n m P `S,DarbariKanada/train_[FbKY_if4s_s]_chunk3.mp3,FbKY_if4s_s,22.42,23.32,2.606,0.3,0.184,0.122
DarbariKanada#2,DarbariKanada,n m P `S,DarbariKanada/train_[FbKY_if4s_s]_chunk0.mp3,FbKY_if4s_s,2.31,3.11,2.796,0.741,0.0,0.056
DarbariKanada#2,DarbariKanada,n m P `S,DarbariKanada/train_[9tHmbMWStuM]_chunk0.mp3,9tHmbMWStuM,11.4,12.0,3.0,3.0,0.0,0.0
DarbariKanada#2,DarbariKanada,n m P `S,DarbariKanada/train_[9tHmbMWStuM]_chunk0.mp3,9tHmbMWStuM,10.74,11.09,3.0,3.0,0.0,0.0
DarbariKanada#2,DarbariKanada,n m P `S,DarbariKanada/train_[9tHmbMWStuM]_chunk0.mp3,9tHmbMWStuM,16.71,17.0,3.0,3.0,0.0,0.0
DarbariKanada#2,DarbariKanada,n m P `S,DarbariKanada/train_[9tHmbMWStuM]_chunk1.mp3,9tHmbMWStuM,7.4,8.37,3.0,3.0,0.0,0.0
DarbariKanada#2,DarbariKanada,n m P `S,DarbariKanada/train_[9tHmbMWStuM]_chunk1.mp3,9tHmbMWStuM,7.4,8.37,3.0,3.0,0.0,0.0
DarbariKanada#2,DarbariKanada,n m P `S,DarbariKanada/train_[9tHmbMWStuM]_chunk1.mp3,9tHmbMWStuM,7.4,8.37,3.0,3.0,0.0,0.0
DarbariKanada#2,DarbariKanada,n m P `S,DarbariKanada/train_[9tHmbMWStuM]_chunk1.mp3,9tHmbMWStuM,7.4,8.37,3.0,3.0,0.0,0.0
DarbariKanada#2,DarbariKanada,n m P `S,DarbariKanada/train_[9tHmbMWStuM]_chunk1.mp3,9tHmbMWStuM,10.2,10.67,3.0,3.0,0.0,0.0
DarbariKanada#2,DarbariKanada,n m P `S,DarbariKanada/train_[9tHmbMWStuM]_chunk4.mp3,9tHmbMWStuM,5.92,6.22,3.0,3.0,0.0,0.0
DarbariKanada#2,DarbariKanada,n m P `S,DarbariKanada/train_[9tHmbMWStuM]_chunk4.mp3,9tHmbMWStuM,1.44,2.72,3.0,3.0,0.0,0.0
DarbariKanada#2,DarbariKanada,n m P `S,DarbariKanada/train_[9tHmbMWStuM]_chunk4.mp3,9tHmbMWStuM,1.46,2.74,3.0,3.0,0.0,0.0
DarbariKanada#2,DarbariKanada,n m P `S,DarbariKanada/train_[9tHmbMWStuM]_chunk4.mp3,9tHmbMWStuM,1.48,2.76,3.0,3.0,0.0,0.0
DarbariKanada#2,DarbariKanada,n m P `S,DarbariKanada/train_[9tHmbMWStuM]_chunk4.mp3,9tHmbMWStuM,1.42,2.7,3.0,3.0,0.0,0.0
DarbariKanada#2,DarbariKanada,n m P `S,DarbariKanada/train_[FbKY_if4s_s]_chunk0.mp3,FbKY_if4s_s,9.65,10.15,3.0,3.0,0.0,0.0
DarbariKanada#2,DarbariKanada,n m P `S,DarbariKanada/train_[FbKY_if4s_s]_chunk0.mp3,FbKY_if4s_s,1.17,1.58,3.0,3.0,0.0,0.0
DarbariKanada#2,DarbariKanada,n m P `S,DarbariKanada/train_[FbKY_if4s_s]_chunk1.mp3,FbKY_if4s_s,24.27,24.68,3.0,3.0,0.0,0.0
DarbariKanada#2,DarbariKanada,n m P `S,DarbariKanada/train_[FbKY_if4s_s]_chunk1.mp3,FbKY_if4s_s,29.74,30.17,3.0,3.0,0.0,0.0
DarbariKanada#2,DarbariKanada,n m P `S,DarbariKanada/train_[FbKY_if4s_s]_chunk1.mp3,FbKY_if4s_s,21.08,21.39,3.0,3.0,0.0,0.0
DarbariKanada#2,DarbariKanada,n m P `S,DarbariKanada/train_[FbKY_if4s_s]_chunk1.mp3,FbKY_if4s_s,7.16,7.57,3.0,3.0,0.0,0.0
DarbariKanada#2,DarbariKanada,n m P `S,DarbariKanada/train_[FbKY_if4s_s]_chunk2.mp3,FbKY_if4s_s,30.19,30.47,3.0,3.0,0.0,0.0
DarbariKanada#2,DarbariKanada,n m P `S,DarbariKanada/train_[FbKY_if4s_s]_chunk2.mp3,FbKY_if4s_s,4.71,5.08,3.0,3.0,0.0,0.0
DarbariKanada#2,DarbariKanada,n m P `S,DarbariKanada/train_[FbKY_if4s_s]_chunk2.mp3,FbKY_if4s_s,16.32,16.64,3.0,3.0,0.0,0.0
DarbariKanada#2,DarbariKanada,n m P `S,DarbariKanada/train_[FbKY_if4s_s]_chunk2.mp3,FbKY_if4s_s,6.04,6.33,3.0,3.0,0.0,0.0
DarbariKanada#2,DarbariKanada,n m P `S,DarbariKanada/train_[FbKY_if4s_s]_chunk2.mp3,FbKY_if4s_s,7.66,8.62,3.0,3.0,0.0,0.0
DarbariKanada#2,DarbariKanada,n m P `S,DarbariKanada/train_[IKNN8CIF_as]_chunk0.mp3,IKNN8CIF_as,11.61,11.91,3.0,3.0,0.0,0.0
DarbariKanada#2,DarbariKanada,n m P `S,DarbariKanada/train_[IKNN8CIF_as]_chunk0.mp3,IKNN8CIF_as,14.17,14.45,3.0,3.0,0.0,0.0
DarbariKanada#2,DarbariKanada,n m P `S,DarbariKanada/train_[IKNN8CIF_as]_chunk0.mp3,IKNN8CIF_as,5.3,6.58,3.0,3.0,0.0,0.0
DarbariKanada#2,DarbariKanada,n m P `S,DarbariKanada/train_[IKNN8CIF_as]_chunk0.mp3,IKNN8CIF_as,5.3,6.6,3.0,3.0,0.0,0.0
DarbariKanada#2,DarbariKanada,n m P `S,DarbariKanada/train_[IKNN8CIF_as]_chunk0.mp3,IKNN8CIF_as,5.3,6.61,3.0,3.0,0.0,0.0
DarbariKanada#2,DarbariKanada,n m P `S,DarbariKanada/train_[IKNN8CIF_as]_chunk2.mp3,IKNN8CIF_as,4.48,4.89,3.0,3.0,0.0,0.0
DarbariKanada#2,DarbariKanada,n m P `S,DarbariKanada/train_[IKNN8CIF_as]_chunk2.mp3,IKNN8CIF_as,13.62,13.92,3.0,3.0,0.0,0.0
DarbariKanada#2,DarbariKanada,n m P `S,DarbariKanada/train_[IKNN8CIF_as]_chunk3.mp3,IKNN8CIF_as,13.6,14.54,3.0,3.0,0.0,0.0
DarbariKanada#2,DarbariKanada,n m P `S,DarbariKanada/train_[IKNN8CIF_as]_chunk3.mp3,IKNN8CIF_as,18.04,18.36,3.0,3.0,0.0,0.0
DarbariKanada#2,DarbariKanada,n m P `S,DarbariKanada/train_[IKNN8CIF_as]_chunk3.mp3,IKNN8CIF_as,7.63,8.02,3.0,3.0,0.0,0.0
DarbariKanada#2,DarbariKanada,n m P `S,DarbariKanada/train_[IKNN8CIF_as]_chunk3.mp3,IKNN8CIF_as,12.91,13.62,3.0,3.0,0.0,0.0
DarbariKanada#2,DarbariKanada,n m P `S,DarbariKanada/train_[IKNN8CIF_as]_chunk3.mp3,IKNN8CIF_as,11.75,12.14,3.0,3.0,0.0,0.0
DarbariKanada#2,DarbariKanada,n m P `S,DarbariKanada/train_[IKNN8CIF_as]_chunk4.mp3,IKNN8CIF_as,6.22,7.59,3.0,3.0,0.0,0.0
DarbariKanada#2,DarbariKanada,n m P `S,DarbariKanada/train_[IKNN8CIF_as]_chunk4.mp3,IKNN8CIF_as,10.24,10.58,3.0,3.0,0.0,0.0
DarbariKanada#2,DarbariKanada,n m P `S,DarbariKanada/train_[IKNN8CIF_as]_chunk4.mp3,IKNN8CIF_as,10.24,11.25,3.0,3.0,0.0,0.0
DarbariKanada#2,DarbariKanada,n m P `S,DarbariKanada/train_[IKNN8CIF_as]_chunk4.mp3,IKNN8CIF_as,5.83,6.17,3.0,3.0,0.0,0.0
DarbariKanada#2,DarbariKanada,n m P `S,DarbariKanada/train_[IKNN8CIF_as]_chunk4.mp3,IKNN8CIF_as,6.22,6.63,3.0,3.0,0.0,0.0
DarbariKanada#2,DarbariKanada,n m P `S,DarbariKanada/train_[LJgaxfjQBzc]_chunk0.mp3,LJgaxfjQBzc,26.93,27.29,3.0,3.0,0.0,0.0
DarbariKanada#2,DarbariKanada,n m P `S,DarbariKanada/train_[LJgaxfjQBzc]_chunk2.mp3,LJgaxfjQBzc,3.34,4.68,3.0,3.0,0.0,0.0
DarbariKanada#2,DarbariKanada,n m P `S,DarbariKanada/train_[LJgaxfjQBzc]_chunk2.mp3,LJgaxfjQBzc,3.34,4.69,3.0,3.0,0.0,0.0
DarbariKanada#2,DarbariKanada,n m P `S,DarbariKanada/train_[LJgaxfjQBzc]_chunk2.mp3,LJgaxfjQBzc,3.34,4.71,3.0,3.0,0.0,0.0
DarbariKanada#2,DarbariKanada,n m P `S,DarbariKanada/train_[LJgaxfjQBzc]_chunk2.mp3,LJgaxfjQBzc,3.34,4.73,3.0,3.0,0.0,0.0
DarbariKanada#2,DarbariKanada,n m P `S,DarbariKanada/train_[LJgaxfjQBzc]_chunk4.mp3,LJgaxfjQBzc,0.64,1.08,3.0,3.0,0.0,0.0
DarbariKanada#2,DarbariKanada,n m P `S,DarbariKanada/train_[UJrKhIEQVM0]_chunk0.mp3,UJrKhIEQVM0,17.4,17.69,3.0,3.0,0.0,0.0
DarbariKanada#2,DarbariKanada,n m P `S,DarbariKanada/train_[UJrKhIEQVM0]_chunk0.mp3,UJrKhIEQVM0,17.4,18.36,3.0,3.0,0.0,0.0
DarbariKanada#2,DarbariKanada,n m P `S,DarbariKanada/train_[UJrKhIEQVM0]_chunk0.mp3,UJrKhIEQVM0,1.4,1.99,3.0,3.0,0.0,0.0
DarbariKanada#2,DarbariKanada,n m P `S,DarbariKanada/train_[UJrKhIEQVM0]_chunk0.mp3,UJrKhIEQVM0,17.01,17.3,3.0,3.0,0.0,0.0
DarbariKanada#2,DarbariKanada,n m P `S,DarbariKanada/train_[UJrKhIEQVM0]_chunk0.mp3,UJrKhIEQVM0,0.43,0.75,3.0,3.0,0.0,0.0
DarbariKanada#2,DarbariKanada,n m P `S,DarbariKanada/train_[UJrKhIEQVM0]_chunk1.mp3,UJrKhIEQVM0,17.56,18.26,3.0,3.0,0.0,0.0
DarbariKanada#2,DarbariKanada,n m P `S,DarbariKanada/train_[UJrKhIEQVM0]_chunk1.mp3,UJrKhIEQVM0,6.6,7.88,3.0,3.0,0.0,0.0
DarbariKanada#2,DarbariKanada,n m P `S,DarbariKanada/train_[UJrKhIEQVM0]_chunk1.mp3,UJrKhIEQVM0,6.6,7.89,3.0,3.0,0.0,0.0
DarbariKanada#2,DarbariKanada,n m P `S,DarbariKanada/train_[UJrKhIEQVM0]_chunk1.mp3,UJrKhIEQVM0,6.6,7.91,3.0,3.0,0.0,0.0
DarbariKanada#2,DarbariKanada,n m P `S,DarbariKanada/train_[UJrKhIEQVM0]_chunk1.mp3,UJrKhIEQVM0,6.6,7.93,3.0,3.0,0.0,0.0
DarbariKanada#2,DarbariKanada,n m P `S,DarbariKanada/train_[UJrKhIEQVM0]_chunk2.mp3,UJrKhIEQVM0,3.79,4.14,3.0,3.0,0.0,0.0
DarbariKanada#2,DarbariKanada,n m P `S,DarbariKanada/train_[UJrKhIEQVM0]_chunk2.mp3,UJrKhIEQVM0,2.44,2.72,3.0,3.0,0.0,0.0
DarbariKanada#2,DarbariKanada,n m P `S,DarbariKanada/train_[UJrKhIEQVM0]_chunk2.mp3,UJrKhIEQVM0,14.84,15.13,3.0,3.0,0.0,0.0
DarbariKanada#2,DarbariKanada,n m P `S,DarbariKanada/train_[UJrKhIEQVM0]_chunk2.mp3,UJrKhIEQVM0,17.58,17.87,3.0,3.0,0.0,0.0
DarbariKanada#2,DarbariKanada,n m P `S,DarbariKanada/train_[UJrKhIEQVM0]_chunk2.mp3,UJrKhIEQVM0,2.28,2.56,3.0,3.0,0.0,0.0
DarbariKanada#2,DarbariKanada,n m P `S,DarbariKanada/train_[UJrKhIEQVM0]_chunk3.mp3,UJrKhIEQVM0,11.73,12.11,3.0,3.0,0.0,0.0
DarbariKanada#2,DarbariKanada,n m P `S,DarbariKanada/train_[UJrKhIEQVM0]_chunk3.mp3,UJrKhIEQVM0,0.09,0.37,3.0,3.0,0.0,0.0
DarbariKanada#2,DarbariKanada,n m P `S,DarbariKanada/train_[UJrKhIEQVM0]_chunk3.mp3,UJrKhIEQVM0,10.92,11.2,3.0,3.0,0.0,0.0
DarbariKanada#2,DarbariKanada,n m P `S,DarbariKanada/train_[UJrKhIEQVM0]_chunk3.mp3,UJrKhIEQVM0,3.0,3.31,3.0,3.0,0.0,0.0
DarbariKanada#2,DarbariKanada,n m P `S,DarbariKanada/train_[UJrKhIEQVM0]_chunk4.mp3,UJrKhIEQVM0,10.19,10.47,3.0,3.0,0.0,0.0
DarbariKanada#2,DarbariKanada,n m P `S,DarbariKanada/train_[UJrKhIEQVM0]_chunk4.mp3,UJrKhIEQVM0,14.79,15.16,3.0,3.0,0.0,0.0
DarbariKanada#2,DarbariKanada,n m P `S,DarbariKanada/train_[UJrKhIEQVM0]_chunk4.mp3,UJrKhIEQVM0,9.37,9.65,3.0,3.0,0.0,0.0
DarbariKanada#2,DarbariKanada,n m P `S,DarbariKanada/train_[UJrKhIEQVM0]_chunk4.mp3,UJrKhIEQVM0,8.92,9.21,3.0,3.0,0.0,0.0
DarbariKanada#2,DarbariKanada,n m P `S,DarbariKanada/train_[UJrKhIEQVM0]_chunk4.mp3,UJrKhIEQVM0,3.59,3.93,3.0,3.0,0.0,0.0
DarbariKanada#2,DarbariKanada,n m P `S,DarbariKanada/train_[w94FZZn1WR4]_chunk0.mp3,w94FZZn1WR4,1.96,2.24,3.0,3.0,0.0,0.0
DarbariKanada#2,DarbariKanada,n m P `S,DarbariKanada/train_[w94FZZn1WR4]_chunk0.mp3,w94FZZn1WR4,0.55,0.84,3.0,3.0,0.0,0.0
DarbariKanada#2,DarbariKanada,n m P `S,DarbariKanada/train_[w94FZZn1WR4]_chunk0.mp3,w94FZZn1WR4,17.92,18.58,3.0,3.0,0.0,0.0
DarbariKanada#2,DarbariKanada,n m P `S,DarbariKanada/train_[w94FZZn1WR4]_chunk0.mp3,w94FZZn1WR4,17.03,18.31,3.0,3.0,0.0,0.0
DarbariKanada#2,DarbariKanada,n m P `S,DarbariKanada/train_[w94FZZn1WR4]_chunk0.mp3,w94FZZn1WR4,17.07,18.35,3.0,3.0,0.0,0.0
DarbariKanada#2,DarbariKanada,n m P `S,DarbariKanada/train_[w94FZZn1WR4]_chunk1.mp3,w94FZZn1WR4,16.23,16.64,3.0,3.0,0.0,0.0
DarbariKanada#2,DarbariKanada,n m P `S,DarbariKanada/train_[w94FZZn1WR4]_chunk1.mp3,w94FZZn1WR4,17.74,18.03,3.0,3.0,0.0,0.0
DarbariKanada#2,DarbariKanada,n m P `S,DarbariKanada/train_[w94FZZn1WR4]_chunk1.mp3,w94FZZn1WR4,15.56,15.91,3.0,3.0,0.0,0.0
DarbariKanada#2,DarbariKanada,n m P `S,DarbariKanada/train_[w94FZZn1WR4]_chunk1.mp3,w94FZZn1WR4,15.31,15.91,3.0,3.0,0.0,0.0
DarbariKanada#2,DarbariKanada,n m P `S,DarbariKanada/train_[w94FZZn1WR4]_chunk1.mp3,w94FZZn1WR4,16.11,16.39,3.0,3.0,0.0,0.0
DarbariKanada#2,DarbariKanada,n m P `S,DarbariKanada/train_[w94FZZn1WR4]_chunk2.mp3,w94FZZn1WR4,12.02,12.37,3.0,3.0,0.0,0.0
DarbariKanada#2,DarbariKanada,n m P `S,DarbariKanada/train_[w94FZZn1WR4]_chunk2.mp3,w94FZZn1WR4,0.18,0.46,3.0,3.0,0.0,0.0
DarbariKanada#2,DarbariKanada,n m P `S,DarbariKanada/train_[w94FZZn1WR4]_chunk2.mp3,w94FZZn1WR4,13.92,14.28,3.0,3.0,0.0,0.0
DarbariKanada#2,DarbariKanada,n m P `S,DarbariKanada/train_[w94FZZn1WR4]_chunk2.mp3,w94FZZn1WR4,14.65,14.95,3.0,3.0,0.0,0.0
DarbariKanada#2,DarbariKanada,n m P `S,DarbariKanada/train_[w94FZZn1WR4]_chunk2.mp3,w94FZZn1WR4,0.52,1.8,3.0,3.0,0.0,0.0
DarbariKanada#2,DarbariKanada,n m P `S,DarbariKanada/train_[w94FZZn1WR4]_chunk3.mp3,w94FZZn1WR4,12.73,13.03,3.0,3.0,0.0,0.0
DarbariKanada#2,DarbariKanada,n m P `S,DarbariKanada/train_[w94FZZn1WR4]_chunk3.mp3,w94FZZn1WR4,13.81,14.2,3.0,3.0,0.0,0.0
DarbariKanada#2,DarbariKanada,n m P `S,DarbariKanada/train_[w94FZZn1WR4]_chunk3.mp3,w94FZZn1WR4,2.92,3.2,3.0,3.0,0.0,0.0
DarbariKanada#2,DarbariKanada,n m P `S,DarbariKanada/train_[w94FZZn1WR4]_chunk3.mp3,w94FZZn1WR4,15.61,15.91,3.0,3.0,0.0,0.0
DarbariKanada#2,DarbariKanada,n m P `S,DarbariKanada/train_[w94FZZn1WR4]_chunk3.mp3,w94FZZn1WR4,9.65,9.99,3.0,3.0,0.0,0.0
DarbariKanada#2,DarbariKanada,n m P `S,DarbariKanada/train_[w94FZZn1WR4]_chunk4.mp3,w94FZZn1WR4,8.32,8.75,3.0,3.0,0.0,0.0
DarbariKanada#2,DarbariKanada,n m P `S,DarbariKanada/train_[w94FZZn1WR4]_chunk4.mp3,w94FZZn1WR4,12.43,12.78,3.0,3.0,0.0,0.0
DarbariKanada#2,DarbariKanada,n m P `S,DarbariKanada/train_[9tHmbMWStuM]_chunk0.mp3,9tHmbMWStuM,3.79,9.65,3.022,3.0,0.022,0.0
DarbariKanada#2,DarbariKanada,n m P `S,DarbariKanada/train_[FbKY_if4s_s]_chunk3.mp3,FbKY_if4s_s,7.79,8.12,3.041,1.041,0.0,0.0
DarbariKanada#2,DarbariKanada,n m P `S,DarbariKanada/train_[UJrKhIEQVM0]_chunk3.mp3,UJrKhIEQVM0,0.09,1.67,3.045,3.0,0.0,0.045
DarbariKanada#2,DarbariKanada,n m P `S,DarbariKanada/train_[9tHmbMWStuM]_chunk3.mp3,9tHmbMWStuM,5.32,6.42,3.065,3.0,0.0,0.065
DarbariKanada#2,DarbariKanada,n m P `S,DarbariKanada/train_[LJgaxfjQBzc]_chunk3.mp3,LJgaxfjQBzc,10.31,10.83,3.138,3.0,0.0,0.138
DarbariKanada#2,DarbariKanada,n m P `S,DarbariKanada/train_[FbKY_if4s_s]_chunk3.mp3,FbKY_if4s_s,9.9,10.28,3.15,3.0,0.0,0.15
DarbariKanada#2,DarbariKanada,n m P `S,DarbariKanada/train_[9tHmbMWStuM]_chunk2.mp3,9tHmbMWStuM,0.92,1.78,3.158,3.0,0.158,0.0
DarbariKanada#2,DarbariKanada,n m P `S,DarbariKanada/train_[FbKY_if4s_s]_chunk4.mp3,FbKY_if4s_s,18.36,18.97,3.176,3.0,0.0,0.176
DarbariKanada#2,DarbariKanada,n m P `S,DarbariKanada/train_[LJgaxfjQBzc]_chunk0.mp3,LJgaxfjQBzc,21.67,21.96,3.188,3.0,0.0,0.188
DarbariKanada#2,DarbariKanada,n m P `S,DarbariKanada/train_[LJgaxfjQBzc]_chunk1.mp3,LJgaxfjQBzc,13.23,13.88,3.189,3.0,0.0,0.189
DarbariKanada#2,DarbariKanada,n m P `S,DarbariKanada/train_[LJgaxfjQBzc]_chunk4.mp3,LJgaxfjQBzc,13.28,13.76,3.192,3.0,0.038,0.154
DarbariKanada#2,DarbariKanada,n m P `S,DarbariKanada/train_[9tHmbMWStuM]_chunk0.mp3,9tHmbMWStuM,3.79,5.24,3.231,3.0,0.231,0.0
DarbariKanada#2,DarbariKanada,n m P `S,DarbariKanada/train_[IKNN8CIF_as]_chunk2.mp3,IKNN8CIF_as,5.16,5.64,3.259,3.0,0.0,0.259
DarbariKanada#2,DarbariKanada,n m P `S,DarbariKanada/train_[w94FZZn1WR4]_chunk4.mp3,w94FZZn1WR4,3.29,3.63,3.263,3.0,0.053,0.211
DarbariKanada#2,DarbariKanada,n m P `S,DarbariKanada/train_[9tHmbMWStuM]_chunk3.mp3,9tHmbMWStuM,16.25,16.71,3.308,3.0,0.0,0.308
DarbariKanada#2,DarbariKanada,n m P `S,DarbariKanada/train_[FbKY_if4s_s]_chunk4.mp3,FbKY_if4s_s,12.94,13.23,3.312,3.0,0.0,0.312
DarbariKanada#2,DarbariKanada,n m P `S,DarbariKanada/train_[FbKY_if4s_s]_chunk3.mp3,FbKY_if4s_s,23.59,24.04,3.32,3.0,0.0,0.32
DarbariKanada#2,DarbariKanada,n m P `S,DarbariKanada/train_[FbKY_if4s_s]_chunk4.mp3,FbKY_if4s_s,15.66,16.25,3.333,3.0,0.212,0.121
DarbariKanada#2,DarbariKanada,n m P `S,DarbariKanada/train_[LJgaxfjQBzc]_chunk3.mp3,LJgaxfjQBzc,14.58,15.06,3.333,3.0,0.148,0.185
DarbariKanada#2,DarbariKanada,n m P `S,DarbariKanada/train_[LJgaxfjQBzc]_chunk4.mp3,LJgaxfjQBzc,19.13,19.45,3.333,3.0,0.0,0.333
DarbariKanada#2,DarbariKanada,n m P `S,DarbariKanada/train_[LJgaxfjQBzc]_chunk4.mp3,LJgaxfjQBzc,28.98,29.44,3.346,3.0,0.0,0.346
DarbariKanada#2,DarbariKanada,n m P `S,DarbariKanada/train_[FbKY_if4s_s]_chunk4.mp3,FbKY_if4s_s,12.94,14.01,3.37,3.0,0.278,0.093
DarbariKanada#2,DarbariKanada,n m P `S,DarbariKanada/train_[9tHmbMWStuM]_chunk2.mp3,9tHmbMWStuM,4.89,5.17,3.375,3.0,0.0,0.375
DarbariKanada#2,DarbariKanada,n m P `S,DarbariKanada/train_[9tHmbMWStuM]_chunk2.mp3,9tHmbMWStuM,15.48,15.77,3.375,3.0,0.0,0.375
DarbariKanada#2,DarbariKanada,n m P `S,DarbariKanada/train_[9tHmbMWStuM]_chunk3.mp3,9tHmbMWStuM,14.65,15.45,3.375,3.0,0.0,0.375
DarbariKanada#2,DarbariKanada,n m P `S,DarbariKanada/train_[9tHmbMWStuM]_chunk3.mp3,9tHmbMWStuM,14.61,15.45,3.375,3.0,0.0,0.375
DarbariKanada#2,DarbariKanada,n m P `S,DarbariKanada/train_[9tHmbMWStuM]_chunk3.mp3,9tHmbMWStuM,14.58,15.45,3.375,3.0,0.0,0.375
DarbariKanada#2,DarbariKanada,n m P `S,DarbariKanada/train_[IKNN8CIF_as]_chunk1.mp3,IKNN8CIF_as,6.81,8.18,3.381,3.0,0.0,0.381
DarbariKanada#2,DarbariKanada,n m P `S,DarbariKanada/train_[IKNN8CIF_as]_chunk1.mp3,IKNN8CIF_as,6.81,8.16,3.4,3.0,0.0,0.4
DarbariKanada#2,DarbariKanada,n m P `S,DarbariKanada/train_[IKNN8CIF_as]_chunk1.mp3,IKNN8CIF_as,6.81,8.14,3.421,3.0,0.0,0.421
DarbariKanada#2,DarbariKanada,n m P `S,DarbariKanada/train_[FbKY_if4s_s]_chunk3.mp3,FbKY_if4s_s,31.36,31.95,3.424,3.0,0.0,0.424
DarbariKanada#2,DarbariKanada,n m P `S,DarbariKanada/train_[IKNN8CIF_as]_chunk2.mp3,IKNN8CIF_as,17.4,17.9,3.429,3.0,0.0,0.429
DarbariKanada#2,DarbariKanada,n m P `S,DarbariKanada/train_[w94FZZn1WR4]_chunk4.mp3,w94FZZn1WR4,14.49,15.2,3.429,3.0,0.229,0.2
DarbariKanada#2,DarbariKanada,n m P `S,DarbariKanada/train_[LJgaxfjQBzc]_chunk0.mp3,LJgaxfjQBzc,21.78,22.31,3.433,3.0,0.333,0.1
DarbariKanada#2,DarbariKanada,n m P `S,DarbariKanada/train_[9tHmbMWStuM]_chunk2.mp3,9tHmbMWStuM,5.71,5.99,3.438,3.0,0.0,0.438
DarbariKanada#2,DarbariKanada,n m P `S,DarbariKanada/train_[9tHmbMWStuM]_chunk2.mp3,9tHmbMWStuM,12.11,12.39,3.438,3.0,0.0,0.438
DarbariKanada#2,DarbariKanada,n m P `S,DarbariKanada/train_[LJgaxfjQBzc]_chunk0.mp3,LJgaxfjQBzc,1.83,2.12,3.438,3.0,0.0,0.438
DarbariKanada#2,DarbariKanada,n m P `S,DarbariKanada/train_[w94FZZn1WR4]_chunk4.mp3,w94FZZn1WR4,3.52,3.8,3.438,3.0,0.0,0.438
DarbariKanada#2,DarbariKanada,n m P `S,DarbariKanada/train_[IKNN8CIF_as]_chunk1.mp3,IKNN8CIF_as,6.81,8.12,3.444,3.0,0.0,0.444
DarbariKanada#2,DarbariKanada,n m P `S,DarbariKanada/train_[IKNN8CIF_as]_chunk2.mp3,IKNN8CIF_as,8.8,9.26,3.462,3.0,0.0,0.462
DarbariKanada#2,DarbariKanada,n m P `S,DarbariKanada/train_[IKNN8CIF_as]_chunk1.mp3,IKNN8CIF_as,6.81,8.11,3.471,3.0,0.0,0.471
DarbariKanada#2,DarbariKanada,n m P `S,DarbariKanada/train_[LJgaxfjQBzc]_chunk0.mp3,LJgaxfjQBzc,19.88,20.16,3.5,3.0,0.0,0.5
DarbariKanada#2,DarbariKanada,n m P `S,DarbariKanada/train_[LJgaxfjQBzc]_chunk1.mp3,LJgaxfjQBzc,8.85,9.16,3.5,3.0,0.0,0.5
DarbariKanada#2,DarbariKanada,n m P `S,DarbariKanada/train_[LJgaxfjQBzc]_chunk1.mp3,LJgaxfjQBzc,9.16,9.48,3.529,3.0,0.0,0.529
DarbariKanada#2,DarbariKanada,n m P `S,DarbariKanada/train_[LJgaxfjQBzc]_chunk1.mp3,LJgaxfjQBzc,22.47,23.22,3.548,3.0,0.381,0.167
DarbariKanada#2,DarbariKanada,n m P `S,DarbariKanada/train_[LJgaxfjQBzc]_chunk1.mp3,LJgaxfjQBzc,20.5,21.0,3.706,3.0,0.0,0.706
DarbariKanada#3,DarbariKanada,`S n d n P m P m g m R S,DarbariKanada/train_[9tHmbMWStuM]_chunk0.mp3,9tHmbMWStuM,16.84,17.87,3.0,3.0,0.0,0.0
DarbariKanada#3,DarbariKanada,`S n d n P m P m g m R S,DarbariKanada/train_[9tHmbMWStuM]_chunk0.mp3,9tHmbMWStuM,18.38,19.24,3.0,3.0,0.0,0.0
DarbariKanada#3,DarbariKanada,`S n d n P m P m g m R S,DarbariKanada/train_[9tHmbMWStuM]_chunk0.mp3,9tHmbMWStuM,9.14,10.99,3.0,3.0,0.0,0.0
DarbariKanada#3,DarbariKanada,`S n d n P m P m g m R S,DarbariKanada/train_[9tHmbMWStuM]_chunk1.mp3,9tHmbMWStuM,7.82,9.39,3.0,3.0,0.0,0.0
DarbariKanada#3,DarbariKanada,`S n d n P m P m g m R S,DarbariKanada/train_[9tHmbMWStuM]_chunk1.mp3,9tHmbMWStuM,7.38,8.37,3.0,3.0,0.0,0.0
DarbariKanada#3,DarbariKanada,`S n d n P m P m g m R S,DarbariKanada/train_[9tHmbMWStuM]_chunk1.mp3,9tHmbMWStuM,0.57,1.8,3.0,3.0,0.0,0.0
DarbariKanada#3,DarbariKanada,`S n d n P m P m g m R S,DarbariKanada/train_[9tHmbMWStuM]_chunk1.mp3,9tHmbMWStuM,5.72,6.58,3.0,3.0,0.0,0.0
DarbariKanada#3,DarbariKanada,`S n d n P m P m g m R S,DarbariKanada/train_[9tHmbMWStuM]_chunk1.mp3,9tHmbMWStuM,0.12,1.07,3.0,3.0,0.0,0.0
DarbariKanada#3,DarbariKanada,`S n d n P m P m g m R S,DarbariKanada/train_[9tHmbMWStuM]_chunk2.mp3,9tHmbMWStuM,2.83,3.68,3.0,3.0,0.0,0.0
DarbariKanada#3,DarbariKanada,`S n d n P m P m g m R S,DarbariKanada/train_[9tHmbMWStuM]_chunk3.mp3,9tHmbMWStuM,11.18,12.16,3.0,3.0,0.0,0.0
DarbariKanada#3,DarbariKanada,`S n d n P m P m g m R S,DarbariKanada/train_[9tHmbMWStuM]_chunk3.mp3,9tHmbMWStuM,0.39,1.53,3.0,3.0,0.0,0.0
DarbariKanada#3,DarbariKanada,`S n d n P m P m g m R S,DarbariKanada/train_[9tHmbMWStuM]_chunk3.mp3,9tHmbMWStuM,4.12,5.0,3.0,3.0,0.0,0.0
DarbariKanada#3,DarbariKanada,`S n d n P m P m g m R S,DarbariKanada/train_[9tHmbMWStuM]_chunk4.mp3,9tHmbMWStuM,0.71,2.93,3.0,3.0,0.0,0.0
DarbariKanada#3,DarbariKanada,`S n d n P m P m g m R S,DarbariKanada/train_[9tHmbMWStuM]_chunk4.mp3,9tHmbMWStuM,3.22,6.06,3.0,3.0,0.0,0.0
DarbariKanada#3,DarbariKanada,`S n d n P m P m g m R S,DarbariKanada/train_[9tHmbMWStuM]_chunk4.mp3,9tHmbMWStuM,3.2,6.04,3.0,3.0,0.0,0.0
DarbariKanada#3,DarbariKanada,`S n d n P m P m g m R S,DarbariKanada/train_[9tHmbMWStuM]_chunk4.mp3,9tHmbMWStuM,3.18,6.03,3.0,3.0,0.0,0.0
DarbariKanada#3,DarbariKanada,`S n d n P m P m g m R S,DarbariKanada/train_[9tHmbMWStuM]_chunk4.mp3,9tHmbMWStuM,3.09,5.94,3.0,3.0,0.0,0.0
DarbariKanada#3,DarbariKanada,`S n d n P m P m g m R S,DarbariKanada/train_[FbKY_if4s_s]_chunk0.mp3,FbKY_if4s_s,0.57,1.58,3.0,3.0,0.0,0.0
DarbariKanada#3,DarbariKanada,`S n d n P m P m g m R S,DarbariKanada/train_[FbKY_if4s_s]_chunk0.mp3,FbKY_if4s_s,26.92,27.82,3.0,3.0,0.0,0.0
DarbariKanada#3,DarbariKanada,`S n d n P m P m g m R S,DarbariKanada/train_[FbKY_if4s_s]_chunk0.mp3,FbKY_if4s_s,14.65,16.07,3.0,3.0,0.0,0.0
DarbariKanada#3,DarbariKanada,`S n d n P m P m g m R S,DarbariKanada/train_[FbKY_if4s_s]_chunk0.mp3,FbKY_if4s_s,28.66,30.31,3.0,3.0,0.0,0.0
DarbariKanada#3,DarbariKanada,`S n d n P m P m g m R S,DarbariKanada/train_[FbKY_if4s_s]_chunk0.mp3,FbKY_if4s_s,22.04,22.9,3.0,3.0,0.0,0.0
DarbariKanada#3,DarbariKanada,`S n d n P m P m g m R S,DarbariKanada/train_[FbKY_if4s_s]_chunk1.mp3,FbKY_if4s_s,6.97,7.86,3.0,3.0,0.0,0.0
DarbariKanada#3,DarbariKanada,`S n d n P m P m g m R S,DarbariKanada/train_[FbKY_if4s_s]_chunk1.mp3,FbKY_if4s_s,13.44,14.29,3.0,3.0,0.0,0.0
DarbariKanada#3,DarbariKanada,`S n d n P m P m g m R S,DarbariKanada/train_[FbKY_if4s_s]_chunk1.mp3,FbKY_if4s_s,0.85,1.72,3.0,3.0,0.0,0.0
DarbariKanada#3,DarbariKanada,`S n d n P m P m g m R S,DarbariKanada/train_[FbKY_if4s_s]_chunk1.mp3,FbKY_if4s_s,0.14,1.19,3.0,3.0,0.0,0.0
DarbariKanada#3,DarbariKanada,`S n d n P m P m g m R S,DarbariKanada/train_[FbKY_if4s_s]_chunk1.mp3,FbKY_if4s_s,1.49,2.44,3.0,3.0,0.0,0.0
DarbariKanada#3,DarbariKanada,`S n d n P m P m g m R S,DarbariKanada/train_[FbKY_if4s_s]_chunk2.mp3,FbKY_if4s_s,15.47,17.24,3.0,3.0,0.0,0.0
DarbariKanada#3,DarbariKanada,`S n d n P m P m g m R S,DarbariKanada/train_[FbKY_if4s_s]_chunk2.mp3,FbKY_if4s_s,17.39,18.65,3.0,3.0,0.0,0.0
DarbariKanada#3,DarbariKanada,`S n d n P m P m g m R S,DarbariKanada/train_[FbKY_if4s_s]_chunk2.mp3,FbKY_if4s_s,6.26,7.2,3.0,3.0,0.0,0.0
DarbariKanada#3,DarbariKanada,`S n d n P m P m g m R S,DarbariKanada/train_[FbKY_if4s_s]_chunk2.mp3,FbKY_if4s_s,10.04,11.89,3.0,3.0,0.0,0.0
DarbariKanada#3,DarbariKanada,`S n d n P m P m g m R S,DarbariKanada/train_[FbKY_if4s_s]_chunk2.mp3,FbKY_if4s_s,0.87,1.72,3.0,3.0,0.0,0.0
DarbariKanada#3,DarbariKanada,`S n d n P m P m g m R S,DarbariKanada/train_[FbKY_if4s_s]_chunk4.mp3,FbKY_if4s_s,7.5,8.41,3.0,3.0,0.0,0.0
DarbariKanada#3,DarbariKanada,`S n d n P m P m g m R S,DarbariKanada/train_[FbKY_if4s_s]_chunk4.mp3,FbKY_if4s_s,0.43,1.39,3.0,3.0,0.0,0.0
DarbariKanada#3,DarbariKanada,`S n d n P m P m g m R S,DarbariKanada/train_[IKNN8CIF_as]_chunk0.mp3,IKNN8CIF_as,13.07,15.7,3.0,3.0,0.0,0.0
DarbariKanada#3,DarbariKanada,`S n d n P m P m g m R S,DarbariKanada/train_[IKNN8CIF_as]_chunk0.mp3,IKNN8CIF_as,4.52,6.63,3.0,3.0,0.0,0.0
DarbariKanada#3,DarbariKanada,`S n d n P m P m g m R S,DarbariKanada/train_[IKNN8CIF_as]_chunk0.mp3,IKNN8CIF_as,13.01,13.87,3.0,3.0,0.0,0.0
DarbariKanada#3,DarbariKanada,`S n d n P m P m g m R S,DarbariKanada/train_[IKNN8CIF_as]_chunk0.mp3,IKNN8CIF_as,4.27,5.19,3.0,3.0,0.0,0.0
DarbariKanada#3,DarbariKanada,`S n d n P m P m g m R S,DarbariKanada/train_[IKNN8CIF_as]_chunk0.mp3,IKNN8CIF_as,11.5,12.36,3.0,3.0,0.0,0.0
DarbariKanada#3,DarbariKanada,`S n d n P m P m g m R S,DarbariKanada/train_[IKNN8CIF_as]_chunk1.mp3,IKNN8CIF_as,11.22,12.76,3.0,3.0,0.0,0.0
DarbariKanada#3,DarbariKanada,`S n d n P m P m g m R S,DarbariKanada/train_[IKNN8CIF_as]_chunk1.mp3,IKNN8CIF_as,9.85,11.15,3.0,3.0,0.0,0.0
DarbariKanada#3,DarbariKanada,`S n d n P m P m g m R S,DarbariKanada/train_[IKNN8CIF_as]_chunk1.mp3,IKNN8CIF_as,12.96,13.97,3.0,3.0,0.0,0.0
DarbariKanada#3,DarbariKanada,`S n d n P m P m g m R S,DarbariKanada/train_[IKNN8CIF_as]_chunk1.mp3,IKNN8CIF_as,12.21,13.39,3.0,3.0,0.0,0.0
DarbariKanada#3,DarbariKanada,`S n d n P m P m g m R S,DarbariKanada/train_[IKNN8CIF_as]_chunk2.mp3,IKNN8CIF_as,2.65,3.5,3.0,3.0,0.0,0.0
DarbariKanada#3,DarbariKanada,`S n d n P m P m g m R S,DarbariKanada/train_[IKNN8CIF_as]_chunk3.mp3,IKNN8CIF_as,13.53,14.56,3.0,3.0,0.0,0.0
DarbariKanada#3,DarbariKanada,`S n d n P m P m g m R S,DarbariKanada/train_[IKNN8CIF_as]_chunk3.mp3,IKNN8CIF_as,12.84,13.8,3.0,3.0,0.0,0.0
DarbariKanada#3,DarbariKanada,`S n d n P m P m g m R S,DarbariKanada/train_[IKNN8CIF_as]_chunk3.mp3,IKNN8CIF_as,6.88,7.73,3.0,3.0,0.0,0.0
DarbariKanada#3,DarbariKanada,`S n d n P m P m g m R S,DarbariKanada/train_[IKNN8CIF_as]_chunk3.mp3,IKNN8CIF_as,17.37,18.22,3.0,3.0,0.0,0.0
DarbariKanada#3,DarbariKanada,`S n d n P m P m g m R S,DarbariKanada/train_[IKNN8CIF_as]_chunk3.mp3,IKNN8CIF_as,18.54,19.4,3.0,3.0,0.0,0.0
DarbariKanada#3,DarbariKanada,`S n d n P m P m g m R S,DarbariKanada/train_[IKNN8CIF_as]_chunk4.mp3,IKNN8CIF_as,3.11,4.18,3.0,3.0,0.0,0.0
DarbariKanada#3,DarbariKanada,`S n d n P m P m g m R S,DarbariKanada/train_[IKNN8CIF_as]_chunk4.mp3,IKNN8CIF_as,0.27,1.49,3.0,3.0,0.0,0.0
DarbariKanada#3,DarbariKanada,`S n d n P m P m g m R S,DarbariKanada/train_[IKNN8CIF_as]_chunk4.mp3,IKNN8CIF_as,9.1,10.04,3.0,3.0,0.0,0.0
DarbariKanada#3,DarbariKanada,`S n d n P m P m g m R S,DarbariKanada/train_[IKNN8CIF_as]_chunk4.mp3,IKNN8CIF_as,8.3,9.16,3.0,3.0,0.0,0.0
DarbariKanada#3,DarbariKanada,`S n d n P m P m g m R S,DarbariKanada/train_[LJgaxfjQBzc]_chunk0.mp3,LJgaxfjQBzc,6.79,7.84,3.0,3.0,0.0,0.0
DarbariKanada#3,DarbariKanada,`S n d n P m P m g m R S,DarbariKanada/train_[LJgaxfjQBzc]_chunk0.mp3,LJgaxfjQBzc,26.42,27.29,3.0,3.0,0.0,0.0
DarbariKanada#3,DarbariKanada,`S n d n P m P m g m R S,DarbariKanada/train_[LJgaxfjQBzc]_chunk0.mp3,LJgaxfjQBzc,9.88,10.74,3.0,3.0,0.0,0.0
DarbariKanada#3,DarbariKanada,`S n d n P m P m g m R S,DarbariKanada/train_[LJgaxfjQBzc]_chunk0.mp3,LJgaxfjQBzc,27.73,28.59,3.0,3.0,0.0,0.0
DarbariKanada#3,DarbariKanada,`S n d n P m P m g m R S,DarbariKanada/train_[LJgaxfjQBzc]_chunk1.mp3,LJgaxfjQBzc,0.14,1.05,3.0,3.0,0.0,0.0
DarbariKanada#3,DarbariKanada,`S n d n P m P m g m R S,DarbariKanada/train_[LJgaxfjQBzc]_chunk2.mp3,LJgaxfjQBzc,17.49,20.68,3.0,3.0,0.0,0.0
DarbariKanada#3,DarbariKanada,`S n d n P m P m g m R S,DarbariKanada/train_[LJgaxfjQBzc]_chunk2.mp3,LJgaxfjQBzc,17.49,18.36,3.0,3.0,0.0,0.0
DarbariKanada#3,DarbariKanada,`S n d n P m P m g m R S,DarbariKanada/train_[LJgaxfjQBzc]_chunk2.mp3,LJgaxfjQBzc,2.83,4.71,3.0,3.0,0.0,0.0
DarbariKanada#3,DarbariKanada,`S n d n P m P m g m R S,DarbariKanada/train_[LJgaxfjQBzc]_chunk2.mp3,LJgaxfjQBzc,22.03,22.88,3.0,3.0,0.0,0.0
DarbariKanada#3,DarbariKanada,`S n d n P m P m g m R S,DarbariKanada/train_[UJrKhIEQVM0]_chunk0.mp3,UJrKhIEQVM0,8.07,9.81,3.0,3.0,0.0,0.0
DarbariKanada#3,DarbariKanada,`S n d n P m P m g m R S,DarbariKanada/train_[UJrKhIEQVM0]_chunk0.mp3,UJrKhIEQVM0,16.68,17.58,3.0,3.0,0.0,0.0
DarbariKanada#3,DarbariKanada,`S n d n P m P m g m R S,DarbariKanada/train_[UJrKhIEQVM0]_chunk0.mp3,UJrKhIEQVM0,18.79,19.64,3.0,3.0,0.0,0.0
DarbariKanada#3,DarbariKanada,`S n d n P m P m g m R S,DarbariKanada/train_[UJrKhIEQVM0]_chunk0.mp3,UJrKhIEQVM0,18.33,19.18,3.0,3.0,0.0,0.0
DarbariKanada#3,DarbariKanada,`S n d n P m P m g m R S,DarbariKanada/train_[UJrKhIEQVM0]_chunk0.mp3,UJrKhIEQVM0,17.85,18.7,3.0,3.0,0.0,0.0
DarbariKanada#3,DarbariKanada,`S n d n P m P m g m R S,DarbariKanada/train_[UJrKhIEQVM0]_chunk1.mp3,UJrKhIEQVM0,17.42,18.42,3.0,3.0,0.0,0.0
DarbariKanada#3,DarbariKanada,`S n d n P m P m g m R S,DarbariKanada/train_[UJrKhIEQVM0]_chunk1.mp3,UJrKhIEQVM0,3.86,4.75,3.0,3.0,0.0,0.0
DarbariKanada#3,DarbariKanada,`S n d n P m P m g m R S,DarbariKanada/train_[UJrKhIEQVM0]_chunk1.mp3,UJrKhIEQVM0,16.6,17.49,3.0,3.0,0.0,0.0
DarbariKanada#3,DarbariKanada,`S n d n P m P m g m R S,DarbariKanada/train_[UJrKhIEQVM0]_chunk2.mp3,UJrKhIEQVM0,0.0,0.85,3.0,3.0,0.0,0.0
DarbariKanada#3,DarbariKanada,`S n d n P m P m g m R S,DarbariKanada/train_[UJrKhIEQVM0]_chunk2.mp3,UJrKhIEQVM0,1.3,2.2,3.0,3.0,0.0,0.0
DarbariKanada#3,DarbariKanada,`S n d n P m P m g m R S,DarbariKanada/train_[UJrKhIEQVM0]_chunk2.mp3,UJrKhIEQVM0,14.24,15.15,3.0,3.0,0.0,0.0
DarbariKanada#3,DarbariKanada,`S n d n P m P m g m R S,DarbariKanada/train_[UJrKhIEQVM0]_chunk2.mp3,UJrKhIEQVM0,8.16,9.01,3.0,3.0,0.0,0.0
DarbariKanada#3,DarbariKanada,`S n d n P m P m g m R S,DarbariKanada/train_[UJrKhIEQVM0]_chunk2.mp3,UJrKhIEQVM0,5.67,6.52,3.0,3.0,0.0,0.0
DarbariKanada#3,DarbariKanada,`S n d n P m P m g m R S,DarbariKanada/train_[UJrKhIEQVM0]_chunk3.mp3,UJrKhIEQVM0,17.88,18.74,3.0,3.0,0.0,0.0
DarbariKanada#3,DarbariKanada,`S n d n P m P m g m R S,DarbariKanada/train_[UJrKhIEQVM0]_chunk3.mp3,UJrKhIEQVM0,0.09,0.94,3.0,3.0,0.0,0.0
DarbariKanada#3,DarbariKanada,`S n d n P m P m g m R S,DarbariKanada/train_[UJrKhIEQVM0]_chunk4.mp3,UJrKhIEQVM0,0.55,1.49,3.0,3.0,0.0,0.0
DarbariKanada#3,DarbariKanada,`S n d n P m P m g m R S,DarbariKanada/train_[UJrKhIEQVM0]_chunk4.mp3,UJrKhIEQVM0,14.17,15.16,3.0,3.0,0.0,0.0
DarbariKanada#3,DarbariKanada,`S n d n P m P m g m R S,DarbariKanada/train_[UJrKhIEQVM0]_chunk4.mp3,UJrKhIEQVM0,1.67,3.11,3.0,3.0,0.0,0.0
DarbariKanada#3,DarbariKanada,`S n d n P m P m g m R S,DarbariKanada/train_[UJrKhIEQVM0]_chunk4.mp3,UJrKhIEQVM0,8.28,9.21,3.0,3.0,0.0,0.0
DarbariKanada#3,DarbariKanada,`S n d n P m P m g m R S,DarbariKanada/train_[UJrKhIEQVM0]_chunk4.mp3,UJrKhIEQVM0,13.37,14.28,3.0,3.0,0.0,0.0
DarbariKanada#3,DarbariKanada,`S n d n P m P m g m R S,DarbariKanada/train_[w94FZZn1WR4]_chunk0.mp3,w94FZZn1WR4,17.51,19.52,3.0,3.0,0.0,0.0
DarbariKanada#3,DarbariKanada,`S n d n P m P m g m R S,DarbariKanada/train_[w94FZZn1WR4]_chunk0.mp3,w94FZZn1WR4,17.03,18.58,3.0,3.0,0.0,0.0
DarbariKanada#3,DarbariKanada,`S n d n P m P m g m R S,DarbariKanada/train_[w94FZZn1WR4]_chunk0.mp3,w94FZZn1WR4,2.03,2.88,3.0,3.0,0.0,0.0
DarbariKanada#3,DarbariKanada,`S n d n P m P m g m R S,DarbariKanada/train_[w94FZZn1WR4]_chunk1.mp3,w94FZZn1WR4,2.86,4.27,3.0,3.0,0.0,0.0
DarbariKanada#3,DarbariKanada,`S n d n P m P m g m R S,DarbariKanada/train_[w94FZZn1WR4]_chunk1.mp3,w94FZZn1WR4,0.28,1.35,3.0,3.0,0.0,0.0
DarbariKanada#3,DarbariKanada,`S n d n P m P m g m R S,DarbariKanada/train_[w94FZZn1WR4]_chunk2.mp3,w94FZZn1WR4,3.61,5.14,3.0,3.0,0.0,0.0
DarbariKanada#3,DarbariKanada,`S n d n P m P m g m R S,DarbariKanada/train_[w94FZZn1WR4]_chunk3.mp3,w94FZZn1WR4,13.74,15.45,3.0,3.0,0.0,0.0
DarbariKanada#3,DarbariKanada,`S n d n P m P m g m R S,DarbariKanada/train_[w94FZZn1WR4]_chunk3.mp3,w94FZZn1WR4,15.25,16.25,3.0,3.0,0.0,0.0
DarbariKanada#3,DarbariKanada,`S n d n P m P m g m R S,DarbariKanada/train_[w94FZZn1WR4]_chunk3.mp3,w94FZZn1WR4,1.53,2.38,3.0,3.0,0.0,0.0
DarbariKanada#3,DarbariKanada,`S n d n P m P m g m R S,DarbariKanada/train_[w94FZZn1WR4]_chunk3.mp3,w94FZZn1WR4,6.31,7.22,3.0,3.0,0.0,0.0
DarbariKanada#3,DarbariKanada,`S n d n P m P m g m R S,DarbariKanada/train_[w94FZZn1WR4]_chunk4.mp3,w94FZZn1WR4,18.38,19.66,3.0,3.0,0.0,0.0
DarbariKanada#3,DarbariKanada,`S n d n P m P m g m R S,DarbariKanada/train_[w94FZZn1WR4]_chunk4.mp3,w94FZZn1WR4,1.87,3.27,3.0,3.0,0.0,0.0
DarbariKanada#3,DarbariKanada,`S n d n P m P m g m R S,DarbariKanada/train_[w94FZZn1WR4]_chunk1.mp3,w94FZZn1WR4,2.86,6.88,3.005,3.0,0.0,0.005
DarbariKanada#3,DarbariKanada,`S n d n P m P m g m R S,DarbariKanada/train_[w94FZZn1WR4]_chunk1.mp3,w94FZZn1WR4,17.65,19.24,3.012,3.0,0.0,0.012
DarbariKanada#3,DarbariKanada,`S n d n P m P m g m R S,DarbariKanada/train_[UJrKhIEQVM0]_chunk1.mp3,UJrKhIEQVM0,5.69,13.17,3.015,3.0,0.015,0.0
DarbariKanada#3,DarbariKanada,`S n d n P m P m g m R S,DarbariKanada/train_[LJgaxfjQBzc]_chunk0.mp3,LJgaxfjQBzc,24.57,25.65,3.016,3.0,0.016,0.0
DarbariKanada#3,DarbariKanada,`S n d n P m P m g m R S,DarbariKanada/train_[w94FZZn1WR4]_chunk3.mp3,w94FZZn1WR4,1.96,2.99,3.018,3.0,0.018,0.0
DarbariKanada#3,DarbariKanada,`S n d n P m P m g m R S,DarbariKanada/train_[w94FZZn1WR4]_chunk2.mp3,w94FZZn1WR4,5.92,6.9,3.018,3.0,0.018,0.0
DarbariKanada#3,DarbariKanada,`S n d n P m P m g m R S,DarbariKanada/train_[FbKY_if4s_s]_chunk4.mp3,FbKY_if4s_s,3.45,4.48,3.019,3.0,0.019,0.0
DarbariKanada#3,DarbariKanada,`S n d n P m P m g m R S,DarbariKanada/train_[UJrKhIEQVM0]_chunk1.mp3,UJrKhIEQVM0,12.11,14.03,3.019,3.0,0.019,0.0
DarbariKanada#3,DarbariKanada,`S n d n P m P m g m R S,DarbariKanada/train_[LJgaxfjQBzc]_chunk1.mp3,LJgaxfjQBzc,3.41,4.3,3.02,3.0,0.0,0.02
DarbariKanada#3,DarbariKanada,`S n d n P m P m g m R S,DarbariKanada/train_[LJgaxfjQBzc]_chunk3.mp3,LJgaxfjQBzc,19.4,20.27,3.02,3.0,0.02,0.0
DarbariKanada#3,DarbariKanada,`S n d n P m P m g m R S,DarbariKanada/train_[9tHmbMWStuM]_chunk3.mp3,9tHmbMWStuM,10.6,11.45,3.021,3.0,0.0,0.021
DarbariKanada#3,DarbariKanada,`S n d n P m P m g m R S,DarbariKanada/train_[w94FZZn1WR4]_chunk1.mp3,w94FZZn1WR4,12.64,15.91,3.032,3.0,0.0,0.032
DarbariKanada#3,DarbariKanada,`S n d n P m P m g m R S,DarbariKanada/train_[9tHmbMWStuM]_chunk0.mp3,9tHmbMWStuM,18.81,19.88,3.033,3.0,0.0,0.033
DarbariKanada#3,DarbariKanada,`S n d n P m P m g m R S,DarbariKanada/train_[LJgaxfjQBzc]_chunk4.mp3,LJgaxfjQBzc,24.76,25.78,3.035,3.0,0.035,0.0
DarbariKanada#3,DarbariKanada,`S n d n P m P m g m R S,DarbariKanada/train_[IKNN8CIF_as]_chunk1.mp3,IKNN8CIF_as,18.01,19.43,3.038,3.0,0.0,0.037
DarbariKanada#3,DarbariKanada,`S n d n P m P m g m R S,DarbariKanada/train_[w94FZZn1WR4]_chunk0.mp3,w94FZZn1WR4,12.82,13.76,3.038,3.0,0.038,0.0
DarbariKanada#3,DarbariKanada,`S n d n P m P m g m R S,DarbariKanada/train_[LJgaxfjQBzc]_chunk2.mp3,LJgaxfjQBzc,3.11,5.0,3.04,3.0,0.04,0.0
DarbariKanada#3,DarbariKanada,`S n d n P m P m g m R S,DarbariKanada/train_[w94FZZn1WR4]_chunk2.mp3,w94FZZn1WR4,0.0,1.83,3.042,3.0,0.0,0.042
DarbariKanada#3,DarbariKanada,`S n d n P m P m g m R S,DarbariKanada/train_[w94FZZn1WR4]_chunk2.mp3,w94FZZn1WR4,7.59,8.57,3.055,3.0,0.0,0.055
DarbariKanada#3,DarbariKanada,`S n d n P m P m g m R S,DarbariKanada/train_[w94FZZn1WR4]_chunk4.mp3,w94FZZn1WR4,8.28,11.54,3.056,3.0,0.056,0.0
DarbariKanada#3,DarbariKanada,`S n d n P m P m g m R S,DarbariKanada/train_[FbKY_if4s_s]_chunk4.mp3,FbKY_if4s_s,13.58,14.76,3.057,3.0,0.057,0.0
DarbariKanada#3,DarbariKanada,`S n d n P m P m g m R S,DarbariKanada/train_[LJgaxfjQBzc]_chunk3.mp3,LJgaxfjQBzc,28.8,29.71,3.059,3.0,0.059,0.0
DarbariKanada#3,DarbariKanada,`S n d n P m P m g m R S,DarbariKanada/train_[w94FZZn1WR4]_chunk0.mp3,w94FZZn1WR4,2.2,10.77,3.061,3.0,0.031,0.029
DarbariKanada#3,DarbariKanada,`S n d n P m P m g m R S,DarbariKanada/train_[9tHmbMWStuM]_chunk0.mp3,9tHmbMWStuM,11.45,13.51,3.062,3.0,0.062,0.0
DarbariKanada#3,DarbariKanada,`S n d n P m P m g m R S,DarbariKanada/train_[w94FZZn1WR4]_chunk2.mp3,w94FZZn1WR4,6.81,7.66,3.062,3.0,0.0,0.062
DarbariKanada#3,DarbariKanada,`S n d n P m P m g m R S,DarbariKanada/train_[LJgaxfjQBzc]_chunk4.mp3,LJgaxfjQBzc,1.48,2.84,3.065,3.0,0.052,0.013
DarbariKanada#3,DarbariKanada,`S n d n P m P m g m R S,DarbariKanada/train_[w94FZZn1WR4]_chunk4.mp3,w94FZZn1WR4,8.28,9.62,3.075,3.0,0.075,0.0
DarbariKanada#3,DarbariKanada,`S n d n P m P m g m R S,DarbariKanada/train_[IKNN8CIF_as]_chunk2.mp3,IKNN8CIF_as,7.54,8.46,3.077,3.0,0.077,0.0
DarbariKanada#3,DarbariKanada,`S n d n P m P m g m R S,DarbariKanada/train_[9tHmbMWStuM]_chunk3.mp3,9tHmbMWStuM,9.05,10.06,3.088,3.0,0.088,0.0
DarbariKanada#3,DarbariKanada,`S n d n P m P m g m R S,DarbariKanada/train_[UJrKhIEQVM0]_chunk3.mp3,UJrKhIEQVM0,11.38,12.76,3.088,3.0,0.088,0.0
DarbariKanada#3,DarbariKanada,`S n d n P m P m g m R S,DarbariKanada/train_[LJgaxfjQBzc]_chunk4.mp3,LJgaxfjQBzc,0.14,1.58,3.099,3.0,0.086,0.012
DarbariKanada#3,DarbariKanada,`S n d n P m P m g m R S,DarbariKanada/train_[FbKY_if4s_s]_chunk4.mp3,FbKY_if4s_s,12.87,14.01,3.104,3.0,0.0,0.104
DarbariKanada#3,DarbariKanada,`S n d n P m P m g m R S,DarbariKanada/train_[UJrKhIEQVM0]_chunk3.mp3,UJrKhIEQVM0,18.86,20.0,3.109,3.0,0.0,0.109
DarbariKanada#3,DarbariKanada,`S n d n P m P m g m R S,DarbariKanada/train_[LJgaxfjQBzc]_chunk1.mp3,LJgaxfjQBzc,11.91,13.17,3.113,3.0,0.056,0.056
DarbariKanada#3,DarbariKanada,`S n d n P m P m g m R S,DarbariKanada/train_[w94FZZn1WR4]_chunk4.mp3,w94FZZn1WR4,13.62,15.2,3.116,3.0,0.014,0.101
DarbariKanada#3,DarbariKanada,`S n d n P m P m g m R S,DarbariKanada/train_[LJgaxfjQBzc]_chunk1.mp3,LJgaxfjQBzc,13.01,14.03,3.123,3.0,0.0,0.123
DarbariKanada#3,DarbariKanada,`S n d n P m P m g m R S,DarbariKanada/train_[LJgaxfjQBzc]_chunk3.mp3,LJgaxfjQBzc,10.29,11.16,3.125,3.0,0.0,0.125
DarbariKanada#3,DarbariKanada,`S n d n P m P m g m R S,DarbariKanada/train_[UJrKhIEQVM0]_chunk3.mp3,UJrKhIEQVM0,2.97,4.34,3.13,3.0,0.13,0.0
DarbariKanada#3,DarbariKanada,`S n d n P m P m g m R S,DarbariKanada/train_[IKNN8CIF_as]_chunk4.mp3,IKNN8CIF_as,9.37,12.62,3.137,3.0,0.071,0.066
DarbariKanada#3,DarbariKanada,`S n d n P m P m g m R S,DarbariKanada/train_[LJgaxfjQBzc]_chunk3.mp3,LJgaxfjQBzc,17.12,18.08,3.185,3.0,0.111,0.074
DarbariKanada#3,DarbariKanada,`S n d n P m P m g m R S,DarbariKanada/train_[9tHmbMWStuM]_chunk2.mp3,9tHmbMWStuM,18.35,19.25,3.204,3.0,0.0,0.204
DarbariKanada#3,DarbariKanada,`S n d n P m P m g m R S,DarbariKanada/train_[IKNN8CIF_as]_chunk2.mp3,IKNN8CIF_as,8.09,8.94,3.208,3.0,0.0,0.208
DarbariKanada#3,DarbariKanada,`S n d n P m P m g m R S,DarbariKanada/train_[IKNN8CIF_as]_chunk2.mp3,IKNN8CIF_as,14.52,15.38,3.208,3.0,0.0,0.208
DarbariKanada#3,DarbariKanada,`S n d n P m P m g m R S,DarbariKanada/train_[IKNN8CIF_as]_chunk2.mp3,IKNN8CIF_as,14.97,15.95,3.218,3.0,0.036,0.182
DarbariKanada#3,DarbariKanada,`S n d n P m P m g m R S,DarbariKanada/train_[LJgaxfjQBzc]_chunk1.mp3,LJgaxfjQBzc,11.29,12.14,3.229,3.0,0.0,0.229
DarbariKanada#3,DarbariKanada,`S n d n P m P m g m R S,DarbariKanada/train_[LJgaxfjQBzc]_chunk4.mp3,LJgaxfjQBzc,19.96,21.39,3.231,3.0,0.205,0.026
DarbariKanada#3,DarbariKanada,`S n d n P m P m g m R S,DarbariKanada/train_[LJgaxfjQBzc]_chunk4.mp3,LJgaxfjQBzc,9.05,9.94,3.24,3.0,0.04,0.2
DarbariKanada#3,DarbariKanada,`S n d n P m P m g m R S,DarbariKanada/train_[9tHmbMWStuM]_chunk2.mp3,9tHmbMWStuM,0.0,0.85,3.25,3.0,0.0,0.25
DarbariKanada#3,DarbariKanada,`S n d n P m P m g m R S,DarbariKanada/train_[9tHmbMWStuM]_chunk2.mp3,9tHmbMWStuM,10.29,11.15,3.396,3.0,0.0,0.396
DarbariKanada#3,DarbariKanada,`S n d n P m P m g m R S,DarbariKanada/train_[LJgaxfjQBzc]_chunk3.mp3,LJgaxfjQBzc,7.2,8.64,3.407,3.0,0.259,0.148
DarbariKanada#3,DarbariKanada,`S n d n P m P m g m R S,DarbariKanada/train_[FbKY_if4s_s]_chunk3.mp3,FbKY_if4s_s,31.18,32.05,3.531,3.0,0.0,0.531
DarbariKanada#3,DarbariKanada,`S n d n P m P m g m R S,DarbariKanada/train_[FbKY_if4s_s]_chunk3.mp3,FbKY_if4s_s,6.06,7.45,4.13,3.0,0.13,0.0
DarbariKanada#3,DarbariKanada,`S n d n P m P m g m R S,DarbariKanada/train_[FbKY_if4s_s]_chunk3.mp3,FbKY_if4s_s,26.95,28.12,4.172,3.0,0.141,0.031
DarbariKanada#3,DarbariKanada,`S n d n P m P m g m R S,DarbariKanada/train_[9tHmbMWStuM]_chunk2.mp3,9tHmbMWStuM,10.83,12.71,4.217,3.0,0.0,0.217
DarbariKanada#3,DarbariKanada,`S n d n P m P m g m R S,DarbariKanada/train_[FbKY_if4s_s]_chunk3.mp3,FbKY_if4s_s,25.35,26.97,4.222,3.0,0.189,0.033
DarbariKanada#3,DarbariKanada,`S n d n P m P m g m R S,DarbariKanada/train_[FbKY_if4s_s]_chunk3.mp3,FbKY_if4s_s,28.09,29.67,4.258,3.0,0.258,0.0
Lalit#0,Lalit,",N r G m M m G r S",Lalit/train_[0xb3rorA4Wo]_chunk0.mp3,0xb3rorA4Wo,12.07,13.76,0.467,0.35,0.085,0.032
Lalit#0,Lalit,",N r G m M m G r S",Lalit/train_[GDxVV60_RcU]_chunk0.mp3,GDxVV60_RcU,0.37,5.76,1.279,1.263,0.017,0.0
Lalit#0,Lalit,",N r G m M m G r S",Lalit/train_[NAc1yRhmoPs]_chunk4.mp3,NAc1yRhmoPs,16.0,17.33,1.465,1.3,0.164,0.0
Lalit#0,Lalit,",N r G m M m G r S",Lalit/train_[W4p_lZa4OHs]_chunk0.mp3,W4p_lZa4OHs,4.84,6.79,1.484,0.23,0.255,0.0
Lalit#0,Lalit,",N r G m M m G r S",Lalit/train_[hJ8dQge_OJY]_chunk3.mp3,hJ8dQge_OJY,21.87,22.58,1.501,1.501,0.0,0.0
Lalit#0,Lalit,",N r G m M m G r S",Lalit/train_[W8R--A38sxk]_chunk0.mp3,W8R--A38sxk,9.03,10.1,1.567,1.2,0.367,0.0
Lalit#0,Lalit,",N r G m M m G r S",Lalit/train_[NAc1yRhmoPs]_chunk4.mp3,NAc1yRhmoPs,13.64,15.66,1.731,1.6,0.132,0.0
Lalit#0,Lalit,",N r G m M m G r S",Lalit/train_[W8R--A38sxk]_chunk1.mp3,W8R--A38sxk,15.93,17.3,1.8,1.709,0.091,0.0
Lalit#0,Lalit,",N r G m M m G r S",Lalit/train_[0xb3rorA4Wo]_chunk2.mp3,0xb3rorA4Wo,0.48,1.83,1.863,1.85,0.013,0.0
Lalit#0,Lalit,",N r G m M m G r S",Lalit/train_[NAc1yRhmoPs]_chunk4.mp3,NAc1yRhmoPs,17.87,19.47,1.939,1.85,0.089,0.0
Lalit#0,Lalit,",N r G m M m G r S",Lalit/train_[1AYckL0Qx1Q]_chunk2.mp3,1AYckL0Qx1Q,17.03,18.63,1.957,1.58,0.367,0.011
Lalit#0,Lalit,",N r G m M m G r S",Lalit/train_[hJ8dQge_OJY]_chunk2.mp3,hJ8dQge_OJY,39.29,40.59,2.078,0.801,0.278,0.0
Lalit#0,Lalit,",N r G m M m G r S",Lalit/train_[1AYckL0Qx1Q]_chunk0.mp3,1AYckL0Qx1Q,0.53,2.1,2.127,1.73,0.386,0.011
Lalit#0,Lalit,",N r G m M m G r S",Lalit/train_[1AYckL0Qx1Q]_chunk3.mp3,1AYckL0Qx1Q,13.48,14.4,2.309,2.059,0.25,0.0
Lalit#0,Lalit,",N r G m M m G r S",Lalit/train_[W8R--A38sxk]_chunk3.mp3,W8R--A38sxk,10.95,12.23,2.476,2.059,0.375,0.042
Lalit#0,Lalit,",N r G m M m G r S",Lalit/train_[NAc1yRhmoPs]_chunk4.mp3,NAc1yRhmoPs,12.69,13.78,2.598,2.5,0.098,0.0
Lalit#0,Lalit,",N r G m M m G r S",Lalit/train_[W8R--A38sxk]_chunk4.mp3,W8R--A38sxk,6.24,7.18,2.604,2.359,0.189,0.057
Lalit#0,Lalit,",N r G m M m G r S",Lalit/train_[W4p_lZa4OHs]_chunk4.mp3,W4p_lZa4OHs,15.18,16.0,2.681,2.421,0.13,0.13
Lalit#0,Lalit,",N r G m M m G r S",Lalit/train_[W4p_lZa4OHs]_chunk0.mp3,W4p_lZa4OHs,7.43,8.82,2.741,1.52,0.221,0.0
Lalit#0,Lalit,",N r G m M m G r S",Lalit/train_[W8R--A38sxk]_chunk0.mp3,W8R--A38sxk,9.97,10.63,2.77,2.77,0.0,0.0
Lalit#0,Lalit,",N r G m M m G r S",Lalit/train_[0xb3rorA4Wo]_chunk4.mp3,0xb3rorA4Wo,18.61,19.79,2.818,1.5,0.288,0.03
Lalit#0,Lalit,",N r G m M m G r S",Lalit/train_[0xb3rorA4Wo]_chunk0.mp3,0xb3rorA4Wo,15.34,16.2,3.0,3.0,0.0,0.0
Lalit#0,Lalit,",N r G m M m G r S",Lalit/train_[0xb3rorA4Wo]_chunk0.mp3,0xb3rorA4Wo,1.14,1.78,3.0,3.0,0.0,0.0
Lalit#0,Lalit,",N r G m M m G r S",Lalit/train_[0xb3rorA4Wo]_chunk0.mp3,0xb3rorA4Wo,0.69,1.33,3.0,3.0,0.0,0.0
Lalit#0,Lalit,",N r G m M m G r S",Lalit/train_[0xb3rorA4Wo]_chunk0.mp3,0xb3rorA4Wo,0.25,0.89,3.0,3.0,0.0,0.0
Lalit#0,Lalit,",N r G m M m G r S",Lalit/train_[0xb3rorA4Wo]_chunk1.mp3,0xb3rorA4Wo,0.46,1.9,3.0,3.0,0.0,0.0
Lalit#0,Lalit,",N r G m M m G r S",Lalit/train_[0xb3rorA4Wo]_chunk1.mp3,0xb3rorA4Wo,0.07,0.84,3.0,3.0,0.0,0.0
Lalit#0,Lalit,",N r G m M m G r S",Lalit/train_[0xb3rorA4Wo]_chunk1.mp3,0xb3rorA4Wo,3.41,4.05,3.0,3.0,0.0,0.0
Lalit#0,Lalit,",N r G m M m G r S",Lalit/train_[0xb3rorA4Wo]_chunk1.mp3,0xb3rorA4Wo,4.36,5.05,3.0,3.0,0.0,0.0
Lalit#0,Lalit,",N r G m M m G r S",Lalit/train_[0xb3rorA4Wo]_chunk1.mp3,0xb3rorA4Wo,14.29,14.93,3.0,3.0,0.0,0.0
Lalit#0,Lalit,",N r G m M m G r S",Lalit/train_[0xb3rorA4Wo]_chunk2.mp3,0xb3rorA4Wo,17.83,19.47,3.0,3.0,0.0,0.0
Lalit#0,Lalit,",N r G m M m G r S",Lalit/train_[0xb3rorA4Wo]_chunk2.mp3,0xb3rorA4Wo,6.68,7.32,3.0,3.0,0.0,0.0
Lalit#0,Lalit,",N r G m M m G r S",Lalit/train_[0xb3rorA4Wo]_chunk2.mp3,0xb3rorA4Wo,17.67,19.31,3.0,3.0,0.0,0.0
Lalit#0,Lalit,",N r G m M m G r S",Lalit/train_[1AYckL0Qx1Q]_chunk0.mp3,1AYckL0Qx1Q,2.03,2.67,3.0,3.0,0.0,0.0
Lalit#0,Lalit,",N r G m M m G r S",Lalit/train_[1AYckL0Qx1Q]_chunk1.mp3,1AYckL0Qx1Q,9.88,10.76,3.0,3.0,0.0,0.0
Lalit#0,Lalit,",N r G m M m G r S",Lalit/train_[1AYckL0Qx1Q]_chunk1.mp3,1AYckL0Qx1Q,16.76,17.74,3.0,3.0,0.0,0.0
Lalit#0,Lalit,",N r G m M m G r S",Lalit/train_[1AYckL0Qx1Q]_chunk1.mp3,1AYckL0Qx1Q,16.48,17.12,3.0,3.0,0.0,0.0
Lalit#0,Lalit,",N r G m M m G r S",Lalit/train_[1AYckL0Qx1Q]_chunk1.mp3,1AYckL0Qx1Q,18.36,19.18,3.0,3.0,0.0,0.0
Lalit#0,Lalit,",N r G m M m G r S",Lalit/train_[1AYckL0Qx1Q]_chunk1.mp3,1AYckL0Qx1Q,17.8,18.45,3.0,3.0,0.0,0.0
Lalit#0,Lalit,",N r G m M m G r S",Lalit/train_[1AYckL0Qx1Q]_chunk2.mp3,1AYckL0Qx1Q,8.39,9.12,3.0,3.0,0.0,0.0
Lalit#0,Lalit,",N r G m M m G r S",Lalit/train_[1AYckL0Qx1Q]_chunk3.mp3,1AYckL0Qx1Q,17.03,17.67,3.0,3.0,0.0,0.0
Lalit#0,Lalit,",N r G m M m G r S",Lalit/train_[1AYckL0Qx1Q]_chunk4.mp3,1AYckL0Qx1Q,19.15,19.89,3.0,3.0,0.0,0.0
Lalit#0,Lalit,",N r G m M m G r S",Lalit/train_[1AYckL0Qx1Q]_chunk4.mp3,1AYckL0Qx1Q,1.56,2.22,3.0,3.0,0.0,0.0
Lalit#0,Lalit,",N r G m M m G r S",Lalit/train_[1AYckL0Qx1Q]_chunk4.mp3,1AYckL0Qx1Q,2.33,3.04,3.0,3.0,0.0,0.0
Lalit#0,Lalit,",N r G m M m G r S",Lalit/train_[1AYckL0Qx1Q]_chunk4.mp3,1AYckL0Qx1Q,17.87,18.52,3.0,3.0,0.0,0.0
Lalit#0,Lalit,",N r G m M m G r S",Lalit/train_[GDxVV60_RcU]_chunk0.mp3,GDxVV60_RcU,0.37,1.88,3.0,3.0,0.0,0.0
Lalit#0,Lalit,",N r G m M m G r S",Lalit/train_[GDxVV60_RcU]_chunk0.mp3,GDxVV60_RcU,15.02,15.66,3.0,3.0,0.0,0.0
Lalit#0,Lalit,",N r G m M m G r S",Lalit/train_[GDxVV60_RcU]_chunk0.mp3,GDxVV60_RcU,15.43,16.07,3.0,3.0,0.0,0.0
Lalit#0,Lalit,",N r G m M m G r S",Lalit/train_[GDxVV60_RcU]_chunk0.mp3,GDxVV60_RcU,15.63,17.12,3.0,3.0,0.0,0.0
Lalit#0,Lalit,",N r G m M m G r S",Lalit/train_[GDxVV60_RcU]_chunk1.mp3,GDxVV60_RcU,19.16,19.8,3.0,3.0,0.0,0.0
Lalit#0,Lalit,",N r G m M m G r S",Lalit/train_[GDxVV60_RcU]_chunk2.mp3,GDxVV60_RcU,6.56,7.47,3.0,3.0,0.0,0.0
Lalit#0,Lalit,",N r G m M m G r S",Lalit/train_[GDxVV60_RcU]_chunk3.mp3,GDxVV60_RcU,9.83,10.67,3.0,3.0,0.0,0.0
Lalit#0,Lalit,",N r G m M m G r S",Lalit/train_[NAc1yRhmoPs]_chunk0.mp3,NAc1yRhmoPs,6.7,7.36,3.0,3.0,0.0,0.0
Lalit#0,Lalit,",N r G m M m G r S",Lalit/train_[NAc1yRhmoPs]_chunk0.mp3,NAc1yRhmoPs,13.78,14.72,3.0,3.0,0.0,0.0
Lalit#0,Lalit,",N r G m M m G r S",Lalit/train_[NAc1yRhmoPs]_chunk0.mp3,NAc1yRhmoPs,4.05,4.69,3.0,3.0,0.0,0.0
Lalit#0,Lalit,",N r G m M m G r S",Lalit/train_[NAc1yRhmoPs]_chunk0.mp3,NAc1yRhmoPs,5.88,6.52,3.0,3.0,0.0,0.0
Lalit#0,Lalit,",N r G m M m G r S",Lalit/train_[NAc1yRhmoPs]_chunk0.mp3,NAc1yRhmoPs,6.33,6.97,3.0,3.0,0.0,0.0
Lalit#0,Lalit,",N r G m M m G r S",Lalit/train_[NAc1yRhmoPs]_chunk1.mp3,NAc1yRhmoPs,0.43,2.52,3.0,3.0,0.0,0.0
Lalit#0,Lalit,",N r G m M m G r S",Lalit/train_[NAc1yRhmoPs]_chunk1.mp3,NAc1yRhmoPs,7.91,9.26,3.0,3.0,0.0,0.0
Lalit#0,Lalit,",N r G m M m G r S",Lalit/train_[NAc1yRhmoPs]_chunk1.mp3,NAc1yRhmoPs,3.11,3.88,3.0,3.0,0.0,0.0
Lalit#0,Lalit,",N r G m M m G r S",Lalit/train_[NAc1yRhmoPs]_chunk1.mp3,NAc1yRhmoPs,16.05,16.76,3.0,3.0,0.0,0.0
Lalit#0,Lalit,",N r G m M m G r S",Lalit/train_[NAc1yRhmoPs]_chunk1.mp3,NAc1yRhmoPs,16.41,17.65,3.0,3.0,0.0,0.0
Lalit#0,Lalit,",N r G m M m G r S",Lalit/train_[NAc1yRhmoPs]_chunk2.mp3,NAc1yRhmoPs,15.82,17.32,3.0,3.0,0.0,0.0
Lalit#0,Lalit,",N r G m M m G r S",Lalit/train_[NAc1yRhmoPs]_chunk2.mp3,NAc1yRhmoPs,7.41,8.11,3.0,3.0,0.0,0.0
Lalit#0,Lalit,",N r G m M m G r S",Lalit/train_[NAc1yRhmoPs]_chunk2.mp3,NAc1yRhmoPs,6.97,7.75,3.0,3.0,0.0,0.0
Lalit#0,Lalit,",N r G m M m G r S",Lalit/train_[NAc1yRhmoPs]_chunk2.mp3,NAc1yRhmoPs,5.67,6.97,3.0,3.0,0.0,0.0
Lalit#0,Lalit,",N r G m M m G r S",Lalit/train_[NAc1yRhmoPs]_chunk2.mp3,NAc1yRhmoPs,6.52,7.75,3.0,3.0,0.0,0.0
Lalit#0,Lalit,",N r G m M m G r S",Lalit/train_[NAc1yRhmoPs]_chunk3.mp3,NAc1yRhmoPs,16.27,18.52,3.0,3.0,0.0,0.0
Lalit#0,Lalit,",N r G m M m G r S",Lalit/train_[NAc1yRhmoPs]_chunk3.mp3,NAc1yRhmoPs,2.26,4.14,3.0,3.0,0.0,0.0
Lalit#0,Lalit,",N r G m M m G r S",Lalit/train_[NAc1yRhmoPs]_chunk3.mp3,NAc1yRhmoPs,4.0,5.96,3.0,3.0,0.0,0.0
Lalit#0,Lalit,",N r G m M m G r S",Lalit/train_[NAc1yRhmoPs]_chunk3.mp3,NAc1yRhmoPs,13.0,13.64,3.0,3.0,0.0,0.0
Lalit#0,Lalit,",N r G m M m G r S",Lalit/train_[NAc1yRhmoPs]_chunk3.mp3,NAc1yRhmoPs,8.82,9.46,3.0,3.0,0.0,0.0
Lalit#0,Lalit,",N r G m M m G r S",Lalit/train_[NAc1yRhmoPs]_chunk4.mp3,NAc1yRhmoPs,17.49,18.4,3.0,3.0,0.0,0.0
Lalit#0,Lalit,",N r G m M m G r S",Lalit/train_[W4p_lZa4OHs]_chunk1.mp3,W4p_lZa4OHs,10.84,11.48,3.0,3.0,0.0,0.0
Lalit#0,Lalit,",N r G m M m G r S",Lalit/train_[W4p_lZa4OHs]_chunk1.mp3,W4p_lZa4OHs,2.51,3.15,3.0,3.0,0.0,0.0
Lalit#0,Lalit,",N r G m M m G r S",Lalit/train_[W4p_lZa4OHs]_chunk1.mp3,W4p_lZa4OHs,5.26,5.9,3.0,3.0,0.0,0.0
Lalit#0,Lalit,",N r G m M m G r S",Lalit/train_[W4p_lZa4OHs]_chunk1.mp3,W4p_lZa4OHs,0.16,0.84,3.0,3.0,0.0,0.0
Lalit#0,Lalit,",N r G m M m G r S",Lalit/train_[W4p_lZa4OHs]_chunk2.mp3,W4p_lZa4OHs,0.12,0.8,3.0,3.0,0.0,0.0
Lalit#0,Lalit,",N r G m M m G r S",Lalit/train_[W4p_lZa4OHs]_chunk2.mp3,W4p_lZa4OHs,18.88,19.64,3.0,3.0,0.0,0.0
Lalit#0,Lalit,",N r G m M m G r S",Lalit/train_[W4p_lZa4OHs]_chunk2.mp3,W4p_lZa4OHs,12.12,12.76,3.0,3.0,0.0,0.0
Lalit#0,Lalit,",N r G m M m G r S",Lalit/train_[W4p_lZa4OHs]_chunk2.mp3,W4p_lZa4OHs,11.77,12.41,3.0,3.0,0.0,0.0
Lalit#0,Lalit,",N r G m M m G r S",Lalit/train_[W4p_lZa4OHs]_chunk2.mp3,W4p_lZa4OHs,2.2,2.93,3.0,3.0,0.0,0.0
Lalit#0,Lalit,",N r G m M m G r S",Lalit/train_[W4p_lZa4OHs]_chunk4.mp3,W4p_lZa4OHs,18.97,19.61,3.0,3.0,0.0,0.0
Lalit#0,Lalit,",N r G m M m G r S",Lalit/train_[W4p_lZa4OHs]_chunk4.mp3,W4p_lZa4OHs,17.78,18.42,3.0,3.0,0.0,0.0
Lalit#0,Lalit,",N r G m M m G r S",Lalit/train_[W4p_lZa4OHs]_chunk4.mp3,W4p_lZa4OHs,8.0,8.64,3.0,3.0,0.0,0.0
Lalit#0,Lalit,",N r G m M m G r S",Lalit/train_[W8R--A38sxk]_chunk0.mp3,W8R--A38sxk,12.07,15.18,3.0,3.0,0.0,0.0
Lalit#0,Lalit,",N r G m M m G r S",Lalit/train_[W8R--A38sxk]_chunk0.mp3,W8R--A38sxk,12.07,12.71,3.0,3.0,0.0,0.0
Lalit#0,Lalit,",N r G m M m G r S",Lalit/train_[W8R--A38sxk]_chunk0.mp3,W8R--A38sxk,4.62,6.93,3.0,3.0,0.0,0.0
Lalit#0,Lalit,",N r G m M m G r S",Lalit/train_[W8R--A38sxk]_chunk1.mp3,W8R--A38sxk,8.59,9.87,3.0,3.0,0.0,0.0
Lalit#0,Lalit,",N r G m M m G r S",Lalit/train_[W8R--A38sxk]_chunk1.mp3,W8R--A38sxk,8.02,8.69,3.0,3.0,0.0,0.0
Lalit#0,Lalit,",N r G m M m G r S",Lalit/train_[W8R--A38sxk]_chunk1.mp3,W8R--A38sxk,7.66,8.62,3.0,3.0,0.0,0.0
Lalit#0,Lalit,",N r G m M m G r S",Lalit/train_[W8R--A38sxk]_chunk1.mp3,W8R--A38sxk,14.03,14.72,3.0,3.0,0.0,0.0
Lalit#0,Lalit,",N r G m M m G r S",Lalit/train_[W8R--A38sxk]_chunk2.mp3,W8R--A38sxk,2.42,3.5,3.0,3.0,0.0,0.0
Lalit#0,Lalit,",N r G m M m G r S",Lalit/train_[W8R--A38sxk]_chunk2.mp3,W8R--A38sxk,6.93,8.57,3.0,3.0,0.0,0.0
Lalit#0,Lalit,",N r G m M m G r S",Lalit/train_[W8R--A38sxk]_chunk2.mp3,W8R--A38sxk,11.75,12.44,3.0,3.0,0.0,0.0
Lalit#0,Lalit,",N r G m M m G r S",Lalit/train_[W8R--A38sxk]_chunk2.mp3,W8R--A38sxk,4.3,4.94,3.0,3.0,0.0,0.0
Lalit#0,Lalit,",N r G m M m G r S",Lalit/train_[W8R--A38sxk]_chunk2.mp3,W8R--A38sxk,18.28,18.92,3.0,3.0,0.0,0.0
Lalit#0,Lalit,",N r G m M m G r S",Lalit/train_[W8R--A38sxk]_chunk4.mp3,W8R--A38sxk,0.09,0.73,3.0,3.0,0.0,0.0
Lalit#0,Lalit,",N r G m M m G r S",Lalit/train_[Xdy2gufZoFU]_chunk0.mp3,Xdy2gufZoFU,5.21,5.85,3.0,3.0,0.0,0.0
Lalit#0,Lalit,",N r G m M m G r S",Lalit/train_[Xdy2gufZoFU]_chunk0.mp3,Xdy2gufZoFU,13.37,14.42,3.0,3.0,0.0,0.0
Lalit#0,Lalit,",N r G m M m G r S",Lalit/train_[Xdy2gufZoFU]_chunk0.mp3,Xdy2gufZoFU,5.56,6.2,3.0,3.0,0.0,0.0
Lalit#0,Lalit,",N r G m M m G r S",Lalit/train_[Xdy2gufZoFU]_chunk1.mp3,Xdy2gufZoFU,7.91,8.85,3.0,3.0,0.0,0.0
Lalit#0,Lalit,",N r G m M m G r S",Lalit/train_[Xdy2gufZoFU]_chunk2.mp3,Xdy2gufZoFU,6.1,7.2,3.0,3.0,0.0,0.0
Lalit#0,Lalit,",N r G m M m G r S",Lalit/train_[Xdy2gufZoFU]_chunk4.mp3,Xdy2gufZoFU,1.19,1.83,3.0,3.0,0.0,0.0
Lalit#0,Lalit,",N r G m M m G r S",Lalit/train_[Xdy2gufZoFU]_chunk4.mp3,Xdy2gufZoFU,7.47,9.05,3.0,3.0,0.0,0.0
Lalit#0,Lalit,",N r G m M m G r S",Lalit/train_[hJ8dQge_OJY]_chunk0.mp3,hJ8dQge_OJY,0.8,1.44,3.0,3.0,0.0,0.0
Lalit#0,Lalit,",N r G m M m G r S",Lalit/train_[hJ8dQge_OJY]_chunk0.mp3,hJ8dQge_OJY,0.44,1.08,3.0,3.0,0.0,0.0
Lalit#0,Lalit,",N r G m M m G r S",Lalit/train_[hJ8dQge_OJY]_chunk0.mp3,hJ8dQge_OJY,20.0,20.64,3.0,3.0,0.0,0.0
Lalit#0,Lalit,",N r G m M m G r S",Lalit/train_[hJ8dQge_OJY]_chunk1.mp3,hJ8dQge_OJY,3.43,5.08,3.0,3.0,0.0,0.0
Lalit#0,Lalit,",N r G m M m G r S",Lalit/train_[hJ8dQge_OJY]_chunk1.mp3,hJ8dQge_OJY,32.11,33.96,3.0,3.0,0.0,0.0
Lalit#0,Lalit,",N r G m M m G r S",Lalit/train_[hJ8dQge_OJY]_chunk1.mp3,hJ8dQge_OJY,31.84,33.62,3.0,3.0,0.0,0.0
Lalit#0,Lalit,",N r G m M m G r S",Lalit/train_[hJ8dQge_OJY]_chunk1.mp3,hJ8dQge_OJY,3.29,3.95,3.0,3.0,0.0,0.0
Lalit#0,Lalit,",N r G m M m G r S",Lalit/train_[hJ8dQge_OJY]_chunk1.mp3,hJ8dQge_OJY,14.03,14.67,3.0,3.0,0.0,0.0
Lalit#0,Lalit,",N r G m M m G r S",Lalit/train_[hJ8dQge_OJY]_chunk3.mp3,hJ8dQge_OJY,1.87,2.52,3.0,3.0,0.0,0.0
Lalit#0,Lalit,",N r G m M m G r S",Lalit/train_[smYksULTb4I]_chunk0.mp3,smYksULTb4I,1.8,2.56,3.0,3.0,0.0,0.0
Lalit#0,Lalit,",N r G m M m G r S",Lalit/train_[smYksULTb4I]_chunk0.mp3,smYksULTb4I,15.25,16.3,3.0,3.0,0.0,0.0
Lalit#0,Lalit,",N r G m M m G r S",Lalit/train_[smYksULTb4I]_chunk0.mp3,smYksULTb4I,7.86,9.96,3.0,3.0,0.0,0.0
Lalit#0,Lalit,",N r G m M m G r S",Lalit/train_[smYksULTb4I]_chunk0.mp3,smYksULTb4I,7.84,8.48,3.0,3.0,0.0,0.0
Lalit#0,Lalit,",N r G m M m G r S",Lalit/train_[smYksULTb4I]_chunk0.mp3,smYksULTb4I,0.68,1.48,3.0,3.0,0.0,0.0
Lalit#0,Lalit,",N r G m M m G r S",Lalit/train_[smYksULTb4I]_chunk1.mp3,smYksULTb4I,6.45,7.11,3.0,3.0,0.0,0.0
Lalit#0,Lalit,",N r G m M m G r S",Lalit/train_[smYksULTb4I]_chunk1.mp3,smYksULTb4I,0.62,1.3,3.0,3.0,0.0,0.0
Lalit#0,Lalit,",N r G m M m G r S",Lalit/train_[smYksULTb4I]_chunk1.mp3,smYksULTb4I,16.76,17.76,3.0,3.0,0.0,0.0
Lalit#0,Lalit,",N r G m M m G r S",Lalit/train_[smYksULTb4I]_chunk1.mp3,smYksULTb4I,15.0,16.64,3.0,3.0,0.0,0.0
Lalit#0,Lalit,",N r G m M m G r S",Lalit/train_[smYksULTb4I]_chunk1.mp3,smYksULTb4I,14.86,16.5,3.0,3.0,0.0,0.0
Lalit#0,Lalit,",N r G m M m G r S",Lalit/train_[smYksULTb4I]_chunk2.mp3,smYksULTb4I,9.56,10.38,3.0,3.0,0.0,0.0
Lalit#0,Lalit,",N r G m M m G r S",Lalit/train_[smYksULTb4I]_chunk2.mp3,smYksULTb4I,2.58,3.45,3.0,3.0,0.0,0.0
Lalit#0,Lalit,",N r G m M m G r S",Lalit/train_[smYksULTb4I]_chunk2.mp3,smYksULTb4I,3.47,4.37,3.0,3.0,0.0,0.0
Lalit#0,Lalit,",N r G m M m G r S",Lalit/train_[smYksULTb4I]_chunk2.mp3,smYksULTb4I,3.93,4.96,3.0,3.0,0.0,0.0
Lalit#0,Lalit,",N r G m M m G r S",Lalit/train_[smYksULTb4I]_chunk2.mp3,smYksULTb4I,17.07,17.92,3.0,3.0,0.0,0.0
Lalit#0,Lalit,",N r G m M m G r S",Lalit/train_[smYksULTb4I]_chunk3.mp3,smYksULTb4I,12.46,13.1,3.0,3.0,0.0,0.0
Lalit#0,Lalit,",N r G m M m G r S",Lalit/train_[smYksULTb4I]_chunk3.mp3,smYksULTb4I,15.82,16.46,3.0,3.0,0.0,0.0
Lalit#0,Lalit,",N r G m M m G r S",Lalit/train_[smYksULTb4I]_chunk3.mp3,smYksULTb4I,15.24,15.88,3.0,3.0,0.0,0.0
Lalit#0,Lalit,",N r G m M m G r S",Lalit/train_[smYksULTb4I]_chunk4.mp3,smYksULTb4I,4.89,5.65,3.0,3.0,0.0,0.0
Lalit#0,Lalit,",N r G m M m G r S",Lalit/train_[smYksULTb4I]_chunk4.mp3,smYksULTb4I,16.28,17.67,3.013,3.0,0.013,0.0
Lalit#0,Lalit,",N r G m M m G r S",Lalit/train_[GDxVV60_RcU]_chunk4.mp3,GDxVV60_RcU,14.22,19.98,3.02,3.0,0.0,0.02
Lalit#0,Lalit,",N r G m M m G r S",Lalit/train_[0xb3rorA4Wo]_chunk2.mp3,0xb3rorA4Wo,10.79,12.46,3.026,3.0,0.026,0.0
Lalit#0,Lalit,",N r G m M m G r S",Lalit/train_[W4p_lZa4OHs]_chunk3.mp3,W4p_lZa4OHs,4.25,4.91,3.027,3.0,0.0,0.027
Lalit#0,Lalit,",N r G m M m G r S",Lalit/train_[Xdy2gufZoFU]_chunk0.mp3,Xdy2gufZoFU,15.91,16.76,3.027,3.0,0.027,0.0
Lalit#0,Lalit,",N r G m M m G r S",Lalit/train_[Xdy2gufZoFU]_chunk0.mp3,Xdy2gufZoFU,13.72,14.42,3.027,3.0,0.027,0.0
Lalit#0,Lalit,",N r G m M m G r S",Lalit/train_[Xdy2gufZoFU]_chunk1.mp3,Xdy2gufZoFU,16.62,17.28,3.027,3.0,0.027,0.0
Lalit#0,Lalit,",N r G m M m G r S",Lalit/train_[1AYckL0Qx1Q]_chunk2.mp3,1AYckL0Qx1Q,9.3,9.94,3.028,3.0,0.0,0.028
Lalit#0,Lalit,",N r G m M m G r S",Lalit/train_[hJ8dQge_OJY]_chunk3.mp3,hJ8dQge_OJY,39.25,40.55,3.034,3.0,0.034,0.0
Lalit#0,Lalit,",N r G m M m G r S",Lalit/train_[Xdy2gufZoFU]_chunk1.mp3,Xdy2gufZoFU,0.0,0.96,3.037,3.0,0.019,0.019
Lalit#0,Lalit,",N r G m M m G r S",Lalit/train_[Xdy2gufZoFU]_chunk2.mp3,Xdy2gufZoFU,17.94,18.74,3.044,3.0,0.0,0.044
Lalit#0,Lalit,",N r G m M m G r S",Lalit/train_[GDxVV60_RcU]_chunk4.mp3,GDxVV60_RcU,8.37,9.58,3.045,3.0,0.0,0.045
Lalit#0,Lalit,",N r G m M m G r S",Lalit/train_[W4p_lZa4OHs]_chunk3.mp3,W4p_lZa4OHs,4.68,5.85,3.045,3.0,0.03,0.015
Lalit#0,Lalit,",N r G m M m G r S",Lalit/train_[hJ8dQge_OJY]_chunk0.mp3,hJ8dQge_OJY,2.51,6.51,3.053,3.0,0.004,0.049
Lalit#0,Lalit,",N r G m M m G r S",Lalit/train_[1AYckL0Qx1Q]_chunk4.mp3,1AYckL0Qx1Q,3.72,4.37,3.056,3.0,0.0,0.056
Lalit#0,Lalit,",N r G m M m G r S",Lalit/train_[GDxVV60_RcU]_chunk4.mp3,GDxVV60_RcU,10.24,11.09,3.056,3.0,0.0,0.056
Lalit#0,Lalit,",N r G m M m G r S",Lalit/train_[hJ8dQge_OJY]_chunk3.mp3,hJ8dQge_OJY,20.71,21.62,3.059,3.0,0.0,0.059
Lalit#0,Lalit,",N r G m M m G r S",Lalit/train_[Xdy2gufZoFU]_chunk4.mp3,Xdy2gufZoFU,4.96,7.36,3.065,3.0,0.0,0.065
Lalit#0,Lalit,",N r G m M m G r S",Lalit/train_[GDxVV60_RcU]_chunk3.mp3,GDxVV60_RcU,14.68,17.65,3.069,3.0,0.031,0.037
Lalit#0,Lalit,",N r G m M m G r S",Lalit/train_[W8R--A38sxk]_chunk3.mp3,W8R--A38sxk,6.13,7.32,3.075,3.0,0.045,0.03
Lalit#0,Lalit,",N r G m M m G r S",Lalit/train_[1AYckL0Qx1Q]_chunk3.mp3,1AYckL0Qx1Q,15.64,16.36,3.075,3.0,0.075,0.0
Lalit#0,Lalit,",N r G m M m G r S",Lalit/train_[Xdy2gufZoFU]_chunk1.mp3,Xdy2gufZoFU,3.84,4.64,3.075,3.0,0.075,0.0
Lalit#0,Lalit,",N r G m M m G r S",Lalit/train_[0xb3rorA4Wo]_chunk4.mp3,0xb3rorA4Wo,16.78,17.48,3.077,3.0,0.077,0.0
Lalit#0,Lalit,",N r G m M m G r S",Lalit/train_[0xb3rorA4Wo]_chunk4.mp3,0xb3rorA4Wo,15.72,16.41,3.077,3.0,0.077,0.0
Lalit#0,Lalit,",N r G m M m G r S",Lalit/train_[smYksULTb4I]_chunk4.mp3,smYksULTb4I,15.27,16.14,3.082,3.0,0.082,0.0
Lalit#0,Lalit,",N r G m M m G r S",Lalit/train_[W8R--A38sxk]_chunk4.mp3,W8R--A38sxk,16.89,17.53,3.083,3.0,0.0,0.083
Lalit#0,Lalit,",N r G m M m G r S",Lalit/train_[W4p_lZa4OHs]_chunk3.mp3,W4p_lZa4OHs,1.88,3.11,3.087,3.0,0.014,0.072
Lalit#0,Lalit,",N r G m M m G r S",Lalit/train_[1AYckL0Qx1Q]_chunk2.mp3,1AYckL0Qx1Q,18.44,19.18,3.095,3.0,0.071,0.024
Lalit#0,Lalit,",N r G m M m G r S",Lalit/train_[GDxVV60_RcU]_chunk2.mp3,GDxVV60_RcU,17.05,17.96,3.098,3.0,0.098,0.0
Lalit#0,Lalit,",N r G m M m G r S",Lalit/train_[Xdy2gufZoFU]_chunk1.mp3,Xdy2gufZoFU,10.29,11.0,3.1,3.0,0.1,0.0
Lalit#0,Lalit,",N r G m M m G r S",Lalit/train_[hJ8dQge_OJY]_chunk2.mp3,hJ8dQge_OJY,19.86,20.71,3.104,3.0,0.083,0.021
Lalit#0,Lalit,",N r G m M m G r S",Lalit/train_[1AYckL0Qx1Q]_chunk0.mp3,1AYckL0Qx1Q,3.75,4.59,3.106,3.0,0.106,0.0
Lalit#0,Lalit,",N r G m M m G r S",Lalit/train_[1AYckL0Qx1Q]_chunk0.mp3,1AYckL0Qx1Q,13.37,14.01,3.111,3.0,0.0,0.111
Lalit#0,Lalit,",N r G m M m G r S",Lalit/train_[Xdy2gufZoFU]_chunk4.mp3,Xdy2gufZoFU,13.1,13.78,3.111,3.0,0.0,0.111
Lalit#0,Lalit,",N r G m M m G r S",Lalit/train_[Xdy2gufZoFU]_chunk2.mp3,Xdy2gufZoFU,0.14,0.91,3.116,3.0,0.116,0.0
Lalit#0,Lalit,",N r G m M m G r S",Lalit/train_[hJ8dQge_OJY]_chunk0.mp3,hJ8dQge_OJY,36.02,36.76,3.119,3.0,0.119,0.0
Lalit#0,Lalit,",N r G m M m G r S",Lalit/train_[W8R--A38sxk]_chunk3.mp3,W8R--A38sxk,5.65,6.38,3.122,3.0,0.049,0.073
Lalit#0,Lalit,",N r G m M m G r S",Lalit/train_[Xdy2gufZoFU]_chunk2.mp3,Xdy2gufZoFU,3.95,5.19,3.129,3.0,0.0,0.129
Lalit#0,Lalit,",N r G m M m G r S",Lalit/train_[hJ8dQge_OJY]_chunk4.mp3,hJ8dQge_OJY,29.4,30.22,3.13,3.0,0.022,0.109
Lalit#0,Lalit,",N r G m M m G r S",Lalit/train_[GDxVV60_RcU]_chunk3.mp3,GDxVV60_RcU,14.33,14.97,3.139,3.0,0.0,0.139
Lalit#0,Lalit,",N r G m M m G r S",Lalit/train_[hJ8dQge_OJY]_chunk3.mp3,hJ8dQge_OJY,22.49,24.0,3.141,3.0,0.082,0.059
Lalit#0,Lalit,",N r G m M m G r S",Lalit/train_[GDxVV60_RcU]_chunk2.mp3,GDxVV60_RcU,17.58,18.44,3.146,3.0,0.0,0.146
Lalit#0,Lalit,",N r G m M m G r S",Lalit/train_[hJ8dQge_OJY]_chunk2.mp3,hJ8dQge_OJY,33.33,34.03,3.154,3.0,0.0,0.154
Lalit#0,Lalit,",N r G m M m G r S",Lalit/train_[hJ8dQge_OJY]_chunk2.mp3,hJ8dQge_OJY,32.44,33.21,3.163,3.0,0.047,0.116
Lalit#0,Lalit,",N r G m M m G r S",Lalit/train_[Xdy2gufZoFU]_chunk3.mp3,Xdy2gufZoFU,1.76,2.63,3.163,3.0,0.02,0.143
Lalit#0,Lalit,",N r G m M m G r S",Lalit/train_[hJ8dQge_OJY]_chunk4.mp3,hJ8dQge_OJY,6.54,8.8,3.165,3.0,0.024,0.142
Lalit#0,Lalit,",N r G m M m G r S",Lalit/train_[GDxVV60_RcU]_chunk4.mp3,GDxVV60_RcU,14.22,15.86,3.167,3.0,0.0,0.167
Lalit#0,Lalit,",N r G m M m G r S",Lalit/train_[Xdy2gufZoFU]_chunk4.mp3,Xdy2gufZoFU,16.34,17.8,3.167,3.0,0.0,0.167
Lalit#0,Lalit,",N r G m M m G r S",Lalit/train_[hJ8dQge_OJY]_chunk2.mp3,hJ8dQge_OJY,7.64,8.82,3.172,1.899,0.273,0.0
Lalit#0,Lalit,",N r G m M m G r S",Lalit/train_[W8R--A38sxk]_chunk4.mp3,W8R--A38sxk,12.2,12.91,3.175,3.0,0.0,0.175
Lalit#0,Lalit,",N r G m M m G r S",Lalit/train_[hJ8dQge_OJY]_chunk4.mp3,hJ8dQge_OJY,21.46,22.17,3.175,3.0,0.0,0.175
Lalit#0,Lalit,",N r G m M m G r S",Lalit/train_[Xdy2gufZoFU]_chunk3.mp3,Xdy2gufZoFU,0.09,1.0,3.18,3.0,0.04,0.14
Lalit#0,Lalit,",N r G m M m G r S",Lalit/train_[W4p_lZa4OHs]_chunk1.mp3,W4p_lZa4OHs,0.64,1.28,3.194,3.0,0.0,0.194
Lalit#0,Lalit,",N r G m M m G r S",Lalit/train_[W4p_lZa4OHs]_chunk0.mp3,W4p_lZa4OHs,14.04,14.86,3.196,3.0,0.022,0.174
Lalit#0,Lalit,",N r G m M m G r S",Lalit/train_[GDxVV60_RcU]_chunk2.mp3,GDxVV60_RcU,12.23,12.92,3.205,3.0,0.0,0.205
Lalit#0,Lalit,",N r G m M m G r S",Lalit/train_[W8R--A38sxk]_chunk3.mp3,W8R--A38sxk,2.86,5.88,3.206,3.0,0.129,0.076
Lalit#0,Lalit,",N r G m M m G r S",Lalit/train_[GDxVV60_RcU]_chunk2.mp3,GDxVV60_RcU,18.28,19.04,3.209,3.0,0.116,0.093
Lalit#0,Lalit,",N r G m M m G r S",Lalit/train_[Xdy2gufZoFU]_chunk2.mp3,Xdy2gufZoFU,16.39,17.23,3.213,3.0,0.0,0.213
Lalit#0,Lalit,",N r G m M m G r S",Lalit/train_[smYksULTb4I]_chunk3.mp3,smYksULTb4I,6.36,7.72,3.213,3.0,0.213,0.0
Lalit#0,Lalit,",N r G m M m G r S",Lalit/train_[0xb3rorA4Wo]_chunk3.mp3,0xb3rorA4Wo,0.0,0.64,3.222,3.0,0.0,0.222
Lalit#0,Lalit,",N r G m M m G r S",Lalit/train_[smYksULTb4I]_chunk3.mp3,smYksULTb4I,18.08,19.2,3.222,3.0,0.095,0.127
Lalit#0,Lalit,",N r G m M m G r S",Lalit/train_[1AYckL0Qx1Q]_chunk3.mp3,1AYckL0Qx1Q,12.75,13.62,3.224,3.0,0.184,0.041
Lalit#0,Lalit,",N r G m M m G r S",Lalit/train_[GDxVV60_RcU]_chunk1.mp3,GDxVV60_RcU,9.78,10.49,3.225,3.0,0.0,0.225
Lalit#0,Lalit,",N r G m M m G r S",Lalit/train_[W4p_lZa4OHs]_chunk4.mp3,W4p_lZa4OHs,10.99,11.79,3.227,3.0,0.023,0.205
Lalit#0,Lalit,",N r G m M m G r S",Lalit/train_[W8R--A38sxk]_chunk4.mp3,W8R--A38sxk,8.25,9.17,3.25,3.0,0.038,0.212
Lalit#0,Lalit,",N r G m M m G r S",Lalit/train_[hJ8dQge_OJY]_chunk4.mp3,hJ8dQge_OJY,1.3,2.15,3.25,3.0,0.042,0.208
Lalit#0,Lalit,",N r G m M m G r S",Lalit/train_[smYksULTb4I]_chunk4.mp3,smYksULTb4I,17.56,18.81,3.257,3.0,0.086,0.171
Lalit#0,Lalit,",N r G m M m G r S",Lalit/train_[W8R--A38sxk]_chunk3.mp3,W8R--A38sxk,1.88,3.32,3.259,3.0,0.185,0.074
Lalit#0,Lalit,",N r G m M m G r S",Lalit/train_[hJ8dQge_OJY]_chunk4.mp3,hJ8dQge_OJY,18.65,19.41,3.262,3.0,0.071,0.19
Lalit#0,Lalit,",N r G m M m G r S",Lalit/train_[W4p_lZa4OHs]_chunk0.mp3,W4p_lZa4OHs,1.83,2.47,3.278,3.0,0.0,0.278
Lalit#0,Lalit,",N r G m M m G r S",Lalit/train_[Xdy2gufZoFU]_chunk3.mp3,Xdy2gufZoFU,4.78,5.74,3.278,3.0,0.111,0.167
Lalit#0,Lalit,",N r G m M m G r S",Lalit/train_[1AYckL0Qx1Q]_chunk3.mp3,1AYckL0Qx1Q,8.53,9.56,3.293,3.0,0.155,0.138
Lalit#0,Lalit,",N r G m M m G r S",Lalit/train_[GDxVV60_RcU]_chunk4.mp3,GDxVV60_RcU,6.08,8.27,3.294,3.0,0.156,0.138
Lalit#0,Lalit,",N r G m M m G r S",Lalit/train_[W4p_lZa4OHs]_chunk3.mp3,W4p_lZa4OHs,13.53,14.31,3.295,3.0,0.114,0.182
Lalit#0,Lalit,",N r G m M m G r S",Lalit/train_[0xb3rorA4Wo]_chunk3.mp3,0xb3rorA4Wo,2.12,2.99,3.306,3.0,0.082,0.224
Lalit#0,Lalit,",N r G m M m G r S",Lalit/train_[GDxVV60_RcU]_chunk3.mp3,GDxVV60_RcU,12.85,14.49,3.309,3.0,0.109,0.2
Lalit#0,Lalit,",N r G m M m G r S",Lalit/train_[0xb3rorA4Wo]_chunk4.mp3,0xb3rorA4Wo,0.78,1.87,3.311,3.0,0.0,0.311
Lalit#0,Lalit,",N r G m M m G r S",Lalit/train_[1AYckL0Qx1Q]_chunk0.mp3,1AYckL0Qx1Q,18.81,19.59,3.318,3.0,0.159,0.159
Lalit#0,Lalit,",N r G m M m G r S",Lalit/train_[0xb3rorA4Wo]_chunk4.mp3,0xb3rorA4Wo,11.16,12.44,3.319,3.0,0.208,0.111
Lalit#0,Lalit,",N r G m M m G r S",Lalit/train_[0xb3rorA4Wo]_chunk3.mp3,0xb3rorA4Wo,15.88,16.91,3.379,3.0,0.31,0.069
Lalit#0,Lalit,",N r G m M m G r S",Lalit/train_[0xb3rorA4Wo]_chunk3.mp3,0xb3rorA4Wo,16.44,17.42,3.382,2.001,0.309,0.073
Lalit#0,Lalit,",N r G m M m G r S",Lalit/train_[GDxVV60_RcU]_chunk3.mp3,GDxVV60_RcU,10.6,11.24,3.389,3.0,0.0,0.389
Lalit#0,Lalit,",N r G m M m G r S",Lalit/train_[W4p_lZa4OHs]_chunk0.mp3,W4p_lZa4OHs,17.8,18.47,3.395,3.0,0.0,0.395
Lalit#0,Lalit,",N r G m M m G r S",Lalit/train_[smYksULTb4I]_chunk4.mp3,smYksULTb4I,5.28,5.99,3.41,3.0,0.0,0.41
Lalit#0,Lalit,",N r G m M m G r S",Lalit/train_[1AYckL0Qx1Q]_chunk2.mp3,1AYckL0Qx1Q,5.24,6.26,3.439,3.0,0.158,0.281
Lalit#0,Lalit,",N r G m M m G r S",Lalit/train_[0xb3rorA4Wo]_chunk3.mp3,0xb3rorA4Wo,13.46,14.83,3.455,3.0,0.156,0.299
Lalit#0,Lalit,",N r G m M m G r S",Lalit/train_[W4p_lZa4OHs]_chunk3.mp3,W4p_lZa4OHs,10.31,11.15,3.468,3.0,0.106,0.362
Lalit#0,Lalit,",N r G m M m G r S",Lalit/train_[GDxVV60_RcU]_chunk1.mp3,GDxVV60_RcU,2.49,3.36,3.469,3.0,0.163,0.306
Lalit#0,Lalit,",N r G m M m G r S",Lalit/train_[Xdy2gufZoFU]_chunk3.mp3,Xdy2gufZoFU,11.06,12.37,3.5,1.5,0.0,0.0
Lalit#0,Lalit,",N r G m M m G r S",Lalit/train_[Xdy2gufZoFU]_chunk3.mp3,Xdy2gufZoFU,12.14,12.78,4.0,3.0,0.0,0.0
Lalit#0,Lalit,",N r G m M m G r S",Lalit/train_[GDxVV60_RcU]_chunk1.mp3,GDxVV60_RcU,13.33,14.36,4.115,3.0,0.0,0.115
Lalit#0,Lalit,",N r G m M m G r S",Lalit/train_[GDxVV60_RcU]_chunk1.mp3,GDxVV60_RcU,17.39,18.4,4.22,3.0,0.1,0.12
Lalit#1,Lalit,G M d N d M m,Lalit/train_[hJ8dQge_OJY]_chunk4.mp3,hJ8dQge_OJY,27.86,28.59,0.893,0.649,0.195,0.049
Lalit#1,Lalit,G M d N d M m,Lalit/train_[1AYckL0Qx1Q]_chunk3.mp3,1AYckL0Qx1Q,14.58,15.41,1.177,0.9,0.277,0.0
Lalit#1,Lalit,G M d N d M m,Lalit/train_[NAc1yRhmoPs]_chunk1.mp3,NAc1yRhmoPs,9.97,14.04,1.53,1.5,0.0,0.03
Lalit#1,Lalit,G M d N d M m,Lalit/train_[W4p_lZa4OHs]_chunk2.mp3,W4p_lZa4OHs,8.62,9.81,1.653,0.22,0.373,0.06
Lalit#1,Lalit,G M d N d M m,Lalit/train_[1AYckL0Qx1Q]_chunk3.mp3,1AYckL0Qx1Q,15.86,16.64,1.82,1.541,0.279,0.0
Lalit#1,Lalit,G M d N d M m,Lalit/train_[W4p_lZa4OHs]_chunk0.mp3,W4p_lZa4OHs,4.62,5.44,2.143,1.921,0.222,0.0
Lalit#1,Lalit,G M d N d M m,Lalit/train_[hJ8dQge_OJY]_chunk3.mp3,hJ8dQge_OJY,29.37,30.22,2.159,1.95,0.188,0.021
Lalit#1,Lalit,G M d N d M m,Lalit/train_[0xb3rorA4Wo]_chunk3.mp3,0xb3rorA4Wo,19.29,19.89,2.527,2.35,0.176,0.0
Lalit#1,Lalit,G M d N d M m,Lalit/train_[W4p_lZa4OHs]_chunk3.mp3,W4p_lZa4OHs,12.07,13.53,2.889,0.621,0.256,0.012
Lalit#1,Lalit,G M d N d M m,Lalit/train_[W4p_lZa4OHs]_chunk2.mp3,W4p_lZa4OHs,7.96,8.59,2.996,2.91,0.086,0.0
Lalit#1,Lalit,G M d N d M m,Lalit/train_[0xb3rorA4Wo]_chunk0.mp3,0xb3rorA4Wo,12.2,12.69,3.0,3.0,0.0,0.0
Lalit#1,Lalit,G M d N d M m,Lalit/train_[0xb3rorA4Wo]_chunk0.mp3,0xb3rorA4Wo,16.91,17.83,3.0,3.0,0.0,0.0
Lalit#1,Lalit,G M d N d M m,Lalit/train_[0xb3rorA4Wo]_chunk0.mp3,0xb3rorA4Wo,2.03,2.52,3.0,3.0,0.0,0.0
Lalit#1,Lalit,G M d N d M m,Lalit/train_[0xb3rorA4Wo]_chunk0.mp3,0xb3rorA4Wo,0.0,1.42,3.0,3.0,0.0,0.0
Lalit#1,Lalit,G M d N d M m,Lalit/train_[0xb3rorA4Wo]_chunk0.mp3,0xb3rorA4Wo,1.4,2.06,3.0,3.0,0.0,0.0
Lalit#1,Lalit,G M d N d M m,Lalit/train_[0xb3rorA4Wo]_chunk1.mp3,0xb3rorA4Wo,3.98,4.84,3.0,3.0,0.0,0.0
Lalit#1,Lalit,G M d N d M m,Lalit/train_[0xb3rorA4Wo]_chunk1.mp3,0xb3rorA4Wo,0.8,1.48,3.0,3.0,0.0,0.0
Lalit#1,Lalit,G M d N d M m,Lalit/train_[0xb3rorA4Wo]_chunk1.mp3,0xb3rorA4Wo,1.87,2.36,3.0,3.0,0.0,0.0
Lalit#1,Lalit,G M d N d M m,Lalit/train_[0xb3rorA4Wo]_chunk1.mp3,0xb3rorA4Wo,0.18,0.89,3.0,3.0,0.0,0.0
Lalit#1,Lalit,G M d N d M m,Lalit/train_[0xb3rorA4Wo]_chunk1.mp3,0xb3rorA4Wo,1.46,1.96,3.0,3.0,0.0,0.0
Lalit#1,Lalit,G M d N d M m,Lalit/train_[0xb3rorA4Wo]_chunk2.mp3,0xb3rorA4Wo,0.71,1.21,3.0,3.0,0.0,0.0
Lalit#1,Lalit,G M d N d M m,Lalit/train_[0xb3rorA4Wo]_chunk2.mp3,0xb3rorA4Wo,0.28,0.8,3.0,3.0,0.0,0.0
Lalit#1,Lalit,G M d N d M m,Lalit/train_[0xb3rorA4Wo]_chunk2.mp3,0xb3rorA4Wo,0.71,1.51,3.0,3.0,0.0,0.0
Lalit#1,Lalit,G M d N d M m,Lalit/train_[0xb3rorA4Wo]_chunk2.mp3,0xb3rorA4Wo,1.19,1.72,3.0,3.0,0.0,0.0
Lalit#1,Lalit,G M d N d M m,Lalit/train_[0xb3rorA4Wo]_chunk2.mp3,0xb3rorA4Wo,10.9,11.4,3.0,3.0,0.0,0.0
Lalit#1,Lalit,G M d N d M m,Lalit/train_[0xb3rorA4Wo]_chunk3.mp3,0xb3rorA4Wo,19.0,19.5,3.0,3.0,0.0,0.0
Lalit#1,Lalit,G M d N d M m,Lalit/train_[0xb3rorA4Wo]_chunk4.mp3,0xb3rorA4Wo,15.57,16.07,3.0,3.0,0.0,0.0
Lalit#1,Lalit,G M d N d M m,Lalit/train_[1AYckL0Qx1Q]_chunk0.mp3,1AYckL0Qx1Q,17.51,18.01,3.0,3.0,0.0,0.0
Lalit#1,Lalit,G M d N d M m,Lalit/train_[1AYckL0Qx1Q]_chunk0.mp3,1AYckL0Qx1Q,19.34,19.84,3.0,3.0,0.0,0.0
Lalit#1,Lalit,G M d N d M m,Lalit/train_[1AYckL0Qx1Q]_chunk1.mp3,1AYckL0Qx1Q,6.51,7.0,3.0,3.0,0.0,0.0
Lalit#1,Lalit,G M d N d M m,Lalit/train_[1AYckL0Qx1Q]_chunk1.mp3,1AYckL0Qx1Q,8.44,8.94,3.0,3.0,0.0,0.0
Lalit#1,Lalit,G M d N d M m,Lalit/train_[1AYckL0Qx1Q]_chunk1.mp3,1AYckL0Qx1Q,6.22,6.72,3.0,3.0,0.0,0.0
Lalit#1,Lalit,G M d N d M m,Lalit/train_[1AYckL0Qx1Q]_chunk1.mp3,1AYckL0Qx1Q,6.79,7.29,3.0,3.0,0.0,0.0
Lalit#1,Lalit,G M d N d M m,Lalit/train_[1AYckL0Qx1Q]_chunk1.mp3,1AYckL0Qx1Q,7.54,8.04,3.0,3.0,0.0,0.0
Lalit#1,Lalit,G M d N d M m,Lalit/train_[1AYckL0Qx1Q]_chunk2.mp3,1AYckL0Qx1Q,9.08,9.58,3.0,3.0,0.0,0.0
Lalit#1,Lalit,G M d N d M m,Lalit/train_[1AYckL0Qx1Q]_chunk3.mp3,1AYckL0Qx1Q,16.5,17.0,3.0,3.0,0.0,0.0
Lalit#1,Lalit,G M d N d M m,Lalit/train_[1AYckL0Qx1Q]_chunk4.mp3,1AYckL0Qx1Q,8.14,8.78,3.0,3.0,0.0,0.0
Lalit#1,Lalit,G M d N d M m,Lalit/train_[1AYckL0Qx1Q]_chunk4.mp3,1AYckL0Qx1Q,7.89,8.41,3.0,3.0,0.0,0.0
Lalit#1,Lalit,G M d N d M m,Lalit/train_[1AYckL0Qx1Q]_chunk4.mp3,1AYckL0Qx1Q,4.12,4.62,3.0,3.0,0.0,0.0
Lalit#1,Lalit,G M d N d M m,Lalit/train_[1AYckL0Qx1Q]_chunk4.mp3,1AYckL0Qx1Q,2.44,2.93,3.0,3.0,0.0,0.0
Lalit#1,Lalit,G M d N d M m,Lalit/train_[GDxVV60_RcU]_chunk0.mp3,GDxVV60_RcU,3.91,4.5,3.0,3.0,0.0,0.0
Lalit#1,Lalit,G M d N d M m,Lalit/train_[GDxVV60_RcU]_chunk0.mp3,GDxVV60_RcU,3.36,3.88,3.0,3.0,0.0,0.0
Lalit#1,Lalit,G M d N d M m,Lalit/train_[GDxVV60_RcU]_chunk0.mp3,GDxVV60_RcU,0.55,1.67,3.0,3.0,0.0,0.0
Lalit#1,Lalit,G M d N d M m,Lalit/train_[GDxVV60_RcU]_chunk0.mp3,GDxVV60_RcU,2.51,3.61,3.0,3.0,0.0,0.0
Lalit#1,Lalit,G M d N d M m,Lalit/train_[GDxVV60_RcU]_chunk0.mp3,GDxVV60_RcU,2.28,3.61,3.0,3.0,0.0,0.0
Lalit#1,Lalit,G M d N d M m,Lalit/train_[GDxVV60_RcU]_chunk1.mp3,GDxVV60_RcU,19.06,19.91,3.0,3.0,0.0,0.0
Lalit#1,Lalit,G M d N d M m,Lalit/train_[GDxVV60_RcU]_chunk2.mp3,GDxVV60_RcU,17.19,17.85,3.0,3.0,0.0,0.0
Lalit#1,Lalit,G M d N d M m,Lalit/train_[GDxVV60_RcU]_chunk2.mp3,GDxVV60_RcU,6.44,7.61,3.0,3.0,0.0,0.0
Lalit#1,Lalit,G M d N d M m,Lalit/train_[GDxVV60_RcU]_chunk2.mp3,GDxVV60_RcU,16.94,17.46,3.0,3.0,0.0,0.0
Lalit#1,Lalit,G M d N d M m,Lalit/train_[GDxVV60_RcU]_chunk3.mp3,GDxVV60_RcU,16.34,16.84,3.0,3.0,0.0,0.0
Lalit#1,Lalit,G M d N d M m,Lalit/train_[GDxVV60_RcU]_chunk3.mp3,GDxVV60_RcU,9.8,10.44,3.0,3.0,0.0,0.0
Lalit#1,Lalit,G M d N d M m,Lalit/train_[GDxVV60_RcU]_chunk3.mp3,GDxVV60_RcU,16.62,17.12,3.0,3.0,0.0,0.0
Lalit#1,Lalit,G M d N d M m,Lalit/train_[GDxVV60_RcU]_chunk3.mp3,GDxVV60_RcU,9.44,9.94,3.0,3.0,0.0,0.0
Lalit#1,Lalit,G M d N d M m,Lalit/train_[GDxVV60_RcU]_chunk4.mp3,GDxVV60_RcU,8.69,9.35,3.0,3.0,0.0,0.0
Lalit#1,Lalit,G M d N d M m,Lalit/train_[GDxVV60_RcU]_chunk4.mp3,GDxVV60_RcU,12.52,13.08,3.0,3.0,0.0,0.0
Lalit#1,Lalit,G M d N d M m,Lalit/train_[GDxVV60_RcU]_chunk4.mp3,GDxVV60_RcU,9.37,9.87,3.0,3.0,0.0,0.0
Lalit#1,Lalit,G M d N d M m,Lalit/train_[GDxVV60_RcU]_chunk4.mp3,GDxVV60_RcU,18.52,19.02,3.0,3.0,0.0,0.0
Lalit#1,Lalit,G M d N d M m,Lalit/train_[GDxVV60_RcU]_chunk4.mp3,GDxVV60_RcU,17.16,17.65,3.0,3.0,0.0,0.0
Lalit#1,Lalit,G M d N d M m,Lalit/train_[NAc1yRhmoPs]_chunk0.mp3,NAc1yRhmoPs,11.89,14.56,3.0,3.0,0.0,0.0
Lalit#1,Lalit,G M d N d M m,Lalit/train_[NAc1yRhmoPs]_chunk0.mp3,NAc1yRhmoPs,18.86,19.48,3.0,3.0,0.0,0.0
Lalit#1,Lalit,G M d N d M m,Lalit/train_[NAc1yRhmoPs]_chunk0.mp3,NAc1yRhmoPs,2.88,3.45,3.0,3.0,0.0,0.0
Lalit#1,Lalit,G M d N d M m,Lalit/train_[NAc1yRhmoPs]_chunk0.mp3,NAc1yRhmoPs,6.9,7.4,3.0,3.0,0.0,0.0
Lalit#1,Lalit,G M d N d M m,Lalit/train_[NAc1yRhmoPs]_chunk0.mp3,NAc1yRhmoPs,8.43,9.42,3.0,3.0,0.0,0.0
Lalit#1,Lalit,G M d N d M m,Lalit/train_[NAc1yRhmoPs]_chunk1.mp3,NAc1yRhmoPs,3.66,4.64,3.0,3.0,0.0,0.0
Lalit#1,Lalit,G M d N d M m,Lalit/train_[NAc1yRhmoPs]_chunk1.mp3,NAc1yRhmoPs,3.66,5.39,3.0,3.0,0.0,0.0
Lalit#1,Lalit,G M d N d M m,Lalit/train_[NAc1yRhmoPs]_chunk1.mp3,NAc1yRhmoPs,9.97,11.34,3.0,3.0,0.0,0.0
Lalit#1,Lalit,G M d N d M m,Lalit/train_[NAc1yRhmoPs]_chunk1.mp3,NAc1yRhmoPs,0.59,2.03,3.0,3.0,0.0,0.0
Lalit#1,Lalit,G M d N d M m,Lalit/train_[NAc1yRhmoPs]_chunk2.mp3,NAc1yRhmoPs,3.73,4.23,3.0,3.0,0.0,0.0
Lalit#1,Lalit,G M d N d M m,Lalit/train_[NAc1yRhmoPs]_chunk2.mp3,NAc1yRhmoPs,0.32,0.82,3.0,3.0,0.0,0.0
Lalit#1,Lalit,G M d N d M m,Lalit/train_[NAc1yRhmoPs]_chunk2.mp3,NAc1yRhmoPs,0.0,0.5,3.0,3.0,0.0,0.0
Lalit#1,Lalit,G M d N d M m,Lalit/train_[NAc1yRhmoPs]_chunk2.mp3,NAc1yRhmoPs,15.29,15.79,3.0,3.0,0.0,0.0
Lalit#1,Lalit,G M d N d M m,Lalit/train_[NAc1yRhmoPs]_chunk2.mp3,NAc1yRhmoPs,15.89,16.39,3.0,3.0,0.0,0.0
Lalit#1,Lalit,G M d N d M m,Lalit/train_[NAc1yRhmoPs]_chunk3.mp3,NAc1yRhmoPs,18.31,19.36,3.0,3.0,0.0,0.0
Lalit#1,Lalit,G M d N d M m,Lalit/train_[NAc1yRhmoPs]_chunk3.mp3,NAc1yRhmoPs,7.45,8.68,3.0,3.0,0.0,0.0
Lalit#1,Lalit,G M d N d M m,Lalit/train_[NAc1yRhmoPs]_chunk3.mp3,NAc1yRhmoPs,2.4,3.89,3.0,3.0,0.0,0.0
Lalit#1,Lalit,G M d N d M m,Lalit/train_[NAc1yRhmoPs]_chunk3.mp3,NAc1yRhmoPs,0.12,1.48,3.0,3.0,0.0,0.0
Lalit#1,Lalit,G M d N d M m,Lalit/train_[NAc1yRhmoPs]_chunk3.mp3,NAc1yRhmoPs,2.1,3.59,3.0,3.0,0.0,0.0
Lalit#1,Lalit,G M d N d M m,Lalit/train_[NAc1yRhmoPs]_chunk4.mp3,NAc1yRhmoPs,13.83,15.13,3.0,3.0,0.0,0.0
Lalit#1,Lalit,G M d N d M m,Lalit/train_[NAc1yRhmoPs]_chunk4.mp3,NAc1yRhmoPs,8.84,9.67,3.0,3.0,0.0,0.0
Lalit#1,Lalit,G M d N d M m,Lalit/train_[NAc1yRhmoPs]_chunk4.mp3,NAc1yRhmoPs,13.0,13.64,3.0,3.0,0.0,0.0
Lalit#1,Lalit,G M d N d M m,Lalit/train_[NAc1yRhmoPs]_chunk4.mp3,NAc1yRhmoPs,16.41,16.91,3.0,3.0,0.0,0.0
Lalit#1,Lalit,G M d N d M m,Lalit/train_[NAc1yRhmoPs]_chunk4.mp3,NAc1yRhmoPs,16.8,17.51,3.0,3.0,0.0,0.0
Lalit#1,Lalit,G M d N d M m,Lalit/train_[W4p_lZa4OHs]_chunk0.mp3,W4p_lZa4OHs,8.07,8.59,3.0,3.0,0.0,0.0
Lalit#1,Lalit,G M d N d M m,Lalit/train_[W4p_lZa4OHs]_chunk0.mp3,W4p_lZa4OHs,4.25,4.75,3.0,3.0,0.0,0.0
Lalit#1,Lalit,G M d N d M m,Lalit/train_[W4p_lZa4OHs]_chunk0.mp3,W4p_lZa4OHs,6.08,6.58,3.0,3.0,0.0,0.0
Lalit#1,Lalit,G M d N d M m,Lalit/train_[W4p_lZa4OHs]_chunk1.mp3,W4p_lZa4OHs,10.99,11.52,3.0,3.0,0.0,0.0
Lalit#1,Lalit,G M d N d M m,Lalit/train_[W4p_lZa4OHs]_chunk1.mp3,W4p_lZa4OHs,5.35,5.85,3.0,3.0,0.0,0.0
Lalit#1,Lalit,G M d N d M m,Lalit/train_[W4p_lZa4OHs]_chunk1.mp3,W4p_lZa4OHs,2.83,3.32,3.0,3.0,0.0,0.0
Lalit#1,Lalit,G M d N d M m,Lalit/train_[W4p_lZa4OHs]_chunk1.mp3,W4p_lZa4OHs,10.72,11.22,3.0,3.0,0.0,0.0
Lalit#1,Lalit,G M d N d M m,Lalit/train_[W4p_lZa4OHs]_chunk1.mp3,W4p_lZa4OHs,2.54,3.04,3.0,3.0,0.0,0.0
Lalit#1,Lalit,G M d N d M m,Lalit/train_[W4p_lZa4OHs]_chunk2.mp3,W4p_lZa4OHs,19.45,19.98,3.0,3.0,0.0,0.0
Lalit#1,Lalit,G M d N d M m,Lalit/train_[W4p_lZa4OHs]_chunk2.mp3,W4p_lZa4OHs,18.72,19.43,3.0,3.0,0.0,0.0
Lalit#1,Lalit,G M d N d M m,Lalit/train_[W4p_lZa4OHs]_chunk2.mp3,W4p_lZa4OHs,0.04,0.59,3.0,3.0,0.0,0.0
Lalit#1,Lalit,G M d N d M m,Lalit/train_[W4p_lZa4OHs]_chunk3.mp3,W4p_lZa4OHs,5.33,5.85,3.0,3.0,0.0,0.0
Lalit#1,Lalit,G M d N d M m,Lalit/train_[W4p_lZa4OHs]_chunk3.mp3,W4p_lZa4OHs,2.45,2.95,3.0,3.0,0.0,0.0
Lalit#1,Lalit,G M d N d M m,Lalit/train_[W4p_lZa4OHs]_chunk3.mp3,W4p_lZa4OHs,6.52,7.02,3.0,3.0,0.0,0.0
Lalit#1,Lalit,G M d N d M m,Lalit/train_[W4p_lZa4OHs]_chunk3.mp3,W4p_lZa4OHs,5.9,6.4,3.0,3.0,0.0,0.0
Lalit#1,Lalit,G M d N d M m,Lalit/train_[W4p_lZa4OHs]_chunk4.mp3,W4p_lZa4OHs,1.28,1.81,3.0,3.0,0.0,0.0
Lalit#1,Lalit,G M d N d M m,Lalit/train_[W4p_lZa4OHs]_chunk4.mp3,W4p_lZa4OHs,2.74,3.24,3.0,3.0,0.0,0.0
Lalit#1,Lalit,G M d N d M m,Lalit/train_[W4p_lZa4OHs]_chunk4.mp3,W4p_lZa4OHs,19.18,19.68,3.0,3.0,0.0,0.0
Lalit#1,Lalit,G M d N d M m,Lalit/train_[W8R--A38sxk]_chunk0.mp3,W8R--A38sxk,4.78,6.28,3.0,3.0,0.0,0.0
Lalit#1,Lalit,G M d N d M m,Lalit/train_[W8R--A38sxk]_chunk0.mp3,W8R--A38sxk,1.19,2.68,3.0,3.0,0.0,0.0
Lalit#1,Lalit,G M d N d M m,Lalit/train_[W8R--A38sxk]_chunk0.mp3,W8R--A38sxk,11.8,12.36,3.0,3.0,0.0,0.0
Lalit#1,Lalit,G M d N d M m,Lalit/train_[W8R--A38sxk]_chunk0.mp3,W8R--A38sxk,4.73,6.22,3.0,3.0,0.0,0.0
Lalit#1,Lalit,G M d N d M m,Lalit/train_[W8R--A38sxk]_chunk0.mp3,W8R--A38sxk,4.57,6.06,3.0,3.0,0.0,0.0
Lalit#1,Lalit,G M d N d M m,Lalit/train_[W8R--A38sxk]_chunk1.mp3,W8R--A38sxk,16.05,16.62,3.0,3.0,0.0,0.0
Lalit#1,Lalit,G M d N d M m,Lalit/train_[W8R--A38sxk]_chunk1.mp3,W8R--A38sxk,2.28,2.93,3.0,3.0,0.0,0.0
Lalit#1,Lalit,G M d N d M m,Lalit/train_[W8R--A38sxk]_chunk1.mp3,W8R--A38sxk,16.64,17.42,3.0,3.0,0.0,0.0
Lalit#1,Lalit,G M d N d M m,Lalit/train_[W8R--A38sxk]_chunk1.mp3,W8R--A38sxk,17.33,17.96,3.0,3.0,0.0,0.0
Lalit#1,Lalit,G M d N d M m,Lalit/train_[W8R--A38sxk]_chunk1.mp3,W8R--A38sxk,7.8,8.3,3.0,3.0,0.0,0.0
Lalit#1,Lalit,G M d N d M m,Lalit/train_[W8R--A38sxk]_chunk2.mp3,W8R--A38sxk,2.22,2.9,3.0,3.0,0.0,0.0
Lalit#1,Lalit,G M d N d M m,Lalit/train_[W8R--A38sxk]_chunk2.mp3,W8R--A38sxk,2.22,3.54,3.0,3.0,0.0,0.0
Lalit#1,Lalit,G M d N d M m,Lalit/train_[W8R--A38sxk]_chunk2.mp3,W8R--A38sxk,11.93,12.43,3.0,3.0,0.0,0.0
Lalit#1,Lalit,G M d N d M m,Lalit/train_[W8R--A38sxk]_chunk2.mp3,W8R--A38sxk,11.4,11.89,3.0,3.0,0.0,0.0
Lalit#1,Lalit,G M d N d M m,Lalit/train_[W8R--A38sxk]_chunk2.mp3,W8R--A38sxk,13.8,14.29,3.0,3.0,0.0,0.0
Lalit#1,Lalit,G M d N d M m,Lalit/train_[W8R--A38sxk]_chunk3.mp3,W8R--A38sxk,2.35,2.9,3.0,3.0,0.0,0.0
Lalit#1,Lalit,G M d N d M m,Lalit/train_[W8R--A38sxk]_chunk3.mp3,W8R--A38sxk,7.11,8.18,3.0,3.0,0.0,0.0
Lalit#1,Lalit,G M d N d M m,Lalit/train_[W8R--A38sxk]_chunk3.mp3,W8R--A38sxk,6.86,8.18,3.0,3.0,0.0,0.0
Lalit#1,Lalit,G M d N d M m,Lalit/train_[W8R--A38sxk]_chunk4.mp3,W8R--A38sxk,1.53,2.24,3.0,3.0,0.0,0.0
Lalit#1,Lalit,G M d N d M m,Lalit/train_[Xdy2gufZoFU]_chunk0.mp3,Xdy2gufZoFU,0.2,0.87,3.0,3.0,0.0,0.0
Lalit#1,Lalit,G M d N d M m,Lalit/train_[Xdy2gufZoFU]_chunk0.mp3,Xdy2gufZoFU,17.56,18.15,3.0,3.0,0.0,0.0
Lalit#1,Lalit,G M d N d M m,Lalit/train_[Xdy2gufZoFU]_chunk0.mp3,Xdy2gufZoFU,1.07,1.56,3.0,3.0,0.0,0.0
Lalit#1,Lalit,G M d N d M m,Lalit/train_[Xdy2gufZoFU]_chunk0.mp3,Xdy2gufZoFU,17.17,17.81,3.0,3.0,0.0,0.0
Lalit#1,Lalit,G M d N d M m,Lalit/train_[Xdy2gufZoFU]_chunk0.mp3,Xdy2gufZoFU,19.16,19.7,3.0,3.0,0.0,0.0
Lalit#1,Lalit,G M d N d M m,Lalit/train_[Xdy2gufZoFU]_chunk1.mp3,Xdy2gufZoFU,16.28,16.78,3.0,3.0,0.0,0.0
Lalit#1,Lalit,G M d N d M m,Lalit/train_[Xdy2gufZoFU]_chunk1.mp3,Xdy2gufZoFU,0.87,1.42,3.0,3.0,0.0,0.0
Lalit#1,Lalit,G M d N d M m,Lalit/train_[Xdy2gufZoFU]_chunk1.mp3,Xdy2gufZoFU,18.86,19.95,3.0,3.0,0.0,0.0
Lalit#1,Lalit,G M d N d M m,Lalit/train_[Xdy2gufZoFU]_chunk1.mp3,Xdy2gufZoFU,10.81,11.31,3.0,3.0,0.0,0.0
Lalit#1,Lalit,G M d N d M m,Lalit/train_[Xdy2gufZoFU]_chunk2.mp3,Xdy2gufZoFU,8.71,9.24,3.0,3.0,0.0,0.0
Lalit#1,Lalit,G M d N d M m,Lalit/train_[Xdy2gufZoFU]_chunk2.mp3,Xdy2gufZoFU,19.5,20.0,3.0,3.0,0.0,0.0
Lalit#1,Lalit,G M d N d M m,Lalit/train_[Xdy2gufZoFU]_chunk2.mp3,Xdy2gufZoFU,0.14,0.68,3.0,3.0,0.0,0.0
Lalit#1,Lalit,G M d N d M m,Lalit/train_[Xdy2gufZoFU]_chunk2.mp3,Xdy2gufZoFU,2.92,3.54,3.0,3.0,0.0,0.0
Lalit#1,Lalit,G M d N d M m,Lalit/train_[Xdy2gufZoFU]_chunk2.mp3,Xdy2gufZoFU,8.36,8.85,3.0,3.0,0.0,0.0
Lalit#1,Lalit,G M d N d M m,Lalit/train_[Xdy2gufZoFU]_chunk3.mp3,Xdy2gufZoFU,2.58,3.43,3.0,3.0,0.0,0.0
Lalit#1,Lalit,G M d N d M m,Lalit/train_[Xdy2gufZoFU]_chunk3.mp3,Xdy2gufZoFU,0.02,0.52,3.0,3.0,0.0,0.0
Lalit#1,Lalit,G M d N d M m,Lalit/train_[Xdy2gufZoFU]_chunk3.mp3,Xdy2gufZoFU,14.99,15.59,3.0,3.0,0.0,0.0
Lalit#1,Lalit,G M d N d M m,Lalit/train_[Xdy2gufZoFU]_chunk4.mp3,Xdy2gufZoFU,1.49,2.15,3.0,3.0,0.0,0.0
Lalit#1,Lalit,G M d N d M m,Lalit/train_[Xdy2gufZoFU]_chunk4.mp3,Xdy2gufZoFU,1.23,2.15,3.0,3.0,0.0,0.0
Lalit#1,Lalit,G M d N d M m,Lalit/train_[Xdy2gufZoFU]_chunk4.mp3,Xdy2gufZoFU,17.44,17.94,3.0,3.0,0.0,0.0
Lalit#1,Lalit,G M d N d M m,Lalit/train_[Xdy2gufZoFU]_chunk4.mp3,Xdy2gufZoFU,9.8,10.31,3.0,3.0,0.0,0.0
Lalit#1,Lalit,G M d N d M m,Lalit/train_[Xdy2gufZoFU]_chunk4.mp3,Xdy2gufZoFU,2.01,2.52,3.0,3.0,0.0,0.0
Lalit#1,Lalit,G M d N d M m,Lalit/train_[hJ8dQge_OJY]_chunk0.mp3,hJ8dQge_OJY,1.81,2.51,3.0,3.0,0.0,0.0
Lalit#1,Lalit,G M d N d M m,Lalit/train_[hJ8dQge_OJY]_chunk0.mp3,hJ8dQge_OJY,36.02,36.52,3.0,3.0,0.0,0.0
Lalit#1,Lalit,G M d N d M m,Lalit/train_[hJ8dQge_OJY]_chunk0.mp3,hJ8dQge_OJY,22.38,22.88,3.0,3.0,0.0,0.0
Lalit#1,Lalit,G M d N d M m,Lalit/train_[hJ8dQge_OJY]_chunk1.mp3,hJ8dQge_OJY,11.93,12.71,3.0,3.0,0.0,0.0
Lalit#1,Lalit,G M d N d M m,Lalit/train_[hJ8dQge_OJY]_chunk1.mp3,hJ8dQge_OJY,38.65,39.18,3.0,3.0,0.0,0.0
Lalit#1,Lalit,G M d N d M m,Lalit/train_[hJ8dQge_OJY]_chunk1.mp3,hJ8dQge_OJY,30.47,30.97,3.0,3.0,0.0,0.0
Lalit#1,Lalit,G M d N d M m,Lalit/train_[hJ8dQge_OJY]_chunk1.mp3,hJ8dQge_OJY,22.63,23.18,3.0,3.0,0.0,0.0
Lalit#1,Lalit,G M d N d M m,Lalit/train_[hJ8dQge_OJY]_chunk1.mp3,hJ8dQge_OJY,4.87,5.37,3.0,3.0,0.0,0.0
Lalit#1,Lalit,G M d N d M m,Lalit/train_[hJ8dQge_OJY]_chunk3.mp3,hJ8dQge_OJY,20.41,21.44,3.0,3.0,0.0,0.0
Lalit#1,Lalit,G M d N d M m,Lalit/train_[hJ8dQge_OJY]_chunk3.mp3,hJ8dQge_OJY,34.97,36.05,3.0,3.0,0.0,0.0
Lalit#1,Lalit,G M d N d M m,Lalit/train_[hJ8dQge_OJY]_chunk3.mp3,hJ8dQge_OJY,34.49,35.02,3.0,3.0,0.0,0.0
Lalit#1,Lalit,G M d N d M m,Lalit/train_[hJ8dQge_OJY]_chunk4.mp3,hJ8dQge_OJY,0.16,0.73,3.0,3.0,0.0,0.0
Lalit#1,Lalit,G M d N d M m,Lalit/train_[smYksULTb4I]_chunk0.mp3,smYksULTb4I,9.81,10.77,3.0,3.0,0.0,0.0
Lalit#1,Lalit,G M d N d M m,Lalit/train_[smYksULTb4I]_chunk0.mp3,smYksULTb4I,1.3,2.28,3.0,3.0,0.0,0.0
Lalit#1,Lalit,G M d N d M m,Lalit/train_[smYksULTb4I]_chunk0.mp3,smYksULTb4I,15.86,16.52,3.0,3.0,0.0,0.0
Lalit#1,Lalit,G M d N d M m,Lalit/train_[smYksULTb4I]_chunk0.mp3,smYksULTb4I,0.21,0.82,3.0,3.0,0.0,0.0
Lalit#1,Lalit,G M d N d M m,Lalit/train_[smYksULTb4I]_chunk0.mp3,smYksULTb4I,0.89,1.55,3.0,3.0,0.0,0.0
Lalit#1,Lalit,G M d N d M m,Lalit/train_[smYksULTb4I]_chunk1.mp3,smYksULTb4I,6.26,6.92,3.0,3.0,0.0,0.0
Lalit#1,Lalit,G M d N d M m,Lalit/train_[smYksULTb4I]_chunk1.mp3,smYksULTb4I,7.84,8.34,3.0,3.0,0.0,0.0
Lalit#1,Lalit,G M d N d M m,Lalit/train_[smYksULTb4I]_chunk1.mp3,smYksULTb4I,0.25,0.75,3.0,3.0,0.0,0.0
Lalit#1,Lalit,G M d N d M m,Lalit/train_[smYksULTb4I]_chunk1.mp3,smYksULTb4I,9.35,9.9,3.0,3.0,0.0,0.0
Lalit#1,Lalit,G M d N d M m,Lalit/train_[smYksULTb4I]_chunk1.mp3,smYksULTb4I,4.48,5.46,3.0,3.0,0.0,0.0
Lalit#1,Lalit,G M d N d M m,Lalit/train_[smYksULTb4I]_chunk2.mp3,smYksULTb4I,9.88,10.4,3.0,3.0,0.0,0.0
Lalit#1,Lalit,G M d N d M m,Lalit/train_[smYksULTb4I]_chunk2.mp3,smYksULTb4I,9.48,10.01,3.0,3.0,0.0,0.0
Lalit#1,Lalit,G M d N d M m,Lalit/train_[smYksULTb4I]_chunk2.mp3,smYksULTb4I,4.18,4.68,3.0,3.0,0.0,0.0
Lalit#1,Lalit,G M d N d M m,Lalit/train_[smYksULTb4I]_chunk2.mp3,smYksULTb4I,3.27,3.77,3.0,3.0,0.0,0.0
Lalit#1,Lalit,G M d N d M m,Lalit/train_[smYksULTb4I]_chunk2.mp3,smYksULTb4I,3.72,4.21,3.0,3.0,0.0,0.0
Lalit#1,Lalit,G M d N d M m,Lalit/train_[smYksULTb4I]_chunk3.mp3,smYksULTb4I,13.07,13.83,3.0,3.0,0.0,0.0
Lalit#1,Lalit,G M d N d M m,Lalit/train_[smYksULTb4I]_chunk3.mp3,smYksULTb4I,15.06,15.56,3.0,3.0,0.0,0.0
Lalit#1,Lalit,G M d N d M m,Lalit/train_[smYksULTb4I]_chunk3.mp3,smYksULTb4I,4.78,5.48,3.0,3.0,0.0,0.0
Lalit#1,Lalit,G M d N d M m,Lalit/train_[smYksULTb4I]_chunk3.mp3,smYksULTb4I,16.25,16.75,3.0,3.0,0.0,0.0
Lalit#1,Lalit,G M d N d M m,Lalit/train_[smYksULTb4I]_chunk3.mp3,smYksULTb4I,6.42,6.92,3.0,3.0,0.0,0.0
Lalit#1,Lalit,G M d N d M m,Lalit/train_[smYksULTb4I]_chunk4.mp3,smYksULTb4I,17.72,18.44,3.0,3.0,0.0,0.0
Lalit#1,Lalit,G M d N d M m,Lalit/train_[1AYckL0Qx1Q]_chunk2.mp3,1AYckL0Qx1Q,6.13,6.9,3.023,3.0,0.023,0.0
Lalit#1,Lalit,G M d N d M m,Lalit/train_[W8R--A38sxk]_chunk4.mp3,W8R--A38sxk,19.36,20.0,3.028,3.0,0.028,0.0
Lalit#1,Lalit,G M d N d M m,Lalit/train_[1AYckL0Qx1Q]_chunk2.mp3,1AYckL0Qx1Q,8.04,8.62,3.03,3.0,0.0,0.03
Lalit#1,Lalit,G M d N d M m,Lalit/train_[1AYckL0Qx1Q]_chunk0.mp3,1AYckL0Qx1Q,1.33,1.9,3.031,3.0,0.0,0.031
Lalit#1,Lalit,G M d N d M m,Lalit/train_[1AYckL0Qx1Q]_chunk3.mp3,1AYckL0Qx1Q,17.3,17.81,3.034,3.0,0.034,0.0
Lalit#1,Lalit,G M d N d M m,Lalit/train_[1AYckL0Qx1Q]_chunk3.mp3,1AYckL0Qx1Q,7.31,7.82,3.034,3.0,0.034,0.0
Lalit#1,Lalit,G M d N d M m,Lalit/train_[1AYckL0Qx1Q]_chunk2.mp3,1AYckL0Qx1Q,7.79,8.28,3.036,3.0,0.0,0.036
Lalit#1,Lalit,G M d N d M m,Lalit/train_[1AYckL0Qx1Q]_chunk2.mp3,1AYckL0Qx1Q,9.4,9.9,3.036,3.0,0.0,0.036
Lalit#1,Lalit,G M d N d M m,Lalit/train_[W8R--A38sxk]_chunk3.mp3,W8R--A38sxk,10.99,11.5,3.036,3.0,0.0,0.036
Lalit#1,Lalit,G M d N d M m,Lalit/train_[Xdy2gufZoFU]_chunk1.mp3,Xdy2gufZoFU,12.89,13.39,3.036,3.0,0.0,0.036
Lalit#1,Lalit,G M d N d M m,Lalit/train_[Xdy2gufZoFU]_chunk3.mp3,Xdy2gufZoFU,4.91,5.49,3.036,3.0,0.0,0.036
Lalit#1,Lalit,G M d N d M m,Lalit/train_[0xb3rorA4Wo]_chunk4.mp3,0xb3rorA4Wo,17.55,18.12,3.062,3.0,0.062,0.0
Lalit#1,Lalit,G M d N d M m,Lalit/train_[1AYckL0Qx1Q]_chunk4.mp3,1AYckL0Qx1Q,15.38,15.91,3.067,3.0,0.067,0.0
Lalit#1,Lalit,G M d N d M m,Lalit/train_[GDxVV60_RcU]_chunk3.mp3,GDxVV60_RcU,14.95,15.98,3.067,3.0,0.067,0.0
Lalit#1,Lalit,G M d N d M m,Lalit/train_[W4p_lZa4OHs]_chunk4.mp3,W4p_lZa4OHs,7.89,8.43,3.067,3.0,0.067,0.0
Lalit#1,Lalit,G M d N d M m,Lalit/train_[1AYckL0Qx1Q]_chunk0.mp3,1AYckL0Qx1Q,17.72,18.47,3.071,3.0,0.071,0.0
Lalit#1,Lalit,G M d N d M m,Lalit/train_[GDxVV60_RcU]_chunk1.mp3,GDxVV60_RcU,13.87,14.42,3.071,3.0,0.0,0.071
Lalit#1,Lalit,G M d N d M m,Lalit/train_[GDxVV60_RcU]_chunk2.mp3,GDxVV60_RcU,13.72,14.22,3.071,3.0,0.0,0.071
Lalit#1,Lalit,G M d N d M m,Lalit/train_[Xdy2gufZoFU]_chunk3.mp3,Xdy2gufZoFU,12.52,13.16,3.071,3.0,0.0,0.071
Lalit#1,Lalit,G M d N d M m,Lalit/train_[hJ8dQge_OJY]_chunk0.mp3,hJ8dQge_OJY,36.39,37.07,3.079,3.0,0.079,0.0
Lalit#1,Lalit,G M d N d M m,Lalit/train_[hJ8dQge_OJY]_chunk4.mp3,hJ8dQge_OJY,18.12,18.79,3.084,2.9,0.184,0.0
Lalit#1,Lalit,G M d N d M m,Lalit/train_[hJ8dQge_OJY]_chunk0.mp3,hJ8dQge_OJY,5.88,6.49,3.088,3.0,0.0,0.088
Lalit#1,Lalit,G M d N d M m,Lalit/train_[1AYckL0Qx1Q]_chunk0.mp3,1AYckL0Qx1Q,3.95,4.84,3.1,3.0,0.1,0.0
Lalit#1,Lalit,G M d N d M m,Lalit/train_[GDxVV60_RcU]_chunk2.mp3,GDxVV60_RcU,6.29,6.83,3.1,3.0,0.067,0.033
Lalit#1,Lalit,G M d N d M m,Lalit/train_[0xb3rorA4Wo]_chunk4.mp3,0xb3rorA4Wo,11.16,12.0,3.106,3.0,0.021,0.085
Lalit#1,Lalit,G M d N d M m,Lalit/train_[0xb3rorA4Wo]_chunk4.mp3,0xb3rorA4Wo,11.95,12.59,3.111,3.0,0.0,0.111
Lalit#1,Lalit,G M d N d M m,Lalit/train_[W4p_lZa4OHs]_chunk0.mp3,W4p_lZa4OHs,17.28,18.04,3.116,3.0,0.023,0.093
Lalit#1,Lalit,G M d N d M m,Lalit/train_[0xb3rorA4Wo]_chunk4.mp3,0xb3rorA4Wo,10.12,10.65,3.133,3.0,0.0,0.133
Lalit#1,Lalit,G M d N d M m,Lalit/train_[0xb3rorA4Wo]_chunk3.mp3,0xb3rorA4Wo,5.03,6.52,3.138,3.0,0.037,0.1
Lalit#1,Lalit,G M d N d M m,Lalit/train_[GDxVV60_RcU]_chunk1.mp3,GDxVV60_RcU,6.19,6.7,3.138,3.0,0.0,0.138
Lalit#1,Lalit,G M d N d M m,Lalit/train_[GDxVV60_RcU]_chunk1.mp3,GDxVV60_RcU,13.35,13.85,3.143,3.0,0.0,0.143
Lalit#1,Lalit,G M d N d M m,Lalit/train_[0xb3rorA4Wo]_chunk3.mp3,0xb3rorA4Wo,17.49,18.08,3.152,3.0,0.152,0.0
Lalit#1,Lalit,G M d N d M m,Lalit/train_[0xb3rorA4Wo]_chunk3.mp3,0xb3rorA4Wo,3.45,4.12,3.158,3.0,0.079,0.079
Lalit#1,Lalit,G M d N d M m,Lalit/train_[hJ8dQge_OJY]_chunk3.mp3,hJ8dQge_OJY,33.46,34.58,3.159,3.0,0.159,0.0
Lalit#1,Lalit,G M d N d M m,Lalit/train_[W8R--A38sxk]_chunk4.mp3,W8R--A38sxk,17.12,17.64,3.172,3.0,0.0,0.172
Lalit#1,Lalit,G M d N d M m,Lalit/train_[GDxVV60_RcU]_chunk1.mp3,GDxVV60_RcU,9.78,10.28,3.179,3.0,0.0,0.179
Lalit#1,Lalit,G M d N d M m,Lalit/train_[W4p_lZa4OHs]_chunk4.mp3,W4p_lZa4OHs,8.23,8.76,3.2,3.0,0.0,0.2
Lalit#1,Lalit,G M d N d M m,Lalit/train_[smYksULTb4I]_chunk4.mp3,smYksULTb4I,16.43,17.17,3.2,3.0,0.2,0.0
Lalit#1,Lalit,G M d N d M m,Lalit/train_[hJ8dQge_OJY]_chunk4.mp3,hJ8dQge_OJY,15.79,16.36,3.214,3.0,0.0,0.214
Lalit#1,Lalit,G M d N d M m,Lalit/train_[hJ8dQge_OJY]_chunk4.mp3,hJ8dQge_OJY,8.25,9.0,3.214,3.0,0.0,0.214
Lalit#1,Lalit,G M d N d M m,Lalit/train_[W8R--A38sxk]_chunk3.mp3,W8R--A38sxk,16.87,17.72,3.22,3.0,0.146,0.073
Lalit#1,Lalit,G M d N d M m,Lalit/train_[W8R--A38sxk]_chunk4.mp3,W8R--A38sxk,17.51,18.19,3.237,3.0,0.158,0.079
Lalit#1,Lalit,G M d N d M m,Lalit/train_[W8R--A38sxk]_chunk4.mp3,W8R--A38sxk,11.63,12.27,3.278,3.0,0.028,0.25
Lalit#1,Lalit,G M d N d M m,Lalit/train_[smYksULTb4I]_chunk4.mp3,smYksULTb4I,11.61,12.41,3.311,3.0,0.156,0.156
Lalit#1,Lalit,G M d N d M m,Lalit/train_[smYksULTb4I]_chunk4.mp3,smYksULTb4I,6.24,6.86,3.312,3.0,0.094,0.219
Lalit#1,Lalit,G M d N d M m,Lalit/train_[smYksULTb4I]_chunk4.mp3,smYksULTb4I,9.48,10.06,3.364,3.0,0.091,0.273
Lalit#1,Lalit,G M d N d M m,Lalit/train_[hJ8dQge_OJY]_chunk2.mp3,hJ8dQge_OJY,9.28,9.97,3.405,2.2,0.179,0.026
Lalit#1,Lalit,G M d N d M m,Lalit/train_[hJ8dQge_OJY]_chunk2.mp3,hJ8dQge_OJY,35.7,36.2,3.5,3.0,0.0,0.5
Lalit#1,Lalit,G M d N d M m,Lalit/train_[hJ8dQge_OJY]_chunk2.mp3,hJ8dQge_OJY,2.92,3.86,3.538,3.0,0.256,0.282
Lalit#1,Lalit,G M d N d M m,Lalit/train_[hJ8dQge_OJY]_chunk2.mp3,hJ8dQge_OJY,38.01,38.95,3.604,3.0,0.396,0.208
Lalit#1,Lalit,G M d N d M m,Lalit/train_[hJ8dQge_OJY]_chunk2.mp3,hJ8dQge_OJY,5.76,6.28,3.607,3.0,0.0,0.607
Lalit#2,Lalit,`r N d M m,Lalit/train_[0xb3rorA4Wo]_chunk1.mp3,0xb3rorA4Wo,14.42,15.57,0.08,0.0,0.079,0.0
Lalit#2,Lalit,`r N d M m,Lalit/train_[hJ8dQge_OJY]_chunk3.mp3,hJ8dQge_OJY,33.24,34.58,0.394,0.2,0.194,0.0
Lalit#2,Lalit,`r N d M m,Lalit/train_[W4p_lZa4OHs]_chunk2.mp3,W4p_lZa4OHs,9.16,9.81,0.598,0.22,0.378,0.0
Lalit#2,Lalit,`r N d M m,Lalit/train_[Xdy2gufZoFU]_chunk3.mp3,Xdy2gufZoFU,5.8,6.26,0.697,0.65,0.048,0.0
Lalit#2,Lalit,`r N d M m,Lalit/train_[1AYckL0Qx1Q]_chunk3.mp3,1AYckL0Qx1Q,14.92,15.41,0.714,0.5,0.214,0.0
Lalit#2,Lalit,`r N d M m,Lalit/train_[1AYckL0Qx1Q]_chunk0.mp3,1AYckL0Qx1Q,9.44,9.94,0.748,0.641,0.107,0.0
Lalit#2,Lalit,`r N d M m,Lalit/train_[0xb3rorA4Wo]_chunk4.mp3,0xb3rorA4Wo,18.72,19.34,0.9,0.7,0.143,0.057
Lalit#2,Lalit,`r N d M m,Lalit/train_[hJ8dQge_OJY]_chunk1.mp3,hJ8dQge_OJY,12.07,12.71,0.901,0.901,0.0,0.0
Lalit#2,Lalit,`r N d M m,Lalit/train_[1AYckL0Qx1Q]_chunk0.mp3,1AYckL0Qx1Q,4.94,5.78,0.94,0.6,0.34,0.0
Lalit#2,Lalit,`r N d M m,Lalit/train_[W4p_lZa4OHs]_chunk0.mp3,W4p_lZa4OHs,4.94,5.44,0.982,0.871,0.111,0.0
Lalit#2,Lalit,`r N d M m,Lalit/train_[hJ8dQge_OJY]_chunk3.mp3,hJ8dQge_OJY,12.2,12.78,1.022,0.75,0.273,0.0
Lalit#2,Lalit,`r N d M m,Lalit/train_[GDxVV60_RcU]_chunk4.mp3,GDxVV60_RcU,6.56,7.04,1.037,1.037,0.0,0.0
Lalit#2,Lalit,`r N d M m,Lalit/train_[W8R--A38sxk]_chunk4.mp3,W8R--A38sxk,9.51,10.01,1.372,0.23,0.143,0.0
Lalit#2,Lalit,`r N d M m,Lalit/train_[Xdy2gufZoFU]_chunk0.mp3,Xdy2gufZoFU,2.63,3.29,1.4,1.4,0.0,0.0
Lalit#2,Lalit,`r N d M m,Lalit/train_[W8R--A38sxk]_chunk2.mp3,W8R--A38sxk,12.37,12.85,1.415,1.341,0.074,0.0
Lalit#2,Lalit,`r N d M m,Lalit/train_[NAc1yRhmoPs]_chunk0.mp3,NAc1yRhmoPs,4.55,5.32,1.5,1.5,0.0,0.0
Lalit#2,Lalit,`r N d M m,Lalit/train_[Xdy2gufZoFU]_chunk1.mp3,Xdy2gufZoFU,10.56,11.08,1.5,1.5,0.0,0.0
Lalit#2,Lalit,`r N d M m,Lalit/train_[smYksULTb4I]_chunk0.mp3,smYksULTb4I,18.56,19.15,1.546,1.546,0.0,0.0
Lalit#2,Lalit,`r N d M m,Lalit/train_[0xb3rorA4Wo]_chunk3.mp3,0xb3rorA4Wo,4.75,5.23,1.548,1.4,0.074,0.074
Lalit#2,Lalit,`r N d M m,Lalit/train_[0xb3rorA4Wo]_chunk3.mp3,0xb3rorA4Wo,16.0,16.71,1.65,0.3,0.35,0.0
Lalit#2,Lalit,`r N d M m,Lalit/train_[1AYckL0Qx1Q]_chunk0.mp3,1AYckL0Qx1Q,0.91,1.69,1.659,1.5,0.159,0.0
Lalit#2,Lalit,`r N d M m,Lalit/train_[hJ8dQge_OJY]_chunk1.mp3,hJ8dQge_OJY,30.01,30.63,1.822,1.451,0.371,0.0
Lalit#2,Lalit,`r N d M m,Lalit/train_[W4p_lZa4OHs]_chunk3.mp3,W4p_lZa4OHs,12.39,13.53,1.97,0.829,0.125,0.016
Lalit#2,Lalit,`r N d M m,Lalit/train_[W8R--A38sxk]_chunk4.mp3,W8R--A38sxk,19.18,19.57,1.991,1.991,0.0,0.0
Lalit#2,Lalit,`r N d M m,Lalit/train_[GDxVV60_RcU]_chunk2.mp3,GDxVV60_RcU,4.16,5.69,2.0,0.837,0.0,0.163
Lalit#2,Lalit,`r N d M m,Lalit/train_[Xdy2gufZoFU]_chunk0.mp3,Xdy2gufZoFU,16.62,17.81,2.035,1.5,0.535,0.0
Lalit#2,Lalit,`r N d M m,Lalit/train_[hJ8dQge_OJY]_chunk1.mp3,hJ8dQge_OJY,37.48,37.96,2.047,0.899,0.148,0.0
Lalit#2,Lalit,`r N d M m,Lalit/train_[W4p_lZa4OHs]_chunk2.mp3,W4p_lZa4OHs,8.07,8.59,2.397,2.19,0.207,0.0
Lalit#2,Lalit,`r N d M m,Lalit/train_[W8R--A38sxk]_chunk0.mp3,W8R--A38sxk,9.01,9.44,2.475,1.35,0.125,0.0
Lalit#2,Lalit,`r N d M m,Lalit/train_[hJ8dQge_OJY]_chunk4.mp3,hJ8dQge_OJY,29.28,29.81,2.516,1.249,0.1,0.167
Lalit#2,Lalit,`r N d M m,Lalit/train_[W4p_lZa4OHs]_chunk4.mp3,W4p_lZa4OHs,16.16,16.69,2.579,2.279,0.233,0.067
Lalit#2,Lalit,`r N d M m,Lalit/train_[W8R--A38sxk]_chunk4.mp3,W8R--A38sxk,1.69,2.24,2.759,2.759,0.0,0.0
Lalit#2,Lalit,`r N d M m,Lalit/train_[hJ8dQge_OJY]_chunk2.mp3,hJ8dQge_OJY,9.35,9.97,2.793,2.45,0.314,0.029
Lalit#2,Lalit,`r N d M m,Lalit/train_[1AYckL0Qx1Q]_chunk0.mp3,1AYckL0Qx1Q,8.04,8.44,2.846,1.759,0.087,0.0
Lalit#2,Lalit,`r N d M m,Lalit/train_[1AYckL0Qx1Q]_chunk1.mp3,1AYckL0Qx1Q,10.61,11.41,2.863,2.841,0.022,0.0
Lalit#2,Lalit,`r N d M m,Lalit/train_[W4p_lZa4OHs]_chunk1.mp3,W4p_lZa4OHs,15.68,16.43,2.99,2.99,0.0,0.0
Lalit#2,Lalit,`r N d M m,Lalit/train_[0xb3rorA4Wo]_chunk0.mp3,0xb3rorA4Wo,3.04,3.41,3.0,3.0,0.0,0.0
Lalit#2,Lalit,`r N d M m,Lalit/train_[0xb3rorA4Wo]_chunk0.mp3,0xb3rorA4Wo,15.43,15.86,3.0,3.0,0.0,0.0
Lalit#2,Lalit,`r N d M m,Lalit/train_[0xb3rorA4Wo]_chunk0.mp3,0xb3rorA4Wo,9.3,9.71,3.0,3.0,0.0,0.0
Lalit#2,Lalit,`r N d M m,Lalit/train_[0xb3rorA4Wo]_chunk0.mp3,0xb3rorA4Wo,17.19,17.83,3.0,3.0,0.0,0.0
Lalit#2,Lalit,`r N d M m,Lalit/train_[0xb3rorA4Wo]_chunk0.mp3,0xb3rorA4Wo,8.55,8.91,3.0,3.0,0.0,0.0
Lalit#2,Lalit,`r N d M m,Lalit/train_[0xb3rorA4Wo]_chunk1.mp3,0xb3rorA4Wo,3.38,3.84,3.0,3.0,0.0,0.0
Lalit#2,Lalit,`r N d M m,Lalit/train_[0xb3rorA4Wo]_chunk1.mp3,0xb3rorA4Wo,3.73,4.09,3.0,3.0,0.0,0.0
Lalit#2,Lalit,`r N d M m,Lalit/train_[0xb3rorA4Wo]_chunk1.mp3,0xb3rorA4Wo,4.3,4.84,3.0,3.0,0.0,0.0
Lalit#2,Lalit,`r N d M m,Lalit/train_[0xb3rorA4Wo]_chunk1.mp3,0xb3rorA4Wo,17.97,18.36,3.0,3.0,0.0,0.0
Lalit#2,Lalit,`r N d M m,Lalit/train_[0xb3rorA4Wo]_chunk2.mp3,0xb3rorA4Wo,0.44,0.8,3.0,3.0,0.0,0.0
Lalit#2,Lalit,`r N d M m,Lalit/train_[0xb3rorA4Wo]_chunk2.mp3,0xb3rorA4Wo,11.02,11.38,3.0,3.0,0.0,0.0
Lalit#2,Lalit,`r N d M m,Lalit/train_[0xb3rorA4Wo]_chunk2.mp3,0xb3rorA4Wo,7.0,7.36,3.0,3.0,0.0,0.0
Lalit#2,Lalit,`r N d M m,Lalit/train_[0xb3rorA4Wo]_chunk2.mp3,0xb3rorA4Wo,14.7,15.06,3.0,3.0,0.0,0.0
Lalit#2,Lalit,`r N d M m,Lalit/train_[0xb3rorA4Wo]_chunk2.mp3,0xb3rorA4Wo,14.35,14.7,3.0,3.0,0.0,0.0
Lalit#2,Lalit,`r N d M m,Lalit/train_[0xb3rorA4Wo]_chunk3.mp3,0xb3rorA4Wo,19.56,19.91,3.0,3.0,0.0,0.0
Lalit#2,Lalit,`r N d M m,Lalit/train_[1AYckL0Qx1Q]_chunk0.mp3,1AYckL0Qx1Q,4.44,4.84,3.0,3.0,0.0,0.0
Lalit#2,Lalit,`r N d M m,Lalit/train_[1AYckL0Qx1Q]_chunk1.mp3,1AYckL0Qx1Q,5.12,5.48,3.0,3.0,0.0,0.0
Lalit#2,Lalit,`r N d M m,Lalit/train_[1AYckL0Qx1Q]_chunk1.mp3,1AYckL0Qx1Q,8.68,9.03,3.0,3.0,0.0,0.0
Lalit#2,Lalit,`r N d M m,Lalit/train_[1AYckL0Qx1Q]_chunk1.mp3,1AYckL0Qx1Q,17.51,17.9,3.0,3.0,0.0,0.0
Lalit#2,Lalit,`r N d M m,Lalit/train_[1AYckL0Qx1Q]_chunk1.mp3,1AYckL0Qx1Q,15.06,15.41,3.0,3.0,0.0,0.0
Lalit#2,Lalit,`r N d M m,Lalit/train_[1AYckL0Qx1Q]_chunk2.mp3,1AYckL0Qx1Q,17.71,18.12,3.0,3.0,0.0,0.0
Lalit#2,Lalit,`r N d M m,Lalit/train_[1AYckL0Qx1Q]_chunk2.mp3,1AYckL0Qx1Q,9.21,9.56,3.0,3.0,0.0,0.0
Lalit#2,Lalit,`r N d M m,Lalit/train_[1AYckL0Qx1Q]_chunk2.mp3,1AYckL0Qx1Q,1.39,1.8,3.0,3.0,0.0,0.0
Lalit#2,Lalit,`r N d M m,Lalit/train_[1AYckL0Qx1Q]_chunk2.mp3,1AYckL0Qx1Q,8.91,9.26,3.0,3.0,0.0,0.0
Lalit#2,Lalit,`r N d M m,Lalit/train_[1AYckL0Qx1Q]_chunk2.mp3,1AYckL0Qx1Q,1.87,2.22,3.0,3.0,0.0,0.0
Lalit#2,Lalit,`r N d M m,Lalit/train_[1AYckL0Qx1Q]_chunk4.mp3,1AYckL0Qx1Q,6.92,7.27,3.0,3.0,0.0,0.0
Lalit#2,Lalit,`r N d M m,Lalit/train_[1AYckL0Qx1Q]_chunk4.mp3,1AYckL0Qx1Q,18.01,18.36,3.0,3.0,0.0,0.0
Lalit#2,Lalit,`r N d M m,Lalit/train_[GDxVV60_RcU]_chunk0.mp3,GDxVV60_RcU,3.52,3.88,3.0,3.0,0.0,0.0
Lalit#2,Lalit,`r N d M m,Lalit/train_[GDxVV60_RcU]_chunk0.mp3,GDxVV60_RcU,4.14,4.5,3.0,3.0,0.0,0.0
Lalit#2,Lalit,`r N d M m,Lalit/train_[GDxVV60_RcU]_chunk0.mp3,GDxVV60_RcU,15.06,15.41,3.0,3.0,0.0,0.0
Lalit#2,Lalit,`r N d M m,Lalit/train_[GDxVV60_RcU]_chunk0.mp3,GDxVV60_RcU,5.64,5.99,3.0,3.0,0.0,0.0
Lalit#2,Lalit,`r N d M m,Lalit/train_[GDxVV60_RcU]_chunk0.mp3,GDxVV60_RcU,3.95,4.3,3.0,3.0,0.0,0.0
Lalit#2,Lalit,`r N d M m,Lalit/train_[GDxVV60_RcU]_chunk1.mp3,GDxVV60_RcU,19.56,19.91,3.0,3.0,0.0,0.0
Lalit#2,Lalit,`r N d M m,Lalit/train_[GDxVV60_RcU]_chunk1.mp3,GDxVV60_RcU,19.24,19.59,3.0,3.0,0.0,0.0
Lalit#2,Lalit,`r N d M m,Lalit/train_[GDxVV60_RcU]_chunk1.mp3,GDxVV60_RcU,19.04,19.4,3.0,3.0,0.0,0.0
Lalit#2,Lalit,`r N d M m,Lalit/train_[GDxVV60_RcU]_chunk2.mp3,GDxVV60_RcU,17.35,17.85,3.0,3.0,0.0,0.0
Lalit#2,Lalit,`r N d M m,Lalit/train_[GDxVV60_RcU]_chunk2.mp3,GDxVV60_RcU,6.63,7.61,3.0,3.0,0.0,0.0
Lalit#2,Lalit,`r N d M m,Lalit/train_[GDxVV60_RcU]_chunk2.mp3,GDxVV60_RcU,17.65,18.22,3.0,3.0,0.0,0.0
Lalit#2,Lalit,`r N d M m,Lalit/train_[GDxVV60_RcU]_chunk2.mp3,GDxVV60_RcU,17.14,17.49,3.0,3.0,0.0,0.0
Lalit#2,Lalit,`r N d M m,Lalit/train_[GDxVV60_RcU]_chunk3.mp3,GDxVV60_RcU,12.55,12.91,3.0,3.0,0.0,0.0
Lalit#2,Lalit,`r N d M m,Lalit/train_[GDxVV60_RcU]_chunk3.mp3,GDxVV60_RcU,9.4,9.85,3.0,3.0,0.0,0.0
Lalit#2,Lalit,`r N d M m,Lalit/train_[GDxVV60_RcU]_chunk3.mp3,GDxVV60_RcU,16.66,17.01,3.0,3.0,0.0,0.0
Lalit#2,Lalit,`r N d M m,Lalit/train_[GDxVV60_RcU]_chunk3.mp3,GDxVV60_RcU,8.64,9.24,3.0,3.0,0.0,0.0
Lalit#2,Lalit,`r N d M m,Lalit/train_[GDxVV60_RcU]_chunk3.mp3,GDxVV60_RcU,17.23,17.58,3.0,3.0,0.0,0.0
Lalit#2,Lalit,`r N d M m,Lalit/train_[GDxVV60_RcU]_chunk4.mp3,GDxVV60_RcU,12.6,13.08,3.0,3.0,0.0,0.0
Lalit#2,Lalit,`r N d M m,Lalit/train_[GDxVV60_RcU]_chunk4.mp3,GDxVV60_RcU,7.84,8.23,3.0,3.0,0.0,0.0
Lalit#2,Lalit,`r N d M m,Lalit/train_[GDxVV60_RcU]_chunk4.mp3,GDxVV60_RcU,18.65,19.0,3.0,3.0,0.0,0.0
Lalit#2,Lalit,`r N d M m,Lalit/train_[GDxVV60_RcU]_chunk4.mp3,GDxVV60_RcU,10.56,10.99,3.0,3.0,0.0,0.0
Lalit#2,Lalit,`r N d M m,Lalit/train_[NAc1yRhmoPs]_chunk0.mp3,NAc1yRhmoPs,13.74,14.56,3.0,3.0,0.0,0.0
Lalit#2,Lalit,`r N d M m,Lalit/train_[NAc1yRhmoPs]_chunk0.mp3,NAc1yRhmoPs,2.29,3.02,3.0,3.0,0.0,0.0
Lalit#2,Lalit,`r N d M m,Lalit/train_[NAc1yRhmoPs]_chunk0.mp3,NAc1yRhmoPs,10.4,10.88,3.0,3.0,0.0,0.0
Lalit#2,Lalit,`r N d M m,Lalit/train_[NAc1yRhmoPs]_chunk0.mp3,NAc1yRhmoPs,8.09,9.42,3.0,3.0,0.0,0.0
Lalit#2,Lalit,`r N d M m,Lalit/train_[NAc1yRhmoPs]_chunk1.mp3,NAc1yRhmoPs,19.0,19.36,3.0,3.0,0.0,0.0
Lalit#2,Lalit,`r N d M m,Lalit/train_[NAc1yRhmoPs]_chunk1.mp3,NAc1yRhmoPs,17.81,18.17,3.0,3.0,0.0,0.0
Lalit#2,Lalit,`r N d M m,Lalit/train_[NAc1yRhmoPs]_chunk1.mp3,NAc1yRhmoPs,19.2,19.56,3.0,3.0,0.0,0.0
Lalit#2,Lalit,`r N d M m,Lalit/train_[NAc1yRhmoPs]_chunk1.mp3,NAc1yRhmoPs,18.81,19.16,3.0,3.0,0.0,0.0
Lalit#2,Lalit,`r N d M m,Lalit/train_[NAc1yRhmoPs]_chunk1.mp3,NAc1yRhmoPs,0.3,0.66,3.0,3.0,0.0,0.0
Lalit#2,Lalit,`r N d M m,Lalit/train_[NAc1yRhmoPs]_chunk2.mp3,NAc1yRhmoPs,3.77,4.23,3.0,3.0,0.0,0.0
Lalit#2,Lalit,`r N d M m,Lalit/train_[NAc1yRhmoPs]_chunk2.mp3,NAc1yRhmoPs,0.11,0.46,3.0,3.0,0.0,0.0
Lalit#2,Lalit,`r N d M m,Lalit/train_[NAc1yRhmoPs]_chunk2.mp3,NAc1yRhmoPs,15.31,15.66,3.0,3.0,0.0,0.0
Lalit#2,Lalit,`r N d M m,Lalit/train_[NAc1yRhmoPs]_chunk2.mp3,NAc1yRhmoPs,14.95,15.41,3.0,3.0,0.0,0.0
Lalit#2,Lalit,`r N d M m,Lalit/train_[NAc1yRhmoPs]_chunk2.mp3,NAc1yRhmoPs,15.31,16.5,3.0,3.0,0.0,0.0
Lalit#2,Lalit,`r N d M m,Lalit/train_[NAc1yRhmoPs]_chunk3.mp3,NAc1yRhmoPs,3.96,5.28,3.0,3.0,0.0,0.0
Lalit#2,Lalit,`r N d M m,Lalit/train_[NAc1yRhmoPs]_chunk3.mp3,NAc1yRhmoPs,18.79,19.36,3.0,3.0,0.0,0.0
Lalit#2,Lalit,`r N d M m,Lalit/train_[NAc1yRhmoPs]_chunk3.mp3,NAc1yRhmoPs,18.38,18.74,3.0,3.0,0.0,0.0
Lalit#2,Lalit,`r N d M m,Lalit/train_[NAc1yRhmoPs]_chunk3.mp3,NAc1yRhmoPs,17.96,18.31,3.0,3.0,0.0,0.0
Lalit#2,Lalit,`r N d M m,Lalit/train_[NAc1yRhmoPs]_chunk3.mp3,NAc1yRhmoPs,18.61,18.97,3.0,3.0,0.0,0.0
Lalit#2,Lalit,`r N d M m,Lalit/train_[NAc1yRhmoPs]_chunk4.mp3,NAc1yRhmoPs,15.56,15.91,3.0,3.0,0.0,0.0
Lalit#2,Lalit,`r N d M m,Lalit/train_[NAc1yRhmoPs]_chunk4.mp3,NAc1yRhmoPs,17.74,18.13,3.0,3.0,0.0,0.0
Lalit#2,Lalit,`r N d M m,Lalit/train_[NAc1yRhmoPs]_chunk4.mp3,NAc1yRhmoPs,14.77,15.13,3.0,3.0,0.0,0.0
Lalit#2,Lalit,`r N d M m,Lalit/train_[NAc1yRhmoPs]_chunk4.mp3,NAc1yRhmoPs,9.32,9.67,3.0,3.0,0.0,0.0
Lalit#2,Lalit,`r N d M m,Lalit/train_[NAc1yRhmoPs]_chunk4.mp3,NAc1yRhmoPs,15.2,15.56,3.0,3.0,0.0,0.0
Lalit#2,Lalit,`r N d M m,Lalit/train_[W4p_lZa4OHs]_chunk0.mp3,W4p_lZa4OHs,5.67,6.1,3.0,3.0,0.0,0.0
Lalit#2,Lalit,`r N d M m,Lalit/train_[W4p_lZa4OHs]_chunk1.mp3,W4p_lZa4OHs,5.32,5.67,3.0,3.0,0.0,0.0
Lalit#2,Lalit,`r N d M m,Lalit/train_[W4p_lZa4OHs]_chunk1.mp3,W4p_lZa4OHs,10.95,11.31,3.0,3.0,0.0,0.0
Lalit#2,Lalit,`r N d M m,Lalit/train_[W4p_lZa4OHs]_chunk1.mp3,W4p_lZa4OHs,11.2,11.56,3.0,3.0,0.0,0.0
Lalit#2,Lalit,`r N d M m,Lalit/train_[W4p_lZa4OHs]_chunk1.mp3,W4p_lZa4OHs,5.58,5.94,3.0,3.0,0.0,0.0
Lalit#2,Lalit,`r N d M m,Lalit/train_[W4p_lZa4OHs]_chunk2.mp3,W4p_lZa4OHs,10.45,10.81,3.0,3.0,0.0,0.0
Lalit#2,Lalit,`r N d M m,Lalit/train_[W4p_lZa4OHs]_chunk2.mp3,W4p_lZa4OHs,10.6,11.16,3.0,3.0,0.0,0.0
Lalit#2,Lalit,`r N d M m,Lalit/train_[W4p_lZa4OHs]_chunk2.mp3,W4p_lZa4OHs,15.88,16.25,3.0,3.0,0.0,0.0
Lalit#2,Lalit,`r N d M m,Lalit/train_[W4p_lZa4OHs]_chunk3.mp3,W4p_lZa4OHs,6.67,7.02,3.0,3.0,0.0,0.0
Lalit#2,Lalit,`r N d M m,Lalit/train_[W4p_lZa4OHs]_chunk4.mp3,W4p_lZa4OHs,2.24,2.72,3.0,3.0,0.0,0.0
Lalit#2,Lalit,`r N d M m,Lalit/train_[W8R--A38sxk]_chunk0.mp3,W8R--A38sxk,1.14,2.49,3.0,3.0,0.0,0.0
Lalit#2,Lalit,`r N d M m,Lalit/train_[W8R--A38sxk]_chunk0.mp3,W8R--A38sxk,1.14,2.51,3.0,3.0,0.0,0.0
Lalit#2,Lalit,`r N d M m,Lalit/train_[W8R--A38sxk]_chunk0.mp3,W8R--A38sxk,1.14,2.52,3.0,3.0,0.0,0.0
Lalit#2,Lalit,`r N d M m,Lalit/train_[W8R--A38sxk]_chunk0.mp3,W8R--A38sxk,12.0,12.36,3.0,3.0,0.0,0.0
Lalit#2,Lalit,`r N d M m,Lalit/train_[W8R--A38sxk]_chunk1.mp3,W8R--A38sxk,16.16,16.62,3.0,3.0,0.0,0.0
Lalit#2,Lalit,`r N d M m,Lalit/train_[W8R--A38sxk]_chunk1.mp3,W8R--A38sxk,15.8,16.16,3.0,3.0,0.0,0.0
Lalit#2,Lalit,`r N d M m,Lalit/train_[W8R--A38sxk]_chunk1.mp3,W8R--A38sxk,13.9,14.26,3.0,3.0,0.0,0.0
Lalit#2,Lalit,`r N d M m,Lalit/train_[W8R--A38sxk]_chunk1.mp3,W8R--A38sxk,7.8,8.16,3.0,3.0,0.0,0.0
Lalit#2,Lalit,`r N d M m,Lalit/train_[W8R--A38sxk]_chunk1.mp3,W8R--A38sxk,10.22,10.67,3.0,3.0,0.0,0.0
Lalit#2,Lalit,`r N d M m,Lalit/train_[W8R--A38sxk]_chunk2.mp3,W8R--A38sxk,18.28,18.63,3.0,3.0,0.0,0.0
Lalit#2,Lalit,`r N d M m,Lalit/train_[W8R--A38sxk]_chunk2.mp3,W8R--A38sxk,3.15,3.54,3.0,3.0,0.0,0.0
Lalit#2,Lalit,`r N d M m,Lalit/train_[W8R--A38sxk]_chunk2.mp3,W8R--A38sxk,11.96,12.32,3.0,3.0,0.0,0.0
Lalit#2,Lalit,`r N d M m,Lalit/train_[W8R--A38sxk]_chunk2.mp3,W8R--A38sxk,3.43,3.79,3.0,3.0,0.0,0.0
Lalit#2,Lalit,`r N d M m,Lalit/train_[Xdy2gufZoFU]_chunk0.mp3,Xdy2gufZoFU,0.41,0.87,3.0,3.0,0.0,0.0
Lalit#2,Lalit,`r N d M m,Lalit/train_[Xdy2gufZoFU]_chunk0.mp3,Xdy2gufZoFU,17.71,18.15,3.0,3.0,0.0,0.0
Lalit#2,Lalit,`r N d M m,Lalit/train_[Xdy2gufZoFU]_chunk0.mp3,Xdy2gufZoFU,0.05,0.41,3.0,3.0,0.0,0.0
Lalit#2,Lalit,`r N d M m,Lalit/train_[Xdy2gufZoFU]_chunk1.mp3,Xdy2gufZoFU,16.16,16.52,3.0,3.0,0.0,0.0
Lalit#2,Lalit,`r N d M m,Lalit/train_[Xdy2gufZoFU]_chunk2.mp3,Xdy2gufZoFU,14.12,14.61,3.0,3.0,0.0,0.0
Lalit#2,Lalit,`r N d M m,Lalit/train_[Xdy2gufZoFU]_chunk2.mp3,Xdy2gufZoFU,19.5,20.0,3.0,3.0,0.0,0.0
Lalit#2,Lalit,`r N d M m,Lalit/train_[Xdy2gufZoFU]_chunk2.mp3,Xdy2gufZoFU,8.75,9.24,3.0,3.0,0.0,0.0
Lalit#2,Lalit,`r N d M m,Lalit/train_[Xdy2gufZoFU]_chunk3.mp3,Xdy2gufZoFU,11.08,11.56,3.0,3.0,0.0,0.0
Lalit#2,Lalit,`r N d M m,Lalit/train_[Xdy2gufZoFU]_chunk3.mp3,Xdy2gufZoFU,4.36,4.71,3.0,3.0,0.0,0.0
Lalit#2,Lalit,`r N d M m,Lalit/train_[Xdy2gufZoFU]_chunk3.mp3,Xdy2gufZoFU,12.37,12.73,3.0,3.0,0.0,0.0
Lalit#2,Lalit,`r N d M m,Lalit/train_[Xdy2gufZoFU]_chunk4.mp3,Xdy2gufZoFU,17.58,17.94,3.0,3.0,0.0,0.0
Lalit#2,Lalit,`r N d M m,Lalit/train_[Xdy2gufZoFU]_chunk4.mp3,Xdy2gufZoFU,9.94,10.31,3.0,3.0,0.0,0.0
Lalit#2,Lalit,`r N d M m,Lalit/train_[Xdy2gufZoFU]_chunk4.mp3,Xdy2gufZoFU,1.6,2.15,3.0,3.0,0.0,0.0
Lalit#2,Lalit,`r N d M m,Lalit/train_[Xdy2gufZoFU]_chunk4.mp3,Xdy2gufZoFU,1.44,2.15,3.0,3.0,0.0,0.0
Lalit#2,Lalit,`r N d M m,Lalit/train_[Xdy2gufZoFU]_chunk4.mp3,Xdy2gufZoFU,1.19,2.15,3.0,3.0,0.0,0.0
Lalit#2,Lalit,`r N d M m,Lalit/train_[hJ8dQge_OJY]_chunk3.mp3,hJ8dQge_OJY,22.44,22.81,3.0,3.0,0.0,0.0
Lalit#2,Lalit,`r N d M m,Lalit/train_[smYksULTb4I]_chunk0.mp3,smYksULTb4I,12.91,13.56,3.0,3.0,0.0,0.0
Lalit#2,Lalit,`r N d M m,Lalit/train_[smYksULTb4I]_chunk0.mp3,smYksULTb4I,8.41,9.72,3.0,3.0,0.0,0.0
Lalit#2,Lalit,`r N d M m,Lalit/train_[smYksULTb4I]_chunk0.mp3,smYksULTb4I,8.41,9.72,3.0,3.0,0.0,0.0
Lalit#2,Lalit,`r N d M m,Lalit/train_[smYksULTb4I]_chunk0.mp3,smYksULTb4I,8.41,9.72,3.0,3.0,0.0,0.0
Lalit#2,Lalit,`r N d M m,Lalit/train_[smYksULTb4I]_chunk1.mp3,smYksULTb4I,0.11,0.6,3.0,3.0,0.0,0.0
Lalit#2,Lalit,`r N d M m,Lalit/train_[smYksULTb4I]_chunk1.mp3,smYksULTb4I,9.48,9.9,3.0,3.0,0.0,0.0
Lalit#2,Lalit,`r N d M m,Lalit/train_[smYksULTb4I]_chunk1.mp3,smYksULTb4I,0.71,1.17,3.0,3.0,0.0,0.0
Lalit#2,Lalit,`r N d M m,Lalit/train_[smYksULTb4I]_chunk1.mp3,smYksULTb4I,6.47,6.92,3.0,3.0,0.0,0.0
Lalit#2,Lalit,`r N d M m,Lalit/train_[smYksULTb4I]_chunk1.mp3,smYksULTb4I,9.24,9.6,3.0,3.0,0.0,0.0
Lalit#2,Lalit,`r N d M m,Lalit/train_[smYksULTb4I]_chunk2.mp3,smYksULTb4I,9.49,10.01,3.0,3.0,0.0,0.0
Lalit#2,Lalit,`r N d M m,Lalit/train_[smYksULTb4I]_chunk2.mp3,smYksULTb4I,9.21,9.62,3.0,3.0,0.0,0.0
Lalit#2,Lalit,`r N d M m,Lalit/train_[smYksULTb4I]_chunk3.mp3,smYksULTb4I,12.55,12.91,3.0,3.0,0.0,0.0
Lalit#2,Lalit,`r N d M m,Lalit/train_[smYksULTb4I]_chunk3.mp3,smYksULTb4I,6.31,6.92,3.0,3.0,0.0,0.0
Lalit#2,Lalit,`r N d M m,Lalit/train_[smYksULTb4I]_chunk2.mp3,smYksULTb4I,7.61,8.16,3.011,1.946,0.0,0.065
Lalit#2,Lalit,`r N d M m,Lalit/train_[hJ8dQge_OJY]_chunk1.mp3,hJ8dQge_OJY,12.92,14.51,3.034,3.0,0.0,0.034
Lalit#2,Lalit,`r N d M m,Lalit/train_[0xb3rorA4Wo]_chunk3.mp3,0xb3rorA4Wo,0.5,1.0,3.036,3.0,0.0,0.036
Lalit#2,Lalit,`r N d M m,Lalit/train_[Xdy2gufZoFU]_chunk1.mp3,Xdy2gufZoFU,6.6,8.64,3.044,3.0,0.009,0.035
Lalit#2,Lalit,`r N d M m,Lalit/train_[Xdy2gufZoFU]_chunk3.mp3,Xdy2gufZoFU,1.28,1.67,3.045,3.0,0.045,0.0
Lalit#2,Lalit,`r N d M m,Lalit/train_[hJ8dQge_OJY]_chunk1.mp3,hJ8dQge_OJY,22.93,23.32,3.045,3.0,0.045,0.0
Lalit#2,Lalit,`r N d M m,Lalit/train_[smYksULTb4I]_chunk2.mp3,smYksULTb4I,0.6,1.0,3.045,3.0,0.045,0.0
Lalit#2,Lalit,`r N d M m,Lalit/train_[W8R--A38sxk]_chunk3.mp3,W8R--A38sxk,3.66,4.04,3.048,3.0,0.048,0.0
Lalit#2,Lalit,`r N d M m,Lalit/train_[smYksULTb4I]_chunk2.mp3,smYksULTb4I,1.23,1.6,3.048,3.0,0.048,0.0
Lalit#2,Lalit,`r N d M m,Lalit/train_[W8R--A38sxk]_chunk4.mp3,W8R--A38sxk,11.18,11.66,3.06,1.791,0.154,0.115
Lalit#2,Lalit,`r N d M m,Lalit/train_[hJ8dQge_OJY]_chunk0.mp3,hJ8dQge_OJY,19.22,21.19,3.09,3.0,0.0,0.09
Lalit#2,Lalit,`r N d M m,Lalit/train_[1AYckL0Qx1Q]_chunk4.mp3,1AYckL0Qx1Q,18.15,18.74,3.091,3.0,0.0,0.091
Lalit#2,Lalit,`r N d M m,Lalit/train_[W8R--A38sxk]_chunk3.mp3,W8R--A38sxk,11.08,11.5,3.091,3.0,0.045,0.045
Lalit#2,Lalit,`r N d M m,Lalit/train_[Xdy2gufZoFU]_chunk1.mp3,Xdy2gufZoFU,15.13,15.5,3.095,3.0,0.0,0.095
Lalit#2,Lalit,`r N d M m,Lalit/train_[hJ8dQge_OJY]_chunk2.mp3,hJ8dQge_OJY,32.5,32.87,3.095,3.0,0.0,0.095
Lalit#2,Lalit,`r N d M m,Lalit/train_[1AYckL0Qx1Q]_chunk4.mp3,1AYckL0Qx1Q,6.44,6.86,3.1,3.0,0.0,0.1
Lalit#2,Lalit,`r N d M m,Lalit/train_[GDxVV60_RcU]_chunk1.mp3,GDxVV60_RcU,2.42,2.77,3.1,3.0,0.0,0.1
Lalit#2,Lalit,`r N d M m,Lalit/train_[Xdy2gufZoFU]_chunk1.mp3,Xdy2gufZoFU,18.15,18.76,3.1,3.0,0.0,0.1
Lalit#2,Lalit,`r N d M m,Lalit/train_[hJ8dQge_OJY]_chunk2.mp3,hJ8dQge_OJY,33.9,34.26,3.1,3.0,0.0,0.1
Lalit#2,Lalit,`r N d M m,Lalit/train_[GDxVV60_RcU]_chunk1.mp3,GDxVV60_RcU,6.08,6.7,3.114,3.0,0.0,0.114
Lalit#2,Lalit,`r N d M m,Lalit/train_[1AYckL0Qx1Q]_chunk4.mp3,1AYckL0Qx1Q,16.73,17.19,3.115,3.0,0.115,0.0
Lalit#2,Lalit,`r N d M m,Lalit/train_[0xb3rorA4Wo]_chunk3.mp3,0xb3rorA4Wo,5.42,6.52,3.121,3.0,0.017,0.103
Lalit#2,Lalit,`r N d M m,Lalit/train_[W8R--A38sxk]_chunk3.mp3,W8R--A38sxk,17.17,17.72,3.125,3.0,0.0,0.125
Lalit#2,Lalit,`r N d M m,Lalit/train_[W4p_lZa4OHs]_chunk0.mp3,W4p_lZa4OHs,4.28,4.71,3.13,3.0,0.13,0.0
Lalit#2,Lalit,`r N d M m,Lalit/train_[hJ8dQge_OJY]_chunk3.mp3,hJ8dQge_OJY,18.44,20.6,3.131,3.0,0.066,0.066
Lalit#2,Lalit,`r N d M m,Lalit/train_[W4p_lZa4OHs]_chunk3.mp3,W4p_lZa4OHs,1.07,1.56,3.133,2.99,0.071,0.071
Lalit#2,Lalit,`r N d M m,Lalit/train_[0xb3rorA4Wo]_chunk4.mp3,0xb3rorA4Wo,3.32,4.5,3.136,3.0,0.03,0.106
Lalit#2,Lalit,`r N d M m,Lalit/train_[W4p_lZa4OHs]_chunk0.mp3,W4p_lZa4OHs,15.52,15.91,3.136,3.0,0.0,0.136
Lalit#2,Lalit,`r N d M m,Lalit/train_[hJ8dQge_OJY]_chunk4.mp3,hJ8dQge_OJY,4.09,4.75,3.14,0.951,0.108,0.081
Lalit#2,Lalit,`r N d M m,Lalit/train_[0xb3rorA4Wo]_chunk4.mp3,0xb3rorA4Wo,11.11,12.0,3.16,1.9,0.18,0.08
Lalit#2,Lalit,`r N d M m,Lalit/train_[1AYckL0Qx1Q]_chunk3.mp3,1AYckL0Qx1Q,16.21,16.64,3.167,3.0,0.167,0.0
Lalit#2,Lalit,`r N d M m,Lalit/train_[hJ8dQge_OJY]_chunk0.mp3,hJ8dQge_OJY,22.38,22.83,3.167,3.0,0.167,0.0
Lalit#2,Lalit,`r N d M m,Lalit/train_[hJ8dQge_OJY]_chunk4.mp3,hJ8dQge_OJY,0.76,1.3,3.172,3.0,0.138,0.034
Lalit#2,Lalit,`r N d M m,Lalit/train_[W8R--A38sxk]_chunk4.mp3,W8R--A38sxk,4.05,4.46,3.174,3.0,0.0,0.174
Lalit#2,Lalit,`r N d M m,Lalit/train_[1AYckL0Qx1Q]_chunk3.mp3,1AYckL0Qx1Q,10.2,10.61,3.174,3.0,0.13,0.043
Lalit#2,Lalit,`r N d M m,Lalit/train_[smYksULTb4I]_chunk3.mp3,smYksULTb4I,13.19,13.83,3.176,3.0,0.176,0.0
Lalit#2,Lalit,`r N d M m,Lalit/train_[1AYckL0Qx1Q]_chunk3.mp3,1AYckL0Qx1Q,7.47,7.98,3.207,3.0,0.069,0.138
Lalit#2,Lalit,`r N d M m,Lalit/train_[hJ8dQge_OJY]_chunk3.mp3,hJ8dQge_OJY,12.98,13.48,3.214,3.0,0.0,0.214
Lalit#2,Lalit,`r N d M m,Lalit/train_[smYksULTb4I]_chunk4.mp3,smYksULTb4I,6.92,7.32,3.217,3.0,0.043,0.174
Lalit#2,Lalit,`r N d M m,Lalit/train_[hJ8dQge_OJY]_chunk0.mp3,hJ8dQge_OJY,1.28,1.76,3.231,3.0,0.231,0.0
Lalit#2,Lalit,`r N d M m,Lalit/train_[hJ8dQge_OJY]_chunk2.mp3,hJ8dQge_OJY,8.76,9.21,3.24,3.0,0.16,0.08
Lalit#2,Lalit,`r N d M m,Lalit/train_[Xdy2gufZoFU]_chunk2.mp3,Xdy2gufZoFU,9.24,10.06,3.25,3.0,0.0,0.25
Lalit#2,Lalit,`r N d M m,Lalit/train_[W8R--A38sxk]_chunk3.mp3,W8R--A38sxk,5.92,6.54,3.257,3.0,0.2,0.057
Lalit#2,Lalit,`r N d M m,Lalit/train_[1AYckL0Qx1Q]_chunk3.mp3,1AYckL0Qx1Q,7.91,8.46,3.258,3.0,0.097,0.161
Lalit#2,Lalit,`r N d M m,Lalit/train_[smYksULTb4I]_chunk4.mp3,smYksULTb4I,13.62,14.01,3.273,3.0,0.091,0.182
Lalit#2,Lalit,`r N d M m,Lalit/train_[hJ8dQge_OJY]_chunk2.mp3,hJ8dQge_OJY,2.13,2.84,3.275,3.0,0.2,0.075
Lalit#2,Lalit,`r N d M m,Lalit/train_[W4p_lZa4OHs]_chunk4.mp3,W4p_lZa4OHs,8.39,8.76,3.286,3.0,0.0,0.286
Lalit#2,Lalit,`r N d M m,Lalit/train_[Xdy2gufZoFU]_chunk2.mp3,Xdy2gufZoFU,16.39,17.01,3.286,3.0,0.0,0.286
Lalit#2,Lalit,`r N d M m,Lalit/train_[smYksULTb4I]_chunk4.mp3,smYksULTb4I,9.56,10.06,3.286,3.0,0.143,0.143
Lalit#2,Lalit,`r N d M m,Lalit/train_[W4p_lZa4OHs]_chunk4.mp3,W4p_lZa4OHs,9.76,10.13,3.3,3.0,0.0,0.3
Lalit#2,Lalit,`r N d M m,Lalit/train_[W8R--A38sxk]_chunk3.mp3,W8R--A38sxk,3.08,3.43,3.3,3.0,0.0,0.3
Lalit#2,Lalit,`r N d M m,Lalit/train_[hJ8dQge_OJY]_chunk4.mp3,hJ8dQge_OJY,15.98,16.36,3.3,3.0,0.0,0.3
Lalit#2,Lalit,`r N d M m,Lalit/train_[hJ8dQge_OJY]_chunk4.mp3,hJ8dQge_OJY,19.56,19.91,3.3,3.0,0.0,0.3
Lalit#2,Lalit,`r N d M m,Lalit/train_[smYksULTb4I]_chunk3.mp3,smYksULTb4I,16.76,17.19,3.304,3.0,0.13,0.174
Lalit#2,Lalit,`r N d M m,Lalit/train_[W4p_lZa4OHs]_chunk0.mp3,W4p_lZa4OHs,14.19,14.65,3.308,3.0,0.0,0.308
Lalit#2,Lalit,`r N d M m,Lalit/train_[W4p_lZa4OHs]_chunk3.mp3,W4p_lZa4OHs,0.04,0.43,3.318,3.0,0.0,0.318
Lalit#2,Lalit,`r N d M m,Lalit/train_[W4p_lZa4OHs]_chunk4.mp3,W4p_lZa4OHs,0.3,0.91,3.324,3.0,0.118,0.206
Lalit#2,Lalit,`r N d M m,Lalit/train_[smYksULTb4I]_chunk4.mp3,smYksULTb4I,11.68,12.05,3.333,3.0,0.0,0.333
Lalit#2,Lalit,`r N d M m,Lalit/train_[W4p_lZa4OHs]_chunk3.mp3,W4p_lZa4OHs,0.27,0.62,3.35,3.0,0.0,0.35
Lalit#2,Lalit,`r N d M m,Lalit/train_[hJ8dQge_OJY]_chunk0.mp3,hJ8dQge_OJY,2.35,2.7,3.35,3.0,0.0,0.35
Lalit#2,Lalit,`r N d M m,Lalit/train_[hJ8dQge_OJY]_chunk0.mp3,hJ8dQge_OJY,17.01,17.97,3.352,3.0,0.204,0.148
Lalit#2,Lalit,`r N d M m,Lalit/train_[smYksULTb4I]_chunk4.mp3,smYksULTb4I,14.38,14.77,3.364,3.0,0.091,0.273
Lalit#2,Lalit,`r N d M m,Lalit/train_[smYksULTb4I]_chunk3.mp3,smYksULTb4I,10.81,11.18,3.381,3.0,0.0,0.381
Lalit#2,Lalit,`r N d M m,Lalit/train_[0xb3rorA4Wo]_chunk4.mp3,0xb3rorA4Wo,12.37,13.01,3.417,3.0,0.194,0.222
Lalit#2,Lalit,`r N d M m,Lalit/train_[0xb3rorA4Wo]_chunk4.mp3,0xb3rorA4Wo,10.58,11.02,3.48,3.0,0.16,0.32
Lalit#3,Lalit,G m M m,Lalit/train_[GDxVV60_RcU]_chunk2.mp3,GDxVV60_RcU,6.7,7.61,0.0,0.0,0.0,0.0
Lalit#3,Lalit,G m M m,Lalit/train_[Xdy2gufZoFU]_chunk2.mp3,Xdy2gufZoFU,13.56,14.61,0.0,0.0,0.0,0.0
Lalit#3,Lalit,G m M m,Lalit/train_[Xdy2gufZoFU]_chunk2.mp3,Xdy2gufZoFU,19.24,20.0,0.0,0.0,0.0,0.0
Lalit#3,Lalit,G m M m,Lalit/train_[smYksULTb4I]_chunk0.mp3,smYksULTb4I,7.68,9.72,0.0,0.0,0.0,0.0
Lalit#3,Lalit,G m M m,Lalit/train_[smYksULTb4I]_chunk4.mp3,smYksULTb4I,16.43,17.17,0.0,0.0,0.0,0.0
Lalit#3,Lalit,G m M m,Lalit/train_[Xdy2gufZoFU]_chunk1.mp3,Xdy2gufZoFU,13.0,13.39,0.0,0.0,0.0,0.0
Lalit#3,Lalit,G m M m,Lalit/train_[Xdy2gufZoFU]_chunk1.mp3,Xdy2gufZoFU,8.05,8.43,0.0,0.0,0.0,0.0
Lalit#3,Lalit,G m M m,Lalit/train_[NAc1yRhmoPs]_chunk3.mp3,NAc1yRhmoPs,18.31,18.74,0.025,0.025,0.0,0.0
Lalit#3,Lalit,G m M m,Lalit/train_[W4p_lZa4OHs]_chunk2.mp3,W4p_lZa4OHs,4.55,5.01,0.06,0.06,0.0,0.0
Lalit#3,Lalit,G m M m,Lalit/train_[GDxVV60_RcU]_chunk2.mp3,GDxVV60_RcU,6.68,7.61,0.081,0.081,0.0,0.0
Lalit#3,Lalit,G m M m,Lalit/train_[Xdy2gufZoFU]_chunk1.mp3,Xdy2gufZoFU,0.75,1.42,0.105,0.0,0.105,0.0
Lalit#3,Lalit,G m M m,Lalit/train_[GDxVV60_RcU]_chunk2.mp3,GDxVV60_RcU,6.44,6.95,0.119,0.119,0.0,0.0
Lalit#3,Lalit,G m M m,Lalit/train_[W4p_lZa4OHs]_chunk1.mp3,W4p_lZa4OHs,10.99,11.29,0.129,0.129,0.0,0.0
Lalit#3,Lalit,G m M m,Lalit/train_[GDxVV60_RcU]_chunk2.mp3,GDxVV60_RcU,17.19,17.85,0.161,0.0,0.161,0.0
Lalit#3,Lalit,G m M m,Lalit/train_[Xdy2gufZoFU]_chunk1.mp3,Xdy2gufZoFU,16.28,16.71,0.167,0.0,0.167,0.0
Lalit#3,Lalit,G m M m,Lalit/train_[GDxVV60_RcU]_chunk2.mp3,GDxVV60_RcU,9.24,9.99,0.192,0.0,0.077,0.115
Lalit#3,Lalit,G m M m,Lalit/train_[W4p_lZa4OHs]_chunk2.mp3,W4p_lZa4OHs,4.21,4.55,0.192,0.087,0.105,0.0
Lalit#3,Lalit,G m M m,Lalit/train_[Xdy2gufZoFU]_chunk2.mp3,Xdy2gufZoFU,3.36,3.68,0.2,0.2,0.0,0.0
Lalit#3,Lalit,G m M m,Lalit/train_[W8R--A38sxk]_chunk1.mp3,W8R--A38sxk,16.34,16.62,0.22,0.22,0.0,0.0
Lalit#3,Lalit,G m M m,Lalit/train_[Xdy2gufZoFU]_chunk2.mp3,Xdy2gufZoFU,0.28,0.68,0.227,0.0,0.227,0.0
Lalit#3,Lalit,G m M m,Lalit/train_[Xdy2gufZoFU]_chunk3.mp3,Xdy2gufZoFU,4.92,5.35,0.227,0.0,0.227,0.0
Lalit#3,Lalit,G m M m,Lalit/train_[W4p_lZa4OHs]_chunk3.mp3,W4p_lZa4OHs,5.33,5.64,0.229,0.229,0.0,0.0
Lalit#3,Lalit,G m M m,Lalit/train_[GDxVV60_RcU]_chunk0.mp3,GDxVV60_RcU,1.8,3.88,0.231,0.231,0.0,0.0
Lalit#3,Lalit,G m M m,Lalit/train_[W4p_lZa4OHs]_chunk4.mp3,W4p_lZa4OHs,1.28,2.6,0.247,0.152,0.095,0.0
Lalit#3,Lalit,G m M m,Lalit/train_[Xdy2gufZoFU]_chunk1.mp3,Xdy2gufZoFU,7.45,8.02,0.25,0.25,0.0,0.0
Lalit#3,Lalit,G m M m,Lalit/train_[0xb3rorA4Wo]_chunk3.mp3,0xb3rorA4Wo,19.18,19.5,0.261,0.15,0.111,0.0
Lalit#3,Lalit,G m M m,Lalit/train_[NAc1yRhmoPs]_chunk3.mp3,NAc1yRhmoPs,17.14,18.56,0.273,0.0,0.273,0.0
Lalit#3,Lalit,G m M m,Lalit/train_[W8R--A38sxk]_chunk3.mp3,W8R--A38sxk,18.42,18.93,0.276,0.0,0.276,0.0
Lalit#3,Lalit,G m M m,Lalit/train_[hJ8dQge_OJY]_chunk2.mp3,hJ8dQge_OJY,10.06,10.45,0.297,0.25,0.048,0.0
Lalit#3,Lalit,G m M m,Lalit/train_[NAc1yRhmoPs]_chunk4.mp3,NAc1yRhmoPs,12.96,13.64,0.3,0.3,0.0,0.0
Lalit#3,Lalit,G m M m,Lalit/train_[W4p_lZa4OHs]_chunk2.mp3,W4p_lZa4OHs,15.59,16.07,0.306,0.121,0.185,0.0
Lalit#3,Lalit,G m M m,Lalit/train_[W4p_lZa4OHs]_chunk0.mp3,W4p_lZa4OHs,8.05,8.39,0.329,0.329,0.0,0.0
Lalit#3,Lalit,G m M m,Lalit/train_[W4p_lZa4OHs]_chunk2.mp3,W4p_lZa4OHs,9.78,10.15,0.329,0.329,0.0,0.0
Lalit#3,Lalit,G m M m,Lalit/train_[0xb3rorA4Wo]_chunk3.mp3,0xb3rorA4Wo,18.74,19.31,0.331,0.05,0.281,0.0
Lalit#3,Lalit,G m M m,Lalit/train_[1AYckL0Qx1Q]_chunk3.mp3,1AYckL0Qx1Q,7.31,7.63,0.331,0.22,0.111,0.0
Lalit#3,Lalit,G m M m,Lalit/train_[hJ8dQge_OJY]_chunk4.mp3,hJ8dQge_OJY,0.14,0.73,0.351,0.351,0.0,0.0
Lalit#3,Lalit,G m M m,Lalit/train_[W4p_lZa4OHs]_chunk3.mp3,W4p_lZa4OHs,13.67,13.97,0.379,0.379,0.0,0.0
Lalit#3,Lalit,G m M m,Lalit/train_[0xb3rorA4Wo]_chunk0.mp3,0xb3rorA4Wo,12.2,12.48,0.4,0.4,0.0,0.0
Lalit#3,Lalit,G m M m,Lalit/train_[W4p_lZa4OHs]_chunk2.mp3,W4p_lZa4OHs,18.72,19.13,0.413,0.413,0.0,0.0
Lalit#3,Lalit,G m M m,Lalit/train_[W4p_lZa4OHs]_chunk0.mp3,W4p_lZa4OHs,5.51,6.1,0.413,0.171,0.242,0.0
Lalit#3,Lalit,G m M m,Lalit/train_[W4p_lZa4OHs]_chunk4.mp3,W4p_lZa4OHs,1.28,1.6,0.429,0.429,0.0,0.0
Lalit#3,Lalit,G m M m,Lalit/train_[W8R--A38sxk]_chunk3.mp3,W8R--A38sxk,2.2,2.6,0.43,0.43,0.0,0.0
Lalit#3,Lalit,G m M m,Lalit/train_[hJ8dQge_OJY]_chunk1.mp3,hJ8dQge_OJY,22.9,23.32,0.43,0.3,0.13,0.0
Lalit#3,Lalit,G m M m,Lalit/train_[W8R--A38sxk]_chunk3.mp3,W8R--A38sxk,11.15,11.5,0.441,0.33,0.056,0.056
Lalit#3,Lalit,G m M m,Lalit/train_[Xdy2gufZoFU]_chunk3.mp3,Xdy2gufZoFU,3.43,3.77,0.453,0.4,0.053,0.0
Lalit#3,Lalit,G m M m,Lalit/train_[0xb3rorA4Wo]_chunk3.mp3,0xb3rorA4Wo,11.59,12.2,0.477,0.3,0.176,0.0
Lalit#3,Lalit,G m M m,Lalit/train_[W4p_lZa4OHs]_chunk1.mp3,W4p_lZa4OHs,5.35,5.67,0.479,0.479,0.0,0.0
Lalit#3,Lalit,G m M m,Lalit/train_[Xdy2gufZoFU]_chunk3.mp3,Xdy2gufZoFU,3.98,4.37,0.5,0.45,0.05,0.0
Lalit#3,Lalit,G m M m,Lalit/train_[Xdy2gufZoFU]_chunk3.mp3,Xdy2gufZoFU,0.21,0.52,0.5,0.5,0.0,0.0
Lalit#3,Lalit,G m M m,Lalit/train_[NAc1yRhmoPs]_chunk3.mp3,NAc1yRhmoPs,17.14,18.31,0.5,0.5,0.0,0.0
Lalit#3,Lalit,G m M m,Lalit/train_[hJ8dQge_OJY]_chunk1.mp3,hJ8dQge_OJY,37.9,38.22,0.511,0.4,0.111,0.0
Lalit#3,Lalit,G m M m,Lalit/train_[0xb3rorA4Wo]_chunk3.mp3,0xb3rorA4Wo,17.49,18.08,0.515,0.0,0.515,0.0
Lalit#3,Lalit,G m M m,Lalit/train_[hJ8dQge_OJY]_chunk4.mp3,hJ8dQge_OJY,1.01,1.33,0.537,0.349,0.0,0.188
Lalit#3,Lalit,G m M m,Lalit/train_[NAc1yRhmoPs]_chunk3.mp3,NAc1yRhmoPs,17.14,18.26,0.55,0.55,0.0,0.0
Lalit#3,Lalit,G m M m,Lalit/train_[NAc1yRhmoPs]_chunk3.mp3,NAc1yRhmoPs,17.14,18.24,0.55,0.55,0.0,0.0
Lalit#3,Lalit,G m M m,Lalit/train_[W4p_lZa4OHs]_chunk3.mp3,W4p_lZa4OHs,10.52,10.9,0.578,0.34,0.19,0.048
Lalit#3,Lalit,G m M m,Lalit/train_[W4p_lZa4OHs]_chunk0.mp3,W4p_lZa4OHs,14.63,14.92,0.579,0.579,0.0,0.0
Lalit#3,Lalit,G m M m,Lalit/train_[W8R--A38sxk]_chunk3.mp3,W8R--A38sxk,2.61,2.9,0.591,0.591,0.0,0.0
Lalit#3,Lalit,G m M m,Lalit/train_[0xb3rorA4Wo]_chunk1.mp3,0xb3rorA4Wo,8.55,9.08,0.633,0.3,0.333,0.0
Lalit#3,Lalit,G m M m,Lalit/train_[1AYckL0Qx1Q]_chunk0.mp3,1AYckL0Qx1Q,0.62,0.91,0.65,0.65,0.0,0.0
Lalit#3,Lalit,G m M m,Lalit/train_[0xb3rorA4Wo]_chunk4.mp3,0xb3rorA4Wo,1.08,1.46,0.675,0.55,0.0,0.125
Lalit#3,Lalit,G m M m,Lalit/train_[Xdy2gufZoFU]_chunk0.mp3,Xdy2gufZoFU,12.0,12.3,0.7,0.7,0.0,0.0
Lalit#3,Lalit,G m M m,Lalit/train_[smYksULTb4I]_chunk0.mp3,smYksULTb4I,9.81,10.77,0.7,0.7,0.0,0.0
Lalit#3,Lalit,G m M m,Lalit/train_[NAc1yRhmoPs]_chunk1.mp3,NAc1yRhmoPs,17.44,17.78,0.7,0.7,0.0,0.0
Lalit#3,Lalit,G m M m,Lalit/train_[Xdy2gufZoFU]_chunk3.mp3,Xdy2gufZoFU,4.69,5.01,0.706,0.65,0.0,0.056
Lalit#3,Lalit,G m M m,Lalit/train_[0xb3rorA4Wo]_chunk3.mp3,0xb3rorA4Wo,3.06,3.4,0.713,0.45,0.158,0.105
Lalit#3,Lalit,G m M m,Lalit/train_[hJ8dQge_OJY]_chunk3.mp3,hJ8dQge_OJY,22.06,22.35,0.749,0.749,0.0,0.0
Lalit#3,Lalit,G m M m,Lalit/train_[NAc1yRhmoPs]_chunk4.mp3,NAc1yRhmoPs,18.06,18.72,0.75,0.75,0.0,0.0
Lalit#3,Lalit,G m M m,Lalit/train_[hJ8dQge_OJY]_chunk3.mp3,hJ8dQge_OJY,29.28,29.65,0.751,0.751,0.0,0.0
Lalit#3,Lalit,G m M m,Lalit/train_[smYksULTb4I]_chunk0.mp3,smYksULTb4I,15.86,16.52,0.757,0.646,0.111,0.0
Lalit#3,Lalit,G m M m,Lalit/train_[hJ8dQge_OJY]_chunk3.mp3,hJ8dQge_OJY,15.89,16.2,0.758,0.699,0.059,0.0
Lalit#3,Lalit,G m M m,Lalit/train_[NAc1yRhmoPs]_chunk4.mp3,NAc1yRhmoPs,13.83,15.13,0.8,0.8,0.0,0.0
Lalit#3,Lalit,G m M m,Lalit/train_[hJ8dQge_OJY]_chunk2.mp3,hJ8dQge_OJY,33.53,33.9,0.833,0.499,0.238,0.095
Lalit#3,Lalit,G m M m,Lalit/train_[W8R--A38sxk]_chunk0.mp3,W8R--A38sxk,1.21,2.77,0.841,0.841,0.0,0.0
Lalit#3,Lalit,G m M m,Lalit/train_[smYksULTb4I]_chunk3.mp3,smYksULTb4I,14.36,14.65,0.846,0.846,0.0,0.0
Lalit#3,Lalit,G m M m,Lalit/train_[1AYckL0Qx1Q]_chunk2.mp3,1AYckL0Qx1Q,6.65,6.93,0.85,0.85,0.0,0.0
Lalit#3,Lalit,G m M m,Lalit/train_[NAc1yRhmoPs]_chunk4.mp3,NAc1yRhmoPs,9.28,9.67,0.85,0.85,0.0,0.0
Lalit#3,Lalit,G m M m,Lalit/train_[W8R--A38sxk]_chunk4.mp3,W8R--A38sxk,6.44,6.93,0.867,0.57,0.296,0.0
Lalit#3,Lalit,G m M m,Lalit/train_[W4p_lZa4OHs]_chunk3.mp3,W4p_lZa4OHs,2.68,2.97,0.871,0.871,0.0,0.0
Lalit#3,Lalit,G m M m,Lalit/train_[Xdy2gufZoFU]_chunk2.mp3,Xdy2gufZoFU,16.55,17.01,0.883,0.8,0.0,0.083
Lalit#3,Lalit,G m M m,Lalit/train_[1AYckL0Qx1Q]_chunk4.mp3,1AYckL0Qx1Q,8.14,8.48,0.891,0.891,0.0,0.0
Lalit#3,Lalit,G m M m,Lalit/train_[smYksULTb4I]_chunk3.mp3,smYksULTb4I,19.0,19.29,0.896,0.896,0.0,0.0
Lalit#3,Lalit,G m M m,Lalit/train_[NAc1yRhmoPs]_chunk1.mp3,NAc1yRhmoPs,13.94,15.22,0.9,0.9,0.0,0.0
Lalit#3,Lalit,G m M m,Lalit/train_[NAc1yRhmoPs]_chunk1.mp3,NAc1yRhmoPs,13.94,15.24,0.9,0.9,0.0,0.0
Lalit#3,Lalit,G m M m,Lalit/train_[NAc1yRhmoPs]_chunk1.mp3,NAc1yRhmoPs,13.94,15.25,0.9,0.9,0.0,0.0
Lalit#3,Lalit,G m M m,Lalit/train_[NAc1yRhmoPs]_chunk1.mp3,NAc1yRhmoPs,13.94,15.27,0.9,0.9,0.0,0.0
Lalit#3,Lalit,G m M m,Lalit/train_[NAc1yRhmoPs]_chunk4.mp3,NAc1yRhmoPs,6.26,6.6,0.9,0.9,0.0,0.0
Lalit#3,Lalit,G m M m,Lalit/train_[1AYckL0Qx1Q]_chunk4.mp3,1AYckL0Qx1Q,15.59,15.96,0.941,0.941,0.0,0.0
Lalit#3,Lalit,G m M m,Lalit/train_[W8R--A38sxk]_chunk1.mp3,W8R--A38sxk,1.3,1.58,0.941,0.941,0.0,0.0
Lalit#3,Lalit,G m M m,Lalit/train_[smYksULTb4I]_chunk0.mp3,smYksULTb4I,19.64,19.93,0.946,0.946,0.0,0.0
Lalit#3,Lalit,G m M m,Lalit/train_[smYksULTb4I]_chunk3.mp3,smYksULTb4I,19.5,20.0,0.946,0.946,0.0,0.0
Lalit#3,Lalit,G m M m,Lalit/train_[hJ8dQge_OJY]_chunk4.mp3,hJ8dQge_OJY,34.56,35.09,0.949,0.749,0.133,0.067
Lalit#3,Lalit,G m M m,Lalit/train_[smYksULTb4I]_chunk4.mp3,smYksULTb4I,17.72,18.17,0.95,0.95,0.0,0.0
Lalit#3,Lalit,G m M m,Lalit/train_[hJ8dQge_OJY]_chunk1.mp3,hJ8dQge_OJY,22.56,22.86,0.951,0.951,0.0,0.0
Lalit#3,Lalit,G m M m,Lalit/train_[GDxVV60_RcU]_chunk4.mp3,GDxVV60_RcU,13.07,13.46,0.956,0.637,0.182,0.136
Lalit#3,Lalit,G m M m,Lalit/train_[W8R--A38sxk]_chunk4.mp3,W8R--A38sxk,11.5,11.96,0.959,0.959,0.0,0.0
Lalit#3,Lalit,G m M m,Lalit/train_[W4p_lZa4OHs]_chunk1.mp3,W4p_lZa4OHs,1.58,2.17,0.975,0.521,0.455,0.0
Lalit#3,Lalit,G m M m,Lalit/train_[hJ8dQge_OJY]_chunk2.mp3,hJ8dQge_OJY,32.6,33.0,0.99,0.799,0.19,0.0
Lalit#3,Lalit,G m M m,Lalit/train_[smYksULTb4I]_chunk3.mp3,smYksULTb4I,11.18,11.52,0.996,0.996,0.0,0.0
Lalit#3,Lalit,G m M m,Lalit/train_[W4p_lZa4OHs]_chunk4.mp3,W4p_lZa4OHs,3.66,4.0,0.998,0.84,0.158,0.0
Lalit#3,Lalit,G m M m,Lalit/train_[hJ8dQge_OJY]_chunk4.mp3,hJ8dQge_OJY,29.69,30.01,0.999,0.999,0.0,0.0
Lalit#3,Lalit,G m M m,Lalit/train_[0xb3rorA4Wo]_chunk1.mp3,0xb3rorA4Wo,0.6,1.67,1.0,1.0,0.0,0.0
Lalit#3,Lalit,G m M m,Lalit/train_[smYksULTb4I]_chunk0.mp3,smYksULTb4I,12.14,12.5,1.004,1.004,0.0,0.0
Lalit#3,Lalit,G m M m,Lalit/train_[W8R--A38sxk]_chunk0.mp3,W8R--A38sxk,10.79,11.09,1.009,1.009,0.0,0.0
Lalit#3,Lalit,G m M m,Lalit/train_[1AYckL0Qx1Q]_chunk0.mp3,1AYckL0Qx1Q,18.22,18.51,1.009,1.009,0.0,0.0
Lalit#3,Lalit,G m M m,Lalit/train_[W4p_lZa4OHs]_chunk0.mp3,W4p_lZa4OHs,5.3,5.58,1.01,1.01,0.0,0.0
Lalit#3,Lalit,G m M m,Lalit/train_[W4p_lZa4OHs]_chunk0.mp3,W4p_lZa4OHs,16.53,16.85,1.021,1.021,0.0,0.0
Lalit#3,Lalit,G m M m,Lalit/train_[W8R--A38sxk]_chunk1.mp3,W8R--A38sxk,1.35,2.54,1.041,1.041,0.0,0.0
Lalit#3,Lalit,G m M m,Lalit/train_[smYksULTb4I]_chunk4.mp3,smYksULTb4I,15.63,15.93,1.046,1.046,0.0,0.0
Lalit#3,Lalit,G m M m,Lalit/train_[smYksULTb4I]_chunk4.mp3,smYksULTb4I,15.93,16.3,1.046,1.046,0.0,0.0
Lalit#3,Lalit,G m M m,Lalit/train_[W4p_lZa4OHs]_chunk3.mp3,W4p_lZa4OHs,9.26,9.55,1.067,0.879,0.0,0.188
Lalit#3,Lalit,G m M m,Lalit/train_[1AYckL0Qx1Q]_chunk2.mp3,1AYckL0Qx1Q,17.83,18.13,1.068,1.009,0.059,0.0
Lalit#3,Lalit,G m M m,Lalit/train_[1AYckL0Qx1Q]_chunk3.mp3,1AYckL0Qx1Q,13.78,14.06,1.091,1.091,0.0,0.0
Lalit#3,Lalit,G m M m,Lalit/train_[W8R--A38sxk]_chunk1.mp3,W8R--A38sxk,1.32,2.54,1.091,1.091,0.0,0.0
Lalit#3,Lalit,G m M m,Lalit/train_[smYksULTb4I]_chunk3.mp3,smYksULTb4I,18.45,18.99,1.096,1.096,0.0,0.0
Lalit#3,Lalit,G m M m,Lalit/train_[hJ8dQge_OJY]_chunk4.mp3,hJ8dQge_OJY,31.18,31.57,1.099,1.099,0.0,0.0
Lalit#3,Lalit,G m M m,Lalit/train_[hJ8dQge_OJY]_chunk0.mp3,hJ8dQge_OJY,2.7,4.16,1.099,1.099,0.0,0.0
Lalit#3,Lalit,G m M m,Lalit/train_[hJ8dQge_OJY]_chunk2.mp3,hJ8dQge_OJY,33.99,34.28,1.099,1.099,0.0,0.0
Lalit#3,Lalit,G m M m,Lalit/train_[Xdy2gufZoFU]_chunk0.mp3,Xdy2gufZoFU,0.04,0.41,1.1,1.1,0.0,0.0
Lalit#3,Lalit,G m M m,Lalit/train_[0xb3rorA4Wo]_chunk1.mp3,0xb3rorA4Wo,0.21,0.89,1.1,1.1,0.0,0.0
Lalit#3,Lalit,G m M m,Lalit/train_[Xdy2gufZoFU]_chunk0.mp3,Xdy2gufZoFU,2.33,3.29,1.123,0.9,0.222,0.0
Lalit#3,Lalit,G m M m,Lalit/train_[W8R--A38sxk]_chunk1.mp3,W8R--A38sxk,1.35,2.54,1.141,1.141,0.0,0.0
Lalit#3,Lalit,G m M m,Lalit/train_[W8R--A38sxk]_chunk0.mp3,W8R--A38sxk,4.76,6.61,1.141,1.141,0.0,0.0
Lalit#3,Lalit,G m M m,Lalit/train_[W8R--A38sxk]_chunk0.mp3,W8R--A38sxk,1.21,2.65,1.141,1.141,0.0,0.0
Lalit#3,Lalit,G m M m,Lalit/train_[W8R--A38sxk]_chunk0.mp3,W8R--A38sxk,1.21,2.63,1.141,1.141,0.0,0.0
Lalit#3,Lalit,G m M m,Lalit/train_[W8R--A38sxk]_chunk3.mp3,W8R--A38sxk,7.11,8.18,1.141,1.141,0.0,0.0
Lalit#3,Lalit,G m M m,Lalit/train_[0xb3rorA4Wo]_chunk4.mp3,0xb3rorA4Wo,10.12,10.45,1.15,1.15,0.0,0.0
Lalit#3,Lalit,G m M m,Lalit/train_[hJ8dQge_OJY]_chunk0.mp3,hJ8dQge_OJY,2.7,4.14,1.199,1.199,0.0,0.0
Lalit#3,Lalit,G m M m,Lalit/train_[Xdy2gufZoFU]_chunk0.mp3,Xdy2gufZoFU,17.17,17.81,1.2,1.2,0.0,0.0
Lalit#3,Lalit,G m M m,Lalit/train_[Xdy2gufZoFU]_chunk0.mp3,Xdy2gufZoFU,0.52,0.87,1.2,1.2,0.0,0.0
Lalit#3,Lalit,G m M m,Lalit/train_[0xb3rorA4Wo]_chunk0.mp3,0xb3rorA4Wo,16.91,17.83,1.2,1.2,0.0,0.0
Lalit#3,Lalit,G m M m,Lalit/train_[1AYckL0Qx1Q]_chunk1.mp3,1AYckL0Qx1Q,12.78,13.4,1.208,0.98,0.229,0.0
Lalit#3,Lalit,G m M m,Lalit/train_[0xb3rorA4Wo]_chunk1.mp3,0xb3rorA4Wo,1.96,2.35,1.211,1.1,0.111,0.0
Lalit#3,Lalit,G m M m,Lalit/train_[1AYckL0Qx1Q]_chunk0.mp3,1AYckL0Qx1Q,8.37,8.75,1.23,1.23,0.0,0.0
Lalit#3,Lalit,G m M m,Lalit/train_[smYksULTb4I]_chunk4.mp3,smYksULTb4I,16.28,16.66,1.234,0.996,0.238,0.0
Lalit#3,Lalit,G m M m,Lalit/train_[GDxVV60_RcU]_chunk3.mp3,GDxVV60_RcU,15.38,15.98,1.237,1.237,0.0,0.0
Lalit#3,Lalit,G m M m,Lalit/train_[hJ8dQge_OJY]_chunk0.mp3,hJ8dQge_OJY,2.7,4.0,1.249,1.249,0.0,0.0
Lalit#3,Lalit,G m M m,Lalit/train_[hJ8dQge_OJY]_chunk0.mp3,hJ8dQge_OJY,2.7,4.02,1.249,1.249,0.0,0.0
Lalit#3,Lalit,G m M m,Lalit/train_[hJ8dQge_OJY]_chunk0.mp3,hJ8dQge_OJY,2.7,4.04,1.249,1.249,0.0,0.0
Lalit#3,Lalit,G m M m,Lalit/train_[0xb3rorA4Wo]_chunk1.mp3,0xb3rorA4Wo,1.44,1.8,1.25,1.25,0.0,0.0
Lalit#3,Lalit,G m M m,Lalit/train_[GDxVV60_RcU]_chunk1.mp3,GDxVV60_RcU,13.87,14.2,1.25,1.187,0.0,0.062
Lalit#3,Lalit,G m M m,Lalit/train_[GDxVV60_RcU]_chunk0.mp3,GDxVV60_RcU,3.8,4.5,1.263,1.263,0.0,0.0
Lalit#3,Lalit,G m M m,Lalit/train_[smYksULTb4I]_chunk1.mp3,smYksULTb4I,6.26,6.77,1.292,1.246,0.045,0.0
Lalit#3,Lalit,G m M m,Lalit/train_[NAc1yRhmoPs]_chunk0.mp3,NAc1yRhmoPs,8.91,9.42,1.3,1.3,0.0,0.0
Lalit#3,Lalit,G m M m,Lalit/train_[Xdy2gufZoFU]_chunk4.mp3,Xdy2gufZoFU,1.53,2.15,1.3,1.3,0.0,0.0
Lalit#3,Lalit,G m M m,Lalit/train_[hJ8dQge_OJY]_chunk2.mp3,hJ8dQge_OJY,0.71,1.21,1.301,1.301,0.0,0.0
Lalit#3,Lalit,G m M m,Lalit/train_[GDxVV60_RcU]_chunk4.mp3,GDxVV60_RcU,8.69,9.39,1.337,1.337,0.0,0.0
Lalit#3,Lalit,G m M m,Lalit/train_[W8R--A38sxk]_chunk4.mp3,W8R--A38sxk,18.03,18.31,1.341,1.341,0.0,0.0
Lalit#3,Lalit,G m M m,Lalit/train_[NAc1yRhmoPs]_chunk0.mp3,NAc1yRhmoPs,8.34,9.42,1.35,1.35,0.0,0.0
Lalit#3,Lalit,G m M m,Lalit/train_[NAc1yRhmoPs]_chunk0.mp3,NAc1yRhmoPs,8.21,9.42,1.35,1.35,0.0,0.0
Lalit#3,Lalit,G m M m,Lalit/train_[NAc1yRhmoPs]_chunk0.mp3,NAc1yRhmoPs,8.21,9.42,1.35,1.35,0.0,0.0
Lalit#3,Lalit,G m M m,Lalit/train_[NAc1yRhmoPs]_chunk0.mp3,NAc1yRhmoPs,8.21,9.42,1.35,1.35,0.0,0.0
Lalit#3,Lalit,G m M m,Lalit/train_[Xdy2gufZoFU]_chunk4.mp3,Xdy2gufZoFU,1.21,2.15,1.35,1.35,0.0,0.0
Lalit#3,Lalit,G m M m,Lalit/train_[Xdy2gufZoFU]_chunk4.mp3,Xdy2gufZoFU,1.19,2.15,1.35,1.35,0.0,0.0
Lalit#3,Lalit,G m M m,Lalit/train_[hJ8dQge_OJY]_chunk3.mp3,hJ8dQge_OJY,29.07,29.44,1.351,1.351,0.0,0.0
Lalit#3,Lalit,G m M m,Lalit/train_[0xb3rorA4Wo]_chunk4.mp3,0xb3rorA4Wo,16.92,17.24,1.362,1.25,0.111,0.0
Lalit#3,Lalit,G m M m,Lalit/train_[hJ8dQge_OJY]_chunk3.mp3,hJ8dQge_OJY,7.63,7.91,1.362,1.299,0.0,0.062
Lalit#3,Lalit,G m M m,Lalit/train_[GDxVV60_RcU]_chunk4.mp3,GDxVV60_RcU,12.69,13.08,1.363,1.363,0.0,0.0
Lalit#3,Lalit,G m M m,Lalit/train_[1AYckL0Qx1Q]_chunk4.mp3,1AYckL0Qx1Q,16.41,16.75,1.399,1.241,0.158,0.0
Lalit#3,Lalit,G m M m,Lalit/train_[GDxVV60_RcU]_chunk0.mp3,GDxVV60_RcU,1.8,3.32,1.437,1.437,0.0,0.0
Lalit#3,Lalit,G m M m,Lalit/train_[GDxVV60_RcU]_chunk0.mp3,GDxVV60_RcU,1.8,3.24,1.437,1.437,0.0,0.0
Lalit#3,Lalit,G m M m,Lalit/train_[GDxVV60_RcU]_chunk0.mp3,GDxVV60_RcU,1.8,3.22,1.437,1.437,0.0,0.0
Lalit#3,Lalit,G m M m,Lalit/train_[GDxVV60_RcU]_chunk4.mp3,GDxVV60_RcU,12.55,13.08,1.437,1.437,0.0,0.0
Lalit#3,Lalit,G m M m,Lalit/train_[W8R--A38sxk]_chunk4.mp3,W8R--A38sxk,12.5,12.91,1.441,1.441,0.0,0.0
Lalit#3,Lalit,G m M m,Lalit/train_[smYksULTb4I]_chunk1.mp3,smYksULTb4I,6.6,6.92,1.496,1.496,0.0,0.0
Lalit#3,Lalit,G m M m,Lalit/train_[GDxVV60_RcU]_chunk1.mp3,GDxVV60_RcU,9.88,10.29,1.5,1.437,0.0,0.062
Lalit#3,Lalit,G m M m,Lalit/train_[0xb3rorA4Wo]_chunk4.mp3,0xb3rorA4Wo,18.9,19.34,1.54,0.5,0.04,0.0
Lalit#3,Lalit,G m M m,Lalit/train_[1AYckL0Qx1Q]_chunk0.mp3,1AYckL0Qx1Q,17.69,18.01,1.541,1.541,0.0,0.0
Lalit#3,Lalit,G m M m,Lalit/train_[GDxVV60_RcU]_chunk1.mp3,GDxVV60_RcU,19.72,20.0,1.563,1.563,0.0,0.0
Lalit#3,Lalit,G m M m,Lalit/train_[1AYckL0Qx1Q]_chunk0.mp3,1AYckL0Qx1Q,3.95,4.34,1.568,1.341,0.227,0.0
Lalit#3,Lalit,G m M m,Lalit/train_[GDxVV60_RcU]_chunk3.mp3,GDxVV60_RcU,14.95,15.98,1.599,1.437,0.161,0.0
Lalit#3,Lalit,G m M m,Lalit/train_[NAc1yRhmoPs]_chunk2.mp3,NAc1yRhmoPs,12.36,12.64,1.65,1.65,0.0,0.0
Lalit#3,Lalit,G m M m,Lalit/train_[0xb3rorA4Wo]_chunk0.mp3,0xb3rorA4Wo,15.75,16.04,1.7,1.7,0.0,0.0
Lalit#3,Lalit,G m M m,Lalit/train_[1AYckL0Qx1Q]_chunk2.mp3,1AYckL0Qx1Q,18.97,19.52,1.729,1.309,0.387,0.032
Lalit#3,Lalit,G m M m,Lalit/train_[1AYckL0Qx1Q]_chunk2.mp3,1AYckL0Qx1Q,17.49,18.01,1.738,1.6,0.138,0.0
Lalit#3,Lalit,G m M m,Lalit/train_[smYksULTb4I]_chunk2.mp3,smYksULTb4I,8.12,8.64,1.754,1.346,0.37,0.037
Lalit#3,Lalit,G m M m,Lalit/train_[smYksULTb4I]_chunk2.mp3,smYksULTb4I,7.48,8.16,1.806,1.346,0.405,0.054
Lalit#3,Lalit,G m M m,Lalit/train_[1AYckL0Qx1Q]_chunk2.mp3,1AYckL0Qx1Q,6.04,6.47,1.824,1.741,0.083,0.0
Lalit#3,Lalit,G m M m,Lalit/train_[0xb3rorA4Wo]_chunk2.mp3,0xb3rorA4Wo,0.71,1.23,1.85,1.85,0.0,0.0
Lalit#3,Lalit,G m M m,Lalit/train_[0xb3rorA4Wo]_chunk0.mp3,0xb3rorA4Wo,16.89,17.17,1.85,1.85,0.0,0.0
Lalit#3,Lalit,G m M m,Lalit/train_[hJ8dQge_OJY]_chunk1.mp3,hJ8dQge_OJY,12.69,12.98,1.888,1.701,0.0,0.188
Lalit#3,Lalit,G m M m,Lalit/train_[W8R--A38sxk]_chunk2.mp3,W8R--A38sxk,4.36,4.73,1.897,1.659,0.238,0.0
Lalit#3,Lalit,G m M m,Lalit/train_[0xb3rorA4Wo]_chunk2.mp3,0xb3rorA4Wo,0.0,0.28,1.963,1.9,0.0,0.062
Lalit#3,Lalit,G m M m,Lalit/train_[W4p_lZa4OHs]_chunk4.mp3,W4p_lZa4OHs,2.95,3.24,1.971,1.971,0.0,0.0
Lalit#3,Lalit,G m M m,Lalit/train_[GDxVV60_RcU]_chunk3.mp3,GDxVV60_RcU,16.73,17.01,1.987,1.987,0.0,0.0
Lalit#3,Lalit,G m M m,Lalit/train_[1AYckL0Qx1Q]_chunk4.mp3,1AYckL0Qx1Q,19.32,19.72,2.032,1.941,0.091,0.0
Lalit#3,Lalit,G m M m,Lalit/train_[GDxVV60_RcU]_chunk3.mp3,GDxVV60_RcU,14.95,15.32,2.037,2.037,0.0,0.0
Lalit#3,Lalit,G m M m,Lalit/train_[W4p_lZa4OHs]_chunk1.mp3,W4p_lZa4OHs,1.99,2.31,2.121,2.121,0.0,0.0
Lalit#3,Lalit,G m M m,Lalit/train_[W4p_lZa4OHs]_chunk1.mp3,W4p_lZa4OHs,13.8,14.08,2.171,2.171,0.0,0.0
Lalit#3,Lalit,G m M m,Lalit/train_[W4p_lZa4OHs]_chunk4.mp3,W4p_lZa4OHs,2.74,3.02,2.371,2.371,0.0,0.0
Lalit#3,Lalit,G m M m,Lalit/train_[GDxVV60_RcU]_chunk1.mp3,GDxVV60_RcU,19.56,19.84,2.537,2.537,0.0,0.0
Lalit#3,Lalit,G m M m,Lalit/train_[GDxVV60_RcU]_chunk1.mp3,GDxVV60_RcU,19.06,19.68,2.687,2.687,0.0,0.0
Lalit#3,Lalit,G m M m,Lalit/train_[1AYckL0Qx1Q]_chunk3.mp3,1AYckL0Qx1Q,15.86,16.14,2.741,2.741,0.0,0.0
Lalit#3,Lalit,G m M m,Lalit/train_[1AYckL0Qx1Q]_chunk4.mp3,1AYckL0Qx1Q,16.12,16.44,2.818,2.541,0.111,0.167
Lalit#3,Lalit,G m M m,Lalit/train_[0xb3rorA4Wo]_chunk2.mp3,0xb3rorA4Wo,0.71,1.42,2.854,2.55,0.304,0.0
Lalit#3,Lalit,G m M m,Lalit/train_[smYksULTb4I]_chunk2.mp3,smYksULTb4I,9.97,10.4,2.873,2.873,0.0,0.0
Lalit#3,Lalit,G m M m,Lalit/train_[1AYckL0Qx1Q]_chunk1.mp3,1AYckL0Qx1Q,9.28,9.56,2.891,2.641,0.0,0.25
Lalit#3,Lalit,G m M m,Lalit/train_[1AYckL0Qx1Q]_chunk3.mp3,1AYckL0Qx1Q,12.89,13.19,2.897,2.78,0.0,0.118
Lalit#3,Lalit,G m M m,Lalit/train_[0xb3rorA4Wo]_chunk0.mp3,0xb3rorA4Wo,3.25,3.54,2.9,2.9,0.0,0.0
Lalit#3,Lalit,G m M m,Lalit/train_[smYksULTb4I]_chunk2.mp3,smYksULTb4I,9.85,10.13,2.973,2.973,0.0,0.0
Lalit#3,Lalit,G m M m,Lalit/train_[0xb3rorA4Wo]_chunk2.mp3,0xb3rorA4Wo,1.19,1.49,3.0,3.0,0.0,0.0
Lalit#3,Lalit,G m M m,Lalit/train_[0xb3rorA4Wo]_chunk2.mp3,0xb3rorA4Wo,6.83,7.11,3.0,3.0,0.0,0.0
Lalit#3,Lalit,G m M m,Lalit/train_[1AYckL0Qx1Q]_chunk1.mp3,1AYckL0Qx1Q,8.84,9.12,3.0,3.0,0.0,0.0
Lalit#3,Lalit,G m M m,Lalit/train_[1AYckL0Qx1Q]_chunk1.mp3,1AYckL0Qx1Q,5.19,5.48,3.0,3.0,0.0,0.0
Lalit#3,Lalit,G m M m,Lalit/train_[1AYckL0Qx1Q]_chunk1.mp3,1AYckL0Qx1Q,6.22,6.51,3.0,3.0,0.0,0.0
Lalit#3,Lalit,G m M m,Lalit/train_[1AYckL0Qx1Q]_chunk3.mp3,1AYckL0Qx1Q,14.4,14.68,3.0,3.0,0.0,0.0
Lalit#3,Lalit,G m M m,Lalit/train_[GDxVV60_RcU]_chunk4.mp3,GDxVV60_RcU,7.38,7.66,3.0,3.0,0.0,0.0
Lalit#3,Lalit,G m M m,Lalit/train_[NAc1yRhmoPs]_chunk2.mp3,NAc1yRhmoPs,4.09,4.39,3.0,3.0,0.0,0.0
Lalit#3,Lalit,G m M m,Lalit/train_[NAc1yRhmoPs]_chunk2.mp3,NAc1yRhmoPs,10.28,10.81,3.0,3.0,0.0,0.0
Lalit#3,Lalit,G m M m,Lalit/train_[NAc1yRhmoPs]_chunk2.mp3,NAc1yRhmoPs,3.93,4.21,3.0,3.0,0.0,0.0
Lalit#3,Lalit,G m M m,Lalit/train_[NAc1yRhmoPs]_chunk2.mp3,NAc1yRhmoPs,14.92,15.2,3.0,3.0,0.0,0.0
Lalit#3,Lalit,G m M m,Lalit/train_[W8R--A38sxk]_chunk2.mp3,W8R--A38sxk,12.64,12.92,3.0,3.0,0.0,0.0
Lalit#3,Lalit,G m M m,Lalit/train_[W8R--A38sxk]_chunk2.mp3,W8R--A38sxk,18.33,18.61,3.0,3.0,0.0,0.0
Lalit#3,Lalit,G m M m,Lalit/train_[W8R--A38sxk]_chunk2.mp3,W8R--A38sxk,2.22,2.83,3.0,3.0,0.0,0.0
Lalit#3,Lalit,G m M m,Lalit/train_[W8R--A38sxk]_chunk2.mp3,W8R--A38sxk,2.22,2.92,3.0,3.0,0.0,0.0
Lalit#3,Lalit,G m M m,Lalit/train_[smYksULTb4I]_chunk1.mp3,smYksULTb4I,2.72,3.15,3.0,3.0,0.0,0.0
Lalit#3,Lalit,G m M m,Lalit/train_[smYksULTb4I]_chunk1.mp3,smYksULTb4I,2.72,3.27,3.0,3.0,0.0,0.0
Lalit#3,Lalit,G m M m,Lalit/train_[smYksULTb4I]_chunk1.mp3,smYksULTb4I,4.46,4.75,3.0,3.0,0.0,0.0
Lalit#3,Lalit,G m M m,Lalit/train_[GDxVV60_RcU]_chunk3.mp3,GDxVV60_RcU,17.01,17.3,3.125,3.0,0.0,0.125
Lalit#3,Lalit,G m M m,Lalit/train_[0xb3rorA4Wo]_chunk4.mp3,0xb3rorA4Wo,0.0,0.5,3.143,3.0,0.0,0.143
Lalit#3,Lalit,G m M m,Lalit/train_[hJ8dQge_OJY]_chunk1.mp3,hJ8dQge_OJY,23.41,23.95,3.154,3.0,0.0,0.154
Lalit#3,Lalit,G m M m,Lalit/train_[smYksULTb4I]_chunk2.mp3,smYksULTb4I,19.31,19.63,3.167,3.0,0.0,0.167
Lalit#3,Lalit,G m M m,Lalit/train_[Xdy2gufZoFU]_chunk4.mp3,Xdy2gufZoFU,12.89,13.17,3.25,3.0,0.0,0.25
Lalit#3,Lalit,G m M m,Lalit/train_[W8R--A38sxk]_chunk4.mp3,W8R--A38sxk,11.34,11.68,3.263,3.0,0.105,0.158
Lalit#3,Lalit,G m M m,Lalit/train_[Xdy2gufZoFU]_chunk4.mp3,Xdy2gufZoFU,10.15,10.56,3.304,3.0,0.304,0.0
Lalit#4,Lalit,M G r S,Lalit/train_[smYksULTb4I]_chunk4.mp3,smYksULTb4I,13.03,13.4,0.0,0.0,0.0,0.0
Lalit#4,Lalit,M G r S,Lalit/train_[0xb3rorA4Wo]_chunk2.mp3,0xb3rorA4Wo,0.16,0.57,0.0,0.0,0.0,0.0
Lalit#4,Lalit,M G r S,Lalit/train_[smYksULTb4I]_chunk4.mp3,smYksULTb4I,9.92,10.28,0.027,0.027,0.0,0.0
Lalit#4,Lalit,M G r S,Lalit/train_[smYksULTb4I]_chunk4.mp3,smYksULTb4I,11.52,11.86,0.059,0.0,0.0,0.059
Lalit#4,Lalit,M G r S,Lalit/train_[smYksULTb4I]_chunk4.mp3,smYksULTb4I,12.28,12.64,0.077,0.077,0.0,0.0
Lalit#4,Lalit,M G r S,Lalit/train_[smYksULTb4I]_chunk4.mp3,smYksULTb4I,13.87,14.28,0.136,0.077,0.0,0.059
Lalit#4,Lalit,M G r S,Lalit/train_[0xb3rorA4Wo]_chunk0.mp3,0xb3rorA4Wo,12.53,13.76,0.144,0.1,0.0,0.044
Lalit#4,Lalit,M G r S,Lalit/train_[smYksULTb4I]_chunk2.mp3,smYksULTb4I,8.52,9.01,0.167,0.123,0.043,0.0
Lalit#4,Lalit,M G r S,Lalit/train_[W4p_lZa4OHs]_chunk4.mp3,W4p_lZa4OHs,9.23,9.71,0.18,0.065,0.038,0.077
Lalit#4,Lalit,M G r S,Lalit/train_[GDxVV60_RcU]_chunk4.mp3,GDxVV60_RcU,6.9,8.27,0.185,0.169,0.016,0.0
Lalit#4,Lalit,M G r S,Lalit/train_[hJ8dQge_OJY]_chunk1.mp3,hJ8dQge_OJY,18.08,19.13,0.199,0.199,0.0,0.0
Lalit#4,Lalit,M G r S,Lalit/train_[smYksULTb4I]_chunk2.mp3,smYksULTb4I,7.06,7.7,0.326,0.013,0.25,0.062
Lalit#4,Lalit,M G r S,Lalit/train_[GDxVV60_RcU]_chunk0.mp3,GDxVV60_RcU,4.27,5.76,0.395,0.331,0.063,0.0
Lalit#4,Lalit,M G r S,Lalit/train_[W8R--A38sxk]_chunk4.mp3,W8R--A38sxk,6.79,7.18,0.441,0.35,0.091,0.0
Lalit#4,Lalit,M G r S,Lalit/train_[hJ8dQge_OJY]_chunk2.mp3,hJ8dQge_OJY,8.23,8.82,0.492,0.25,0.242,0.0
Lalit#4,Lalit,M G r S,Lalit/train_[hJ8dQge_OJY]_chunk2.mp3,hJ8dQge_OJY,1.3,2.2,0.581,0.301,0.28,0.0
Lalit#4,Lalit,M G r S,Lalit/train_[hJ8dQge_OJY]_chunk4.mp3,hJ8dQge_OJY,22.97,23.34,0.649,0.649,0.0,0.0
Lalit#4,Lalit,M G r S,Lalit/train_[W8R--A38sxk]_chunk0.mp3,W8R--A38sxk,9.71,10.1,0.698,0.47,0.227,0.0
Lalit#4,Lalit,M G r S,Lalit/train_[hJ8dQge_OJY]_chunk3.mp3,hJ8dQge_OJY,0.46,0.84,0.701,0.701,0.0,0.0
Lalit#4,Lalit,M G r S,Lalit/train_[W4p_lZa4OHs]_chunk3.mp3,W4p_lZa4OHs,3.56,4.27,0.705,0.38,0.3,0.025
Lalit#4,Lalit,M G r S,Lalit/train_[hJ8dQge_OJY]_chunk3.mp3,hJ8dQge_OJY,22.17,22.58,0.749,0.749,0.0,0.0
Lalit#4,Lalit,M G r S,Lalit/train_[1AYckL0Qx1Q]_chunk4.mp3,1AYckL0Qx1Q,17.01,17.49,0.771,0.48,0.292,0.0
Lalit#4,Lalit,M G r S,Lalit/train_[smYksULTb4I]_chunk3.mp3,smYksULTb4I,4.69,5.17,0.796,0.796,0.0,0.0
Lalit#4,Lalit,M G r S,Lalit/train_[1AYckL0Qx1Q]_chunk4.mp3,1AYckL0Qx1Q,8.64,9.16,0.808,0.38,0.429,0.0
Lalit#4,Lalit,M G r S,Lalit/train_[1AYckL0Qx1Q]_chunk2.mp3,1AYckL0Qx1Q,2.9,3.54,0.89,0.47,0.419,0.0
Lalit#4,Lalit,M G r S,Lalit/train_[W4p_lZa4OHs]_chunk3.mp3,W4p_lZa4OHs,12.11,12.39,0.921,0.921,0.0,0.0
Lalit#4,Lalit,M G r S,Lalit/train_[hJ8dQge_OJY]_chunk2.mp3,hJ8dQge_OJY,39.98,40.59,0.922,0.801,0.121,0.0
Lalit#4,Lalit,M G r S,Lalit/train_[1AYckL0Qx1Q]_chunk3.mp3,1AYckL0Qx1Q,9.05,9.56,0.926,0.65,0.241,0.034
Lalit#4,Lalit,M G r S,Lalit/train_[W4p_lZa4OHs]_chunk3.mp3,W4p_lZa4OHs,2.81,3.11,0.988,0.871,0.059,0.059
Lalit#4,Lalit,M G r S,Lalit/train_[1AYckL0Qx1Q]_chunk2.mp3,1AYckL0Qx1Q,16.44,16.96,0.991,0.75,0.172,0.069
Lalit#4,Lalit,M G r S,Lalit/train_[W8R--A38sxk]_chunk2.mp3,W8R--A38sxk,2.12,3.5,1.0,0.0,0.0,0.0
Lalit#4,Lalit,M G r S,Lalit/train_[GDxVV60_RcU]_chunk4.mp3,GDxVV60_RcU,10.24,11.09,1.004,0.937,0.0,0.067
Lalit#4,Lalit,M G r S,Lalit/train_[1AYckL0Qx1Q]_chunk3.mp3,1AYckL0Qx1Q,15.47,15.84,1.059,1.059,0.0,0.0
Lalit#4,Lalit,M G r S,Lalit/train_[W8R--A38sxk]_chunk0.mp3,W8R--A38sxk,11.25,12.16,1.191,1.191,0.0,0.0
Lalit#4,Lalit,M G r S,Lalit/train_[smYksULTb4I]_chunk0.mp3,smYksULTb4I,2.24,2.56,1.254,1.254,0.0,0.0
Lalit#4,Lalit,M G r S,Lalit/train_[1AYckL0Qx1Q]_chunk4.mp3,1AYckL0Qx1Q,5.8,6.24,1.345,1.041,0.304,0.0
Lalit#4,Lalit,M G r S,Lalit/train_[hJ8dQge_OJY]_chunk1.mp3,hJ8dQge_OJY,38.58,39.11,1.399,0.399,0.0,0.0
Lalit#4,Lalit,M G r S,Lalit/train_[NAc1yRhmoPs]_chunk3.mp3,NAc1yRhmoPs,3.86,4.14,1.4,1.4,0.0,0.0
Lalit#4,Lalit,M G r S,Lalit/train_[1AYckL0Qx1Q]_chunk2.mp3,1AYckL0Qx1Q,19.08,19.36,1.43,1.43,0.0,0.0
Lalit#4,Lalit,M G r S,Lalit/train_[GDxVV60_RcU]_chunk3.mp3,GDxVV60_RcU,16.92,17.65,1.446,1.387,0.0,0.059
Lalit#4,Lalit,M G r S,Lalit/train_[NAc1yRhmoPs]_chunk4.mp3,NAc1yRhmoPs,16.44,16.8,1.45,1.45,0.0,0.0
Lalit#4,Lalit,M G r S,Lalit/train_[NAc1yRhmoPs]_chunk1.mp3,NAc1yRhmoPs,8.55,9.26,1.45,1.45,0.0,0.0
Lalit#4,Lalit,M G r S,Lalit/train_[Xdy2gufZoFU]_chunk0.mp3,Xdy2gufZoFU,9.35,9.64,1.462,1.4,0.0,0.062
Lalit#4,Lalit,M G r S,Lalit/train_[Xdy2gufZoFU]_chunk2.mp3,Xdy2gufZoFU,4.91,5.19,1.463,1.4,0.0,0.062
Lalit#4,Lalit,M G r S,Lalit/train_[0xb3rorA4Wo]_chunk4.mp3,0xb3rorA4Wo,19.48,19.79,1.5,1.5,0.0,0.0
Lalit#4,Lalit,M G r S,Lalit/train_[W8R--A38sxk]_chunk4.mp3,W8R--A38sxk,10.88,11.36,1.517,1.109,0.37,0.037
Lalit#4,Lalit,M G r S,Lalit/train_[1AYckL0Qx1Q]_chunk3.mp3,1AYckL0Qx1Q,12.62,12.92,1.535,1.241,0.059,0.235
Lalit#4,Lalit,M G r S,Lalit/train_[0xb3rorA4Wo]_chunk3.mp3,0xb3rorA4Wo,19.36,19.66,1.559,1.5,0.059,0.0
Lalit#4,Lalit,M G r S,Lalit/train_[NAc1yRhmoPs]_chunk4.mp3,NAc1yRhmoPs,19.47,20.0,1.606,1.55,0.0,0.056
Lalit#4,Lalit,M G r S,Lalit/train_[hJ8dQge_OJY]_chunk4.mp3,hJ8dQge_OJY,2.38,2.97,1.641,0.55,0.0,0.091
Lalit#4,Lalit,M G r S,Lalit/train_[smYksULTb4I]_chunk3.mp3,smYksULTb4I,16.92,17.64,1.654,1.204,0.35,0.1
Lalit#4,Lalit,M G r S,Lalit/train_[smYksULTb4I]_chunk0.mp3,smYksULTb4I,12.41,13.12,1.654,1.254,0.4,0.0
Lalit#4,Lalit,M G r S,Lalit/train_[W8R--A38sxk]_chunk3.mp3,W8R--A38sxk,13.85,14.19,1.691,1.691,0.0,0.0
Lalit#4,Lalit,M G r S,Lalit/train_[W8R--A38sxk]_chunk1.mp3,W8R--A38sxk,16.44,17.3,1.709,1.709,0.0,0.0
Lalit#4,Lalit,M G r S,Lalit/train_[NAc1yRhmoPs]_chunk4.mp3,NAc1yRhmoPs,15.66,16.14,1.722,1.45,0.273,0.0
Lalit#4,Lalit,M G r S,Lalit/train_[0xb3rorA4Wo]_chunk3.mp3,0xb3rorA4Wo,1.72,2.01,1.75,1.75,0.0,0.0
Lalit#4,Lalit,M G r S,Lalit/train_[0xb3rorA4Wo]_chunk3.mp3,0xb3rorA4Wo,9.76,10.19,1.758,0.55,0.208,0.0
Lalit#4,Lalit,M G r S,Lalit/train_[W8R--A38sxk]_chunk2.mp3,W8R--A38sxk,4.98,5.49,1.779,0.641,0.0,0.138
Lalit#4,Lalit,M G r S,Lalit/train_[smYksULTb4I]_chunk3.mp3,smYksULTb4I,12.78,13.08,1.796,1.796,0.0,0.0
Lalit#4,Lalit,M G r S,Lalit/train_[hJ8dQge_OJY]_chunk2.mp3,hJ8dQge_OJY,19.24,19.75,1.799,1.599,0.2,0.0
Lalit#4,Lalit,M G r S,Lalit/train_[W4p_lZa4OHs]_chunk0.mp3,W4p_lZa4OHs,5.42,5.78,1.81,0.81,0.0,0.0
Lalit#4,Lalit,M G r S,Lalit/train_[NAc1yRhmoPs]_chunk4.mp3,NAc1yRhmoPs,18.84,19.47,1.85,1.85,0.0,0.0
Lalit#4,Lalit,M G r S,Lalit/train_[0xb3rorA4Wo]_chunk2.mp3,0xb3rorA4Wo,1.1,1.83,1.874,1.85,0.024,0.0
Lalit#4,Lalit,M G r S,Lalit/train_[hJ8dQge_OJY]_chunk2.mp3,hJ8dQge_OJY,34.13,34.83,1.879,0.7,0.154,0.026
Lalit#4,Lalit,M G r S,Lalit/train_[smYksULTb4I]_chunk2.mp3,smYksULTb4I,7.98,8.43,1.897,1.854,0.0,0.043
Lalit#4,Lalit,M G r S,Lalit/train_[1AYckL0Qx1Q]_chunk0.mp3,1AYckL0Qx1Q,1.76,2.1,1.94,1.73,0.158,0.053
Lalit#4,Lalit,M G r S,Lalit/train_[W4p_lZa4OHs]_chunk1.mp3,W4p_lZa4OHs,7.59,8.07,1.963,0.629,0.259,0.074
Lalit#4,Lalit,M G r S,Lalit/train_[1AYckL0Qx1Q]_chunk3.mp3,1AYckL0Qx1Q,14.49,15.06,2.038,0.85,0.188,0.0
Lalit#4,Lalit,M G r S,Lalit/train_[W8R--A38sxk]_chunk0.mp3,W8R--A38sxk,10.31,10.63,2.041,2.041,0.0,0.0
Lalit#4,Lalit,M G r S,Lalit/train_[W4p_lZa4OHs]_chunk0.mp3,W4p_lZa4OHs,6.2,6.79,2.081,2.021,0.061,0.0
Lalit#4,Lalit,M G r S,Lalit/train_[1AYckL0Qx1Q]_chunk2.mp3,1AYckL0Qx1Q,15.57,16.3,2.174,1.93,0.122,0.122
Lalit#4,Lalit,M G r S,Lalit/train_[hJ8dQge_OJY]_chunk3.mp3,hJ8dQge_OJY,21.64,22.01,2.199,1.199,0.0,0.0
Lalit#4,Lalit,M G r S,Lalit/train_[Xdy2gufZoFU]_chunk2.mp3,Xdy2gufZoFU,1.07,1.83,2.2,1.2,0.0,0.0
Lalit#4,Lalit,M G r S,Lalit/train_[hJ8dQge_OJY]_chunk4.mp3,hJ8dQge_OJY,37.48,37.8,2.216,2.049,0.111,0.056
Lalit#4,Lalit,M G r S,Lalit/train_[1AYckL0Qx1Q]_chunk3.mp3,1AYckL0Qx1Q,13.99,14.4,2.233,2.059,0.174,0.0
Lalit#4,Lalit,M G r S,Lalit/train_[Xdy2gufZoFU]_chunk3.mp3,Xdy2gufZoFU,4.2,4.48,2.3,1.3,0.0,0.0
Lalit#4,Lalit,M G r S,Lalit/train_[hJ8dQge_OJY]_chunk4.mp3,hJ8dQge_OJY,0.62,0.98,2.301,1.301,0.0,0.0
Lalit#4,Lalit,M G r S,Lalit/train_[W4p_lZa4OHs]_chunk0.mp3,W4p_lZa4OHs,5.96,6.45,2.322,1.929,0.393,0.0
Lalit#4,Lalit,M G r S,Lalit/train_[W8R--A38sxk]_chunk4.mp3,W8R--A38sxk,1.19,1.49,2.349,2.291,0.059,0.0
Lalit#4,Lalit,M G r S,Lalit/train_[W4p_lZa4OHs]_chunk1.mp3,W4p_lZa4OHs,18.35,18.86,2.358,1.22,0.138,0.0
Lalit#4,Lalit,M G r S,Lalit/train_[W8R--A38sxk]_chunk2.mp3,W8R--A38sxk,12.71,14.63,2.371,1.241,0.13,0.0
Lalit#4,Lalit,M G r S,Lalit/train_[Xdy2gufZoFU]_chunk0.mp3,Xdy2gufZoFU,0.23,0.52,2.4,1.4,0.0,0.0
Lalit#4,Lalit,M G r S,Lalit/train_[Xdy2gufZoFU]_chunk3.mp3,Xdy2gufZoFU,11.4,12.37,2.4,1.4,0.0,0.0
Lalit#4,Lalit,M G r S,Lalit/train_[Xdy2gufZoFU]_chunk3.mp3,Xdy2gufZoFU,11.38,12.37,2.4,1.4,0.0,0.0
Lalit#4,Lalit,M G r S,Lalit/train_[Xdy2gufZoFU]_chunk3.mp3,Xdy2gufZoFU,11.41,12.37,2.4,1.4,0.0,0.0
Lalit#4,Lalit,M G r S,Lalit/train_[0xb3rorA4Wo]_chunk0.mp3,0xb3rorA4Wo,17.69,18.08,2.4,1.4,0.0,0.0
Lalit#4,Lalit,M G r S,Lalit/train_[Xdy2gufZoFU]_chunk0.mp3,Xdy2gufZoFU,2.47,2.77,2.4,1.4,0.0,0.0
Lalit#4,Lalit,M G r S,Lalit/train_[W4p_lZa4OHs]_chunk1.mp3,W4p_lZa4OHs,17.26,17.55,2.442,1.38,0.0,0.062
Lalit#4,Lalit,M G r S,Lalit/train_[Xdy2gufZoFU]_chunk2.mp3,Xdy2gufZoFU,11.4,12.09,2.479,1.3,0.179,0.0
Lalit#4,Lalit,M G r S,Lalit/train_[NAc1yRhmoPs]_chunk4.mp3,NAc1yRhmoPs,13.44,13.78,2.5,2.5,0.0,0.0
Lalit#4,Lalit,M G r S,Lalit/train_[0xb3rorA4Wo]_chunk3.mp3,0xb3rorA4Wo,4.46,4.92,2.515,1.4,0.115,0.0
Lalit#4,Lalit,M G r S,Lalit/train_[1AYckL0Qx1Q]_chunk0.mp3,1AYckL0Qx1Q,0.76,1.05,2.53,1.53,0.0,0.0
Lalit#4,Lalit,M G r S,Lalit/train_[W8R--A38sxk]_chunk3.mp3,W8R--A38sxk,11.72,12.23,2.542,2.059,0.414,0.069
Lalit#4,Lalit,M G r S,Lalit/train_[W8R--A38sxk]_chunk2.mp3,W8R--A38sxk,12.71,13.24,2.574,1.341,0.233,0.0
Lalit#4,Lalit,M G r S,Lalit/train_[1AYckL0Qx1Q]_chunk0.mp3,1AYckL0Qx1Q,6.01,6.38,2.58,2.38,0.15,0.05
Lalit#4,Lalit,M G r S,Lalit/train_[0xb3rorA4Wo]_chunk3.mp3,0xb3rorA4Wo,18.54,18.99,2.64,1.2,0.32,0.12
Lalit#4,Lalit,M G r S,Lalit/train_[Xdy2gufZoFU]_chunk4.mp3,Xdy2gufZoFU,12.98,13.78,2.65,1.4,0.0,0.25
Lalit#4,Lalit,M G r S,Lalit/train_[W4p_lZa4OHs]_chunk0.mp3,W4p_lZa4OHs,7.22,7.5,2.71,2.71,0.0,0.0
Lalit#4,Lalit,M G r S,Lalit/train_[W4p_lZa4OHs]_chunk0.mp3,W4p_lZa4OHs,8.41,8.82,2.748,1.52,0.227,0.0
Lalit#4,Lalit,M G r S,Lalit/train_[0xb3rorA4Wo]_chunk1.mp3,0xb3rorA4Wo,8.41,8.73,2.8,1.8,0.0,0.0
Lalit#4,Lalit,M G r S,Lalit/train_[W8R--A38sxk]_chunk4.mp3,W8R--A38sxk,9.83,10.2,2.885,0.83,0.0,0.056
Lalit#4,Lalit,M G r S,Lalit/train_[hJ8dQge_OJY]_chunk0.mp3,hJ8dQge_OJY,36.3,37.8,2.892,1.699,0.193,0.0
Lalit#4,Lalit,M G r S,Lalit/train_[Xdy2gufZoFU]_chunk3.mp3,Xdy2gufZoFU,10.36,10.81,2.92,1.6,0.32,0.0
Lalit#4,Lalit,M G r S,Lalit/train_[W8R--A38sxk]_chunk0.mp3,W8R--A38sxk,13.58,15.18,2.97,2.97,0.0,0.0
Lalit#4,Lalit,M G r S,Lalit/train_[W8R--A38sxk]_chunk0.mp3,W8R--A38sxk,13.58,14.03,2.97,2.97,0.0,0.0
Lalit#4,Lalit,M G r S,Lalit/train_[0xb3rorA4Wo]_chunk0.mp3,0xb3rorA4Wo,5.8,6.22,3.0,3.0,0.0,0.0
Lalit#4,Lalit,M G r S,Lalit/train_[0xb3rorA4Wo]_chunk0.mp3,0xb3rorA4Wo,12.53,12.84,3.0,3.0,0.0,0.0
Lalit#4,Lalit,M G r S,Lalit/train_[0xb3rorA4Wo]_chunk0.mp3,0xb3rorA4Wo,14.33,14.61,3.0,3.0,0.0,0.0
Lalit#4,Lalit,M G r S,Lalit/train_[0xb3rorA4Wo]_chunk1.mp3,0xb3rorA4Wo,3.96,4.53,3.0,3.0,0.0,0.0
Lalit#4,Lalit,M G r S,Lalit/train_[0xb3rorA4Wo]_chunk1.mp3,0xb3rorA4Wo,14.26,14.54,3.0,3.0,0.0,0.0
Lalit#4,Lalit,M G r S,Lalit/train_[0xb3rorA4Wo]_chunk1.mp3,0xb3rorA4Wo,1.55,1.9,3.0,3.0,0.0,0.0
Lalit#4,Lalit,M G r S,Lalit/train_[0xb3rorA4Wo]_chunk1.mp3,0xb3rorA4Wo,15.32,15.68,3.0,3.0,0.0,0.0
Lalit#4,Lalit,M G r S,Lalit/train_[0xb3rorA4Wo]_chunk2.mp3,0xb3rorA4Wo,10.77,11.06,3.0,3.0,0.0,0.0
Lalit#4,Lalit,M G r S,Lalit/train_[0xb3rorA4Wo]_chunk2.mp3,0xb3rorA4Wo,17.78,19.06,3.0,3.0,0.0,0.0
Lalit#4,Lalit,M G r S,Lalit/train_[0xb3rorA4Wo]_chunk2.mp3,0xb3rorA4Wo,17.78,19.08,3.0,3.0,0.0,0.0
Lalit#4,Lalit,M G r S,Lalit/train_[0xb3rorA4Wo]_chunk4.mp3,0xb3rorA4Wo,17.19,17.48,3.0,3.0,0.0,0.0
Lalit#4,Lalit,M G r S,Lalit/train_[1AYckL0Qx1Q]_chunk0.mp3,1AYckL0Qx1Q,4.69,5.12,3.0,3.0,0.0,0.0
Lalit#4,Lalit,M G r S,Lalit/train_[1AYckL0Qx1Q]_chunk0.mp3,1AYckL0Qx1Q,19.61,19.89,3.0,3.0,0.0,0.0
Lalit#4,Lalit,M G r S,Lalit/train_[1AYckL0Qx1Q]_chunk1.mp3,1AYckL0Qx1Q,17.4,17.74,3.0,3.0,0.0,0.0
Lalit#4,Lalit,M G r S,Lalit/train_[1AYckL0Qx1Q]_chunk1.mp3,1AYckL0Qx1Q,19.04,19.32,3.0,3.0,0.0,0.0
Lalit#4,Lalit,M G r S,Lalit/train_[1AYckL0Qx1Q]_chunk1.mp3,1AYckL0Qx1Q,17.23,17.51,3.0,3.0,0.0,0.0
Lalit#4,Lalit,M G r S,Lalit/train_[1AYckL0Qx1Q]_chunk2.mp3,1AYckL0Qx1Q,7.32,7.63,3.0,3.0,0.0,0.0
Lalit#4,Lalit,M G r S,Lalit/train_[1AYckL0Qx1Q]_chunk4.mp3,1AYckL0Qx1Q,1.92,2.22,3.0,3.0,0.0,0.0
Lalit#4,Lalit,M G r S,Lalit/train_[1AYckL0Qx1Q]_chunk4.mp3,1AYckL0Qx1Q,13.83,14.24,3.0,3.0,0.0,0.0
Lalit#4,Lalit,M G r S,Lalit/train_[GDxVV60_RcU]_chunk0.mp3,GDxVV60_RcU,4.27,4.64,3.0,3.0,0.0,0.0
Lalit#4,Lalit,M G r S,Lalit/train_[GDxVV60_RcU]_chunk0.mp3,GDxVV60_RcU,3.72,4.02,3.0,3.0,0.0,0.0
Lalit#4,Lalit,M G r S,Lalit/train_[GDxVV60_RcU]_chunk0.mp3,GDxVV60_RcU,2.84,3.13,3.0,3.0,0.0,0.0
Lalit#4,Lalit,M G r S,Lalit/train_[GDxVV60_RcU]_chunk0.mp3,GDxVV60_RcU,3.02,3.31,3.0,3.0,0.0,0.0
Lalit#4,Lalit,M G r S,Lalit/train_[GDxVV60_RcU]_chunk1.mp3,GDxVV60_RcU,6.35,6.63,3.0,3.0,0.0,0.0
Lalit#4,Lalit,M G r S,Lalit/train_[GDxVV60_RcU]_chunk1.mp3,GDxVV60_RcU,19.48,19.77,3.0,3.0,0.0,0.0
Lalit#4,Lalit,M G r S,Lalit/train_[GDxVV60_RcU]_chunk1.mp3,GDxVV60_RcU,19.64,19.93,3.0,3.0,0.0,0.0
Lalit#4,Lalit,M G r S,Lalit/train_[GDxVV60_RcU]_chunk1.mp3,GDxVV60_RcU,19.13,19.41,3.0,3.0,0.0,0.0
Lalit#4,Lalit,M G r S,Lalit/train_[GDxVV60_RcU]_chunk1.mp3,GDxVV60_RcU,13.33,13.62,3.0,3.0,0.0,0.0
Lalit#4,Lalit,M G r S,Lalit/train_[GDxVV60_RcU]_chunk3.mp3,GDxVV60_RcU,13.28,13.56,3.0,3.0,0.0,0.0
Lalit#4,Lalit,M G r S,Lalit/train_[GDxVV60_RcU]_chunk3.mp3,GDxVV60_RcU,16.55,16.84,3.0,3.0,0.0,0.0
Lalit#4,Lalit,M G r S,Lalit/train_[GDxVV60_RcU]_chunk3.mp3,GDxVV60_RcU,6.4,6.68,3.0,3.0,0.0,0.0
Lalit#4,Lalit,M G r S,Lalit/train_[GDxVV60_RcU]_chunk3.mp3,GDxVV60_RcU,16.25,16.53,3.0,3.0,0.0,0.0
Lalit#4,Lalit,M G r S,Lalit/train_[GDxVV60_RcU]_chunk4.mp3,GDxVV60_RcU,6.9,7.24,3.0,3.0,0.0,0.0
Lalit#4,Lalit,M G r S,Lalit/train_[NAc1yRhmoPs]_chunk0.mp3,NAc1yRhmoPs,4.02,4.3,3.0,3.0,0.0,0.0
Lalit#4,Lalit,M G r S,Lalit/train_[NAc1yRhmoPs]_chunk0.mp3,NAc1yRhmoPs,19.72,20.0,3.0,3.0,0.0,0.0
Lalit#4,Lalit,M G r S,Lalit/train_[NAc1yRhmoPs]_chunk0.mp3,NAc1yRhmoPs,4.37,4.69,3.0,3.0,0.0,0.0
Lalit#4,Lalit,M G r S,Lalit/train_[NAc1yRhmoPs]_chunk0.mp3,NAc1yRhmoPs,2.2,2.49,3.0,3.0,0.0,0.0
Lalit#4,Lalit,M G r S,Lalit/train_[NAc1yRhmoPs]_chunk0.mp3,NAc1yRhmoPs,19.0,19.52,3.0,3.0,0.0,0.0
Lalit#4,Lalit,M G r S,Lalit/train_[NAc1yRhmoPs]_chunk1.mp3,NAc1yRhmoPs,1.48,2.52,3.0,3.0,0.0,0.0
Lalit#4,Lalit,M G r S,Lalit/train_[NAc1yRhmoPs]_chunk1.mp3,NAc1yRhmoPs,3.34,3.88,3.0,3.0,0.0,0.0
Lalit#4,Lalit,M G r S,Lalit/train_[NAc1yRhmoPs]_chunk1.mp3,NAc1yRhmoPs,1.48,2.54,3.0,3.0,0.0,0.0
Lalit#4,Lalit,M G r S,Lalit/train_[NAc1yRhmoPs]_chunk1.mp3,NAc1yRhmoPs,1.48,2.56,3.0,3.0,0.0,0.0
Lalit#4,Lalit,M G r S,Lalit/train_[NAc1yRhmoPs]_chunk2.mp3,NAc1yRhmoPs,4.07,5.24,3.0,3.0,0.0,0.0
Lalit#4,Lalit,M G r S,Lalit/train_[NAc1yRhmoPs]_chunk3.mp3,NAc1yRhmoPs,18.2,18.52,3.0,3.0,0.0,0.0
Lalit#4,Lalit,M G r S,Lalit/train_[NAc1yRhmoPs]_chunk3.mp3,NAc1yRhmoPs,16.59,16.87,3.0,3.0,0.0,0.0
Lalit#4,Lalit,M G r S,Lalit/train_[NAc1yRhmoPs]_chunk3.mp3,NAc1yRhmoPs,19.0,19.29,3.0,3.0,0.0,0.0
Lalit#4,Lalit,M G r S,Lalit/train_[NAc1yRhmoPs]_chunk3.mp3,NAc1yRhmoPs,15.4,16.25,3.0,3.0,0.0,0.0
Lalit#4,Lalit,M G r S,Lalit/train_[W4p_lZa4OHs]_chunk1.mp3,W4p_lZa4OHs,15.7,15.98,3.0,3.0,0.0,0.0
Lalit#4,Lalit,M G r S,Lalit/train_[W4p_lZa4OHs]_chunk1.mp3,W4p_lZa4OHs,0.43,0.71,3.0,3.0,0.0,0.0
Lalit#4,Lalit,M G r S,Lalit/train_[W4p_lZa4OHs]_chunk2.mp3,W4p_lZa4OHs,1.99,2.28,3.0,3.0,0.0,0.0
Lalit#4,Lalit,M G r S,Lalit/train_[W4p_lZa4OHs]_chunk2.mp3,W4p_lZa4OHs,2.63,2.93,3.0,3.0,0.0,0.0
Lalit#4,Lalit,M G r S,Lalit/train_[W4p_lZa4OHs]_chunk2.mp3,W4p_lZa4OHs,11.82,12.11,3.0,3.0,0.0,0.0
Lalit#4,Lalit,M G r S,Lalit/train_[W4p_lZa4OHs]_chunk2.mp3,W4p_lZa4OHs,3.2,3.48,3.0,3.0,0.0,0.0
Lalit#4,Lalit,M G r S,Lalit/train_[W4p_lZa4OHs]_chunk2.mp3,W4p_lZa4OHs,2.15,2.44,3.0,3.0,0.0,0.0
Lalit#4,Lalit,M G r S,Lalit/train_[W4p_lZa4OHs]_chunk4.mp3,W4p_lZa4OHs,17.97,18.42,3.0,3.0,0.0,0.0
Lalit#4,Lalit,M G r S,Lalit/train_[W8R--A38sxk]_chunk1.mp3,W8R--A38sxk,17.85,19.52,3.0,3.0,0.0,0.0
Lalit#4,Lalit,M G r S,Lalit/train_[W8R--A38sxk]_chunk1.mp3,W8R--A38sxk,17.85,18.29,3.0,3.0,0.0,0.0
Lalit#4,Lalit,M G r S,Lalit/train_[W8R--A38sxk]_chunk1.mp3,W8R--A38sxk,9.97,10.26,3.0,3.0,0.0,0.0
Lalit#4,Lalit,M G r S,Lalit/train_[W8R--A38sxk]_chunk1.mp3,W8R--A38sxk,10.08,10.97,3.0,3.0,0.0,0.0
Lalit#4,Lalit,M G r S,Lalit/train_[W8R--A38sxk]_chunk2.mp3,W8R--A38sxk,11.54,12.04,3.0,3.0,0.0,0.0
Lalit#4,Lalit,M G r S,Lalit/train_[Xdy2gufZoFU]_chunk0.mp3,Xdy2gufZoFU,12.16,12.46,3.0,3.0,0.0,0.0
Lalit#4,Lalit,M G r S,Lalit/train_[Xdy2gufZoFU]_chunk0.mp3,Xdy2gufZoFU,16.3,16.76,3.0,3.0,0.0,0.0
Lalit#4,Lalit,M G r S,Lalit/train_[Xdy2gufZoFU]_chunk1.mp3,Xdy2gufZoFU,3.8,4.09,3.0,3.0,0.0,0.0
Lalit#4,Lalit,M G r S,Lalit/train_[Xdy2gufZoFU]_chunk2.mp3,Xdy2gufZoFU,7.79,8.07,3.0,3.0,0.0,0.0
Lalit#4,Lalit,M G r S,Lalit/train_[Xdy2gufZoFU]_chunk2.mp3,Xdy2gufZoFU,16.87,17.21,3.0,3.0,0.0,0.0
Lalit#4,Lalit,M G r S,Lalit/train_[hJ8dQge_OJY]_chunk1.mp3,hJ8dQge_OJY,32.34,33.62,3.0,3.0,0.0,0.0
Lalit#4,Lalit,M G r S,Lalit/train_[hJ8dQge_OJY]_chunk1.mp3,hJ8dQge_OJY,32.34,33.64,3.0,3.0,0.0,0.0
Lalit#4,Lalit,M G r S,Lalit/train_[hJ8dQge_OJY]_chunk1.mp3,hJ8dQge_OJY,32.34,33.65,3.0,3.0,0.0,0.0
Lalit#4,Lalit,M G r S,Lalit/train_[smYksULTb4I]_chunk0.mp3,smYksULTb4I,15.04,15.32,3.0,3.0,0.0,0.0
Lalit#4,Lalit,M G r S,Lalit/train_[smYksULTb4I]_chunk0.mp3,smYksULTb4I,12.34,12.62,3.0,3.0,0.0,0.0
Lalit#4,Lalit,M G r S,Lalit/train_[smYksULTb4I]_chunk0.mp3,smYksULTb4I,16.96,17.48,3.0,3.0,0.0,0.0
Lalit#4,Lalit,M G r S,Lalit/train_[smYksULTb4I]_chunk2.mp3,smYksULTb4I,4.0,4.37,3.0,3.0,0.0,0.0
Lalit#4,Lalit,M G r S,Lalit/train_[smYksULTb4I]_chunk2.mp3,smYksULTb4I,3.04,3.45,3.0,3.0,0.0,0.0
Lalit#4,Lalit,M G r S,Lalit/train_[smYksULTb4I]_chunk3.mp3,smYksULTb4I,7.02,7.32,3.0,3.0,0.0,0.0
Lalit#4,Lalit,M G r S,Lalit/train_[smYksULTb4I]_chunk3.mp3,smYksULTb4I,16.18,16.46,3.0,3.0,0.0,0.0
Lalit#4,Lalit,M G r S,Lalit/train_[GDxVV60_RcU]_chunk4.mp3,GDxVV60_RcU,14.47,19.98,3.023,3.0,0.0,0.023
Lalit#4,Lalit,M G r S,Lalit/train_[W4p_lZa4OHs]_chunk4.mp3,W4p_lZa4OHs,18.47,19.02,3.032,3.0,0.032,0.0
Lalit#4,Lalit,M G r S,Lalit/train_[hJ8dQge_OJY]_chunk0.mp3,hJ8dQge_OJY,22.63,23.16,3.033,1.599,0.433,0.0
Lalit#4,Lalit,M G r S,Lalit/train_[Xdy2gufZoFU]_chunk1.mp3,Xdy2gufZoFU,16.18,16.5,3.059,3.0,0.059,0.0
Lalit#4,Lalit,M G r S,Lalit/train_[Xdy2gufZoFU]_chunk1.mp3,Xdy2gufZoFU,19.0,19.4,3.059,3.0,0.059,0.0
Lalit#4,Lalit,M G r S,Lalit/train_[W4p_lZa4OHs]_chunk3.mp3,W4p_lZa4OHs,4.62,4.91,3.062,3.0,0.0,0.062
Lalit#4,Lalit,M G r S,Lalit/train_[W8R--A38sxk]_chunk3.mp3,W8R--A38sxk,5.78,6.06,3.062,3.0,0.0,0.062
Lalit#4,Lalit,M G r S,Lalit/train_[W4p_lZa4OHs]_chunk4.mp3,W4p_lZa4OHs,14.04,14.47,3.083,3.0,0.0,0.083
Lalit#4,Lalit,M G r S,Lalit/train_[GDxVV60_RcU]_chunk2.mp3,GDxVV60_RcU,11.2,11.56,3.1,3.0,0.0,0.1
Lalit#4,Lalit,M G r S,Lalit/train_[smYksULTb4I]_chunk1.mp3,smYksULTb4I,2.58,3.43,3.104,3.0,0.021,0.083
Lalit#4,Lalit,M G r S,Lalit/train_[0xb3rorA4Wo]_chunk4.mp3,0xb3rorA4Wo,2.49,2.93,3.11,2.95,0.16,0.0
Lalit#4,Lalit,M G r S,Lalit/train_[W8R--A38sxk]_chunk3.mp3,W8R--A38sxk,6.1,6.38,3.125,3.0,0.0,0.125
Lalit#4,Lalit,M G r S,Lalit/train_[W8R--A38sxk]_chunk4.mp3,W8R--A38sxk,6.13,6.42,3.125,3.0,0.0,0.125
Lalit#4,Lalit,M G r S,Lalit/train_[GDxVV60_RcU]_chunk2.mp3,GDxVV60_RcU,8.92,9.23,3.176,3.0,0.0,0.176
Lalit#4,Lalit,M G r S,Lalit/train_[hJ8dQge_OJY]_chunk0.mp3,hJ8dQge_OJY,8.69,9.65,3.185,3.0,0.111,0.074
Lalit#4,Lalit,M G r S,Lalit/train_[GDxVV60_RcU]_chunk2.mp3,GDxVV60_RcU,17.99,18.28,3.188,3.0,0.0,0.188
Lalit#4,Lalit,M G r S,Lalit/train_[GDxVV60_RcU]_chunk2.mp3,GDxVV60_RcU,9.37,9.65,3.188,3.0,0.0,0.188
Lalit#4,Lalit,M G r S,Lalit/train_[GDxVV60_RcU]_chunk4.mp3,GDxVV60_RcU,8.39,8.68,3.188,3.0,0.0,0.188
Lalit#4,Lalit,M G r S,Lalit/train_[0xb3rorA4Wo]_chunk4.mp3,0xb3rorA4Wo,14.38,14.76,3.19,3.0,0.19,0.0
Lalit#4,Lalit,M G r S,Lalit/train_[0xb3rorA4Wo]_chunk4.mp3,0xb3rorA4Wo,0.16,0.5,3.211,3.0,0.0,0.211
Lalit#4,Lalit,M G r S,Lalit/train_[W8R--A38sxk]_chunk3.mp3,W8R--A38sxk,3.25,3.59,3.211,3.0,0.0,0.211
Lalit#4,Lalit,M G r S,Lalit/train_[Xdy2gufZoFU]_chunk1.mp3,Xdy2gufZoFU,18.79,19.13,3.211,3.0,0.0,0.211
Lalit#4,Lalit,M G r S,Lalit/train_[Xdy2gufZoFU]_chunk1.mp3,Xdy2gufZoFU,1.42,1.76,3.211,3.0,0.0,0.211
Lalit#4,Lalit,M G r S,Lalit/train_[NAc1yRhmoPs]_chunk2.mp3,NAc1yRhmoPs,9.33,10.28,3.226,3.0,0.019,0.208
Lalit#4,Lalit,M G r S,Lalit/train_[hJ8dQge_OJY]_chunk3.mp3,hJ8dQge_OJY,23.43,24.05,3.229,3.0,0.0,0.229
Lalit#4,Lalit,M G r S,Lalit/train_[hJ8dQge_OJY]_chunk4.mp3,hJ8dQge_OJY,34.72,35.25,3.241,3.0,0.0,0.241
Lalit#4,Lalit,M G r S,Lalit/train_[1AYckL0Qx1Q]_chunk1.mp3,1AYckL0Qx1Q,9.03,9.46,3.25,3.0,0.0,0.25
Lalit#4,Lalit,M G r S,Lalit/train_[GDxVV60_RcU]_chunk2.mp3,GDxVV60_RcU,10.95,11.27,3.25,3.0,0.0,0.25
Lalit#4,Lalit,M G r S,Lalit/train_[W4p_lZa4OHs]_chunk3.mp3,W4p_lZa4OHs,0.34,0.62,3.25,3.0,0.0,0.25
Lalit#4,Lalit,M G r S,Lalit/train_[W4p_lZa4OHs]_chunk4.mp3,W4p_lZa4OHs,13.74,14.24,3.25,3.0,0.0,0.25
Lalit#4,Lalit,M G r S,Lalit/train_[Xdy2gufZoFU]_chunk4.mp3,Xdy2gufZoFU,13.03,13.78,3.25,3.0,0.0,0.25
Lalit#4,Lalit,M G r S,Lalit/train_[hJ8dQge_OJY]_chunk3.mp3,hJ8dQge_OJY,16.11,16.66,3.258,3.0,0.0,0.258
Lalit#4,Lalit,M G r S,Lalit/train_[Xdy2gufZoFU]_chunk4.mp3,Xdy2gufZoFU,16.46,17.8,3.286,3.0,0.0,0.286
Lalit#4,Lalit,M G r S,Lalit/train_[Xdy2gufZoFU]_chunk4.mp3,Xdy2gufZoFU,16.46,17.8,3.3,3.0,0.0,0.3
Lalit#4,Lalit,M G r S,Lalit/train_[1AYckL0Qx1Q]_chunk1.mp3,1AYckL0Qx1Q,5.55,5.83,3.312,3.0,0.0,0.312
Lalit#4,Lalit,M G r S,Lalit/train_[Xdy2gufZoFU]_chunk4.mp3,Xdy2gufZoFU,16.46,17.8,3.316,3.0,0.0,0.316
Lalit#4,Lalit,M G r S,Lalit/train_[smYksULTb4I]_chunk1.mp3,smYksULTb4I,17.76,19.13,3.333,3.0,0.0,0.333
Lalit#4,Lalit,M G r S,Lalit/train_[smYksULTb4I]_chunk1.mp3,smYksULTb4I,17.76,19.11,3.35,3.0,0.0,0.35
Lalit#4,Lalit,M G r S,Lalit/train_[smYksULTb4I]_chunk1.mp3,smYksULTb4I,17.76,19.09,3.368,3.0,0.0,0.368
Lalit#4,Lalit,M G r S,Lalit/train_[hJ8dQge_OJY]_chunk0.mp3,hJ8dQge_OJY,19.02,19.32,3.375,3.0,0.0,0.375
Lalit#4,Lalit,M G r S,Lalit/train_[smYksULTb4I]_chunk1.mp3,smYksULTb4I,17.76,19.08,3.389,3.0,0.0,0.389
Lalit#4,Lalit,M G r S,Lalit/train_[hJ8dQge_OJY]_chunk0.mp3,hJ8dQge_OJY,2.35,2.63,3.438,3.0,0.0,0.438
Lalit#4,Lalit,M G r S,Lalit/train_[NAc1yRhmoPs]_chunk2.mp3,NAc1yRhmoPs,8.32,9.26,3.566,3.0,0.34,0.226
Lalit#4,Lalit,M G r S,Lalit/train_[NAc1yRhmoPs]_chunk2.mp3,NAc1yRhmoPs,8.25,8.53,3.688,3.0,0.0,0.688
Lalit#4,Lalit,M G r S,Lalit/train_[NAc1yRhmoPs]_chunk2.mp3,NAc1yRhmoPs,9.12,9.4,3.75,3.0,0.0,0.75
Malhar#2,Malhar,g m R S,Malhar/train_[IyqWi5oPpJs]_chunk1.mp3,IyqWi5oPpJs,18.49,18.92,0.0,0.0,0.0,0.0
Malhar#2,Malhar,g m R S,Malhar/train_[81undkurwc8]_chunk3.mp3,81undkurwc8,4.53,4.87,0.057,0.057,0.0,0.0
Malhar#2,Malhar,g m R S,Malhar/train_[eA2_S9Pyds4]_chunk0.mp3,eA2_S9Pyds4,20.32,21.01,0.119,0.119,0.0,0.0
Malhar#2,Malhar,g m R S,Malhar/train_[joxB9QNW918]_chunk0.mp3,joxB9QNW918,16.87,17.58,0.133,0.0,0.033,0.1
Malhar#2,Malhar,g m R S,Malhar/train_[IyqWi5oPpJs]_chunk2.mp3,IyqWi5oPpJs,9.8,10.13,0.153,0.153,0.0,0.0
Malhar#2,Malhar,g m R S,Malhar/train_[joxB9QNW918]_chunk1.mp3,joxB9QNW918,17.74,18.67,0.159,0.034,0.125,0.0
Malhar#2,Malhar,g m R S,Malhar/train_[IyqWi5oPpJs]_chunk2.mp3,IyqWi5oPpJs,10.86,11.25,0.176,0.176,0.0,0.0
Malhar#2,Malhar,g m R S,Malhar/train_[joxB9QNW918]_chunk3.mp3,joxB9QNW918,0.27,0.73,0.188,0.034,0.154,0.0
Malhar#2,Malhar,g m R S,Malhar/train_[mUI_eTmZpEI]_chunk0.mp3,mUI_eTmZpEI,20.28,20.91,0.199,0.171,0.029,0.0
Malhar#2,Malhar,g m R S,Malhar/train_[eA2_S9Pyds4]_chunk0.mp3,eA2_S9Pyds4,13.8,14.45,0.222,0.0,0.222,0.0
Malhar#2,Malhar,g m R S,Malhar/train_[IyqWi5oPpJs]_chunk2.mp3,IyqWi5oPpJs,12.94,13.44,0.248,0.176,0.071,0.0
Malhar#2,Malhar,g m R S,Malhar/train_[eA2_S9Pyds4]_chunk1.mp3,eA2_S9Pyds4,12.57,12.91,0.292,0.239,0.053,0.0
Malhar#2,Malhar,g m R S,Malhar/train_[joxB9QNW918]_chunk0.mp3,joxB9QNW918,12.53,13.05,0.302,0.011,0.292,0.0
Malhar#2,Malhar,g m R S,Malhar/train_[joxB9QNW918]_chunk2.mp3,joxB9QNW918,0.07,0.41,0.355,0.25,0.105,0.0
Malhar#2,Malhar,g m R S,Malhar/train_[eA2_S9Pyds4]_chunk4.mp3,eA2_S9Pyds4,6.42,6.74,0.392,0.281,0.0,0.111
Malhar#2,Malhar,g m R S,Malhar/train_[mUI_eTmZpEI]_chunk1.mp3,mUI_eTmZpEI,19.43,19.75,0.392,0.392,0.0,0.0
Malhar#2,Malhar,g m R S,Malhar/train_[eA2_S9Pyds4]_chunk0.mp3,eA2_S9Pyds4,15.61,15.95,0.419,0.419,0.0,0.0
Malhar#2,Malhar,g m R S,Malhar/train_[eA2_S9Pyds4]_chunk4.mp3,eA2_S9Pyds4,26.72,27.16,0.439,0.319,0.12,0.0
Malhar#2,Malhar,g m R S,Malhar/train_[IyqWi5oPpJs]_chunk0.mp3,IyqWi5oPpJs,8.87,9.32,0.476,0.476,0.0,0.0
Malhar#2,Malhar,g m R S,Malhar/train_[joxB9QNW918]_chunk4.mp3,joxB9QNW918,5.55,5.96,0.516,0.516,0.0,0.0
Malhar#2,Malhar,g m R S,Malhar/train_[joxB9QNW918]_chunk0.mp3,joxB9QNW918,7.56,8.11,0.671,0.568,0.0,0.103
Malhar#2,Malhar,g m R S,Malhar/train_[IyqWi5oPpJs]_chunk0.mp3,IyqWi5oPpJs,12.8,13.26,0.676,0.676,0.0,0.0
Malhar#2,Malhar,g m R S,Malhar/train_[IyqWi5oPpJs]_chunk0.mp3,IyqWi5oPpJs,16.09,16.6,0.687,0.376,0.31,0.0
Malhar#2,Malhar,g m R S,Malhar/train_[eA2_S9Pyds4]_chunk2.mp3,eA2_S9Pyds4,19.32,19.77,0.783,0.7,0.083,0.0
Malhar#2,Malhar,g m R S,Malhar/train_[joxB9QNW918]_chunk0.mp3,joxB9QNW918,15.29,15.73,0.794,0.634,0.12,0.04
Malhar#2,Malhar,g m R S,Malhar/train_[joxB9QNW918]_chunk4.mp3,joxB9QNW918,17.07,17.51,0.828,0.668,0.04,0.12
Malhar#2,Malhar,g m R S,Malhar/train_[IyqWi5oPpJs]_chunk0.mp3,IyqWi5oPpJs,8.87,10.36,0.869,0.476,0.393,0.0
Malhar#2,Malhar,g m R S,Malhar/train_[eA2_S9Pyds4]_chunk0.mp3,eA2_S9Pyds4,15.61,16.8,0.989,0.419,0.569,0.0
Malhar#2,Malhar,g m R S,Malhar/train_[N9X75HWT79g]_chunk2.mp3,N9X75HWT79g,2.12,2.49,1.034,1.034,0.0,0.0
Malhar#2,Malhar,g m R S,Malhar/train_[eA2_S9Pyds4]_chunk3.mp3,eA2_S9Pyds4,16.55,16.87,1.061,1.061,0.0,0.0
Malhar#2,Malhar,g m R S,Malhar/train_[IyqWi5oPpJs]_chunk2.mp3,IyqWi5oPpJs,3.04,3.32,1.126,1.126,0.0,0.0
Malhar#2,Malhar,g m R S,Malhar/train_[joxB9QNW918]_chunk0.mp3,joxB9QNW918,10.9,11.29,1.145,0.918,0.182,0.045
Malhar#2,Malhar,g m R S,Malhar/train_[eA2_S9Pyds4]_chunk1.mp3,eA2_S9Pyds4,8.2,8.48,1.149,0.961,0.0,0.188
Malhar#2,Malhar,g m R S,Malhar/train_[IyqWi5oPpJs]_chunk2.mp3,IyqWi5oPpJs,3.04,4.0,1.17,0.8,0.37,0.0
Malhar#2,Malhar,g m R S,Malhar/train_[eA2_S9Pyds4]_chunk4.mp3,eA2_S9Pyds4,12.91,13.42,1.411,1.239,0.103,0.069
Malhar#2,Malhar,g m R S,Malhar/train_[eA2_S9Pyds4]_chunk4.mp3,eA2_S9Pyds4,21.35,21.99,1.439,0.189,0.25,0.0
Malhar#2,Malhar,g m R S,Malhar/train_[eA2_S9Pyds4]_chunk2.mp3,eA2_S9Pyds4,28.02,28.37,1.461,1.161,0.2,0.1
Malhar#2,Malhar,g m R S,Malhar/train_[eA2_S9Pyds4]_chunk2.mp3,eA2_S9Pyds4,27.73,28.02,1.511,1.511,0.0,0.0
Malhar#2,Malhar,g m R S,Malhar/train_[N9X75HWT79g]_chunk4.mp3,N9X75HWT79g,6.33,6.74,1.583,1.366,0.13,0.087
Malhar#2,Malhar,g m R S,Malhar/train_[eA2_S9Pyds4]_chunk4.mp3,eA2_S9Pyds4,5.62,5.92,1.698,1.639,0.059,0.0
Malhar#2,Malhar,g m R S,Malhar/train_[IyqWi5oPpJs]_chunk1.mp3,IyqWi5oPpJs,17.0,17.35,1.903,1.703,0.2,0.0
Malhar#2,Malhar,g m R S,Malhar/train_[N9X75HWT79g]_chunk0.mp3,N9X75HWT79g,3.29,3.72,1.916,1.916,0.0,0.0
Malhar#2,Malhar,g m R S,Malhar/train_[joxB9QNW918]_chunk3.mp3,joxB9QNW918,0.02,0.48,1.964,1.618,0.346,0.0
Malhar#2,Malhar,g m R S,Malhar/train_[eA2_S9Pyds4]_chunk1.mp3,eA2_S9Pyds4,13.6,13.88,2.339,2.339,0.0,0.0
Malhar#2,Malhar,g m R S,Malhar/train_[IyqWi5oPpJs]_chunk0.mp3,IyqWi5oPpJs,1.16,1.56,2.662,2.424,0.238,0.0
Malhar#2,Malhar,g m R S,Malhar/train_[eA2_S9Pyds4]_chunk1.mp3,eA2_S9Pyds4,17.49,17.78,2.689,2.689,0.0,0.0
Malhar#2,Malhar,g m R S,Malhar/train_[IyqWi5oPpJs]_chunk1.mp3,IyqWi5oPpJs,11.06,11.4,2.697,2.697,0.0,0.0
Malhar#2,Malhar,g m R S,Malhar/train_[mUI_eTmZpEI]_chunk1.mp3,mUI_eTmZpEI,16.36,17.05,2.844,2.742,0.103,0.0
Malhar#2,Malhar,g m R S,Malhar/train_[IyqWi5oPpJs]_chunk3.mp3,IyqWi5oPpJs,8.52,8.8,2.924,2.924,0.0,0.0
Malhar#2,Malhar,g m R S,Malhar/train_[81undkurwc8]_chunk2.mp3,81undkurwc8,12.16,12.62,2.924,1.837,0.087,0.0
Malhar#2,Malhar,g m R S,Malhar/train_[81undkurwc8]_chunk0.mp3,81undkurwc8,0.11,0.41,3.0,3.0,0.0,0.0
Malhar#2,Malhar,g m R S,Malhar/train_[81undkurwc8]_chunk0.mp3,81undkurwc8,0.8,1.23,3.0,3.0,0.0,0.0
Malhar#2,Malhar,g m R S,Malhar/train_[81undkurwc8]_chunk0.mp3,81undkurwc8,1.21,1.49,3.0,3.0,0.0,0.0
Malhar#2,Malhar,g m R S,Malhar/train_[81undkurwc8]_chunk0.mp3,81undkurwc8,5.37,5.8,3.0,3.0,0.0,0.0
Malhar#2,Malhar,g m R S,Malhar/train_[81undkurwc8]_chunk0.mp3,81undkurwc8,19.48,20.0,3.0,3.0,0.0,0.0
Malhar#2,Malhar,g m R S,Malhar/train_[81undkurwc8]_chunk1.mp3,81undkurwc8,17.03,17.32,3.0,3.0,0.0,0.0
Malhar#2,Malhar,g m R S,Malhar/train_[81undkurwc8]_chunk1.mp3,81undkurwc8,12.98,13.4,3.0,3.0,0.0,0.0
Malhar#2,Malhar,g m R S,Malhar/train_[81undkurwc8]_chunk1.mp3,81undkurwc8,11.02,11.31,3.0,3.0,0.0,0.0
Malhar#2,Malhar,g m R S,Malhar/train_[81undkurwc8]_chunk1.mp3,81undkurwc8,10.08,10.36,3.0,3.0,0.0,0.0
Malhar#2,Malhar,g m R S,Malhar/train_[81undkurwc8]_chunk1.mp3,81undkurwc8,8.41,8.69,3.0,3.0,0.0,0.0
Malhar#2,Malhar,g m R S,Malhar/train_[81undkurwc8]_chunk4.mp3,81undkurwc8,14.08,14.36,3.0,3.0,0.0,0.0
Malhar#2,Malhar,g m R S,Malhar/train_[81undkurwc8]_chunk4.mp3,81undkurwc8,6.61,6.9,3.0,3.0,0.0,0.0
Malhar#2,Malhar,g m R S,Malhar/train_[81undkurwc8]_chunk4.mp3,81undkurwc8,13.72,14.03,3.0,3.0,0.0,0.0
Malhar#2,Malhar,g m R S,Malhar/train_[IyqWi5oPpJs]_chunk1.mp3,IyqWi5oPpJs,1.88,2.26,3.0,3.0,0.0,0.0
Malhar#2,Malhar,g m R S,Malhar/train_[IyqWi5oPpJs]_chunk1.mp3,IyqWi5oPpJs,0.6,1.05,3.0,3.0,0.0,0.0
Malhar#2,Malhar,g m R S,Malhar/train_[IyqWi5oPpJs]_chunk3.mp3,IyqWi5oPpJs,12.36,13.83,3.0,3.0,0.0,0.0
Malhar#2,Malhar,g m R S,Malhar/train_[IyqWi5oPpJs]_chunk3.mp3,IyqWi5oPpJs,9.14,9.49,3.0,3.0,0.0,0.0
Malhar#2,Malhar,g m R S,Malhar/train_[IyqWi5oPpJs]_chunk3.mp3,IyqWi5oPpJs,12.36,12.68,3.0,3.0,0.0,0.0
Malhar#2,Malhar,g m R S,Malhar/train_[IyqWi5oPpJs]_chunk3.mp3,IyqWi5oPpJs,8.04,8.46,3.0,3.0,0.0,0.0
Malhar#2,Malhar,g m R S,Malhar/train_[IyqWi5oPpJs]_chunk4.mp3,IyqWi5oPpJs,1.92,2.42,3.0,3.0,0.0,0.0
Malhar#2,Malhar,g m R S,Malhar/train_[IyqWi5oPpJs]_chunk4.mp3,IyqWi5oPpJs,4.87,5.17,3.0,3.0,0.0,0.0
Malhar#2,Malhar,g m R S,Malhar/train_[IyqWi5oPpJs]_chunk4.mp3,IyqWi5oPpJs,3.93,4.41,3.0,3.0,0.0,0.0
Malhar#2,Malhar,g m R S,Malhar/train_[IyqWi5oPpJs]_chunk4.mp3,IyqWi5oPpJs,5.94,6.22,3.0,3.0,0.0,0.0
Malhar#2,Malhar,g m R S,Malhar/train_[IyqWi5oPpJs]_chunk4.mp3,IyqWi5oPpJs,6.13,6.42,3.0,3.0,0.0,0.0
Malhar#2,Malhar,g m R S,Malhar/train_[N9X75HWT79g]_chunk0.mp3,N9X75HWT79g,12.28,12.6,3.0,3.0,0.0,0.0
Malhar#2,Malhar,g m R S,Malhar/train_[N9X75HWT79g]_chunk0.mp3,N9X75HWT79g,2.68,2.97,3.0,3.0,0.0,0.0
Malhar#2,Malhar,g m R S,Malhar/train_[N9X75HWT79g]_chunk0.mp3,N9X75HWT79g,18.77,19.36,3.0,3.0,0.0,0.0
Malhar#2,Malhar,g m R S,Malhar/train_[N9X75HWT79g]_chunk0.mp3,N9X75HWT79g,16.44,16.73,3.0,3.0,0.0,0.0
Malhar#2,Malhar,g m R S,Malhar/train_[N9X75HWT79g]_chunk3.mp3,N9X75HWT79g,4.02,4.3,3.0,3.0,0.0,0.0
Malhar#2,Malhar,g m R S,Malhar/train_[N9X75HWT79g]_chunk3.mp3,N9X75HWT79g,15.75,16.12,3.0,3.0,0.0,0.0
Malhar#2,Malhar,g m R S,Malhar/train_[N9X75HWT79g]_chunk4.mp3,N9X75HWT79g,10.93,11.22,3.0,3.0,0.0,0.0
Malhar#2,Malhar,g m R S,Malhar/train_[N9X75HWT79g]_chunk4.mp3,N9X75HWT79g,11.88,12.18,3.0,3.0,0.0,0.0
Malhar#2,Malhar,g m R S,Malhar/train_[N9X75HWT79g]_chunk4.mp3,N9X75HWT79g,17.12,17.44,3.0,3.0,0.0,0.0
Malhar#2,Malhar,g m R S,Malhar/train_[eA2_S9Pyds4]_chunk0.mp3,eA2_S9Pyds4,13.08,13.37,3.0,3.0,0.0,0.0
Malhar#2,Malhar,g m R S,Malhar/train_[eA2_S9Pyds4]_chunk1.mp3,eA2_S9Pyds4,11.91,12.48,3.0,3.0,0.0,0.0
Malhar#2,Malhar,g m R S,Malhar/train_[eA2_S9Pyds4]_chunk2.mp3,eA2_S9Pyds4,12.73,13.21,3.0,3.0,0.0,0.0
Malhar#2,Malhar,g m R S,Malhar/train_[eA2_S9Pyds4]_chunk2.mp3,eA2_S9Pyds4,10.42,10.7,3.0,3.0,0.0,0.0
Malhar#2,Malhar,g m R S,Malhar/train_[eA2_S9Pyds4]_chunk3.mp3,eA2_S9Pyds4,10.84,11.45,3.0,3.0,0.0,0.0
Malhar#2,Malhar,g m R S,Malhar/train_[eA2_S9Pyds4]_chunk3.mp3,eA2_S9Pyds4,23.91,24.34,3.0,3.0,0.0,0.0
Malhar#2,Malhar,g m R S,Malhar/train_[joxB9QNW918]_chunk1.mp3,joxB9QNW918,19.15,19.43,3.0,3.0,0.0,0.0
Malhar#2,Malhar,g m R S,Malhar/train_[joxB9QNW918]_chunk1.mp3,joxB9QNW918,15.8,16.09,3.0,3.0,0.0,0.0
Malhar#2,Malhar,g m R S,Malhar/train_[joxB9QNW918]_chunk1.mp3,joxB9QNW918,4.73,5.01,3.0,3.0,0.0,0.0
Malhar#2,Malhar,g m R S,Malhar/train_[joxB9QNW918]_chunk2.mp3,joxB9QNW918,19.11,19.4,3.0,3.0,0.0,0.0
Malhar#2,Malhar,g m R S,Malhar/train_[joxB9QNW918]_chunk2.mp3,joxB9QNW918,5.51,5.96,3.0,3.0,0.0,0.0
Malhar#2,Malhar,g m R S,Malhar/train_[joxB9QNW918]_chunk2.mp3,joxB9QNW918,9.21,10.49,3.0,3.0,0.0,0.0
Malhar#2,Malhar,g m R S,Malhar/train_[joxB9QNW918]_chunk2.mp3,joxB9QNW918,9.23,10.51,3.0,3.0,0.0,0.0
Malhar#2,Malhar,g m R S,Malhar/train_[joxB9QNW918]_chunk3.mp3,joxB9QNW918,2.83,3.11,3.0,3.0,0.0,0.0
Malhar#2,Malhar,g m R S,Malhar/train_[joxB9QNW918]_chunk3.mp3,joxB9QNW918,12.23,13.51,3.0,3.0,0.0,0.0
Malhar#2,Malhar,g m R S,Malhar/train_[joxB9QNW918]_chunk3.mp3,joxB9QNW918,12.25,13.53,3.0,3.0,0.0,0.0
Malhar#2,Malhar,g m R S,Malhar/train_[joxB9QNW918]_chunk4.mp3,joxB9QNW918,12.34,12.91,3.0,3.0,0.0,0.0
Malhar#2,Malhar,g m R S,Malhar/train_[joxB9QNW918]_chunk4.mp3,joxB9QNW918,1.32,1.74,3.0,3.0,0.0,0.0
Malhar#2,Malhar,g m R S,Malhar/train_[joxB9QNW918]_chunk4.mp3,joxB9QNW918,12.14,12.55,3.0,3.0,0.0,0.0
Malhar#2,Malhar,g m R S,Malhar/train_[mUI_eTmZpEI]_chunk0.mp3,mUI_eTmZpEI,17.67,18.08,3.0,3.0,0.0,0.0
Malhar#2,Malhar,g m R S,Malhar/train_[mUI_eTmZpEI]_chunk0.mp3,mUI_eTmZpEI,17.32,17.6,3.0,3.0,0.0,0.0
Malhar#2,Malhar,g m R S,Malhar/train_[mUI_eTmZpEI]_chunk0.mp3,mUI_eTmZpEI,17.53,17.83,3.0,3.0,0.0,0.0
Malhar#2,Malhar,g m R S,Malhar/train_[mUI_eTmZpEI]_chunk0.mp3,mUI_eTmZpEI,7.04,8.32,3.0,3.0,0.0,0.0
Malhar#2,Malhar,g m R S,Malhar/train_[mUI_eTmZpEI]_chunk1.mp3,mUI_eTmZpEI,17.99,18.45,3.0,3.0,0.0,0.0
Malhar#2,Malhar,g m R S,Malhar/train_[mUI_eTmZpEI]_chunk1.mp3,mUI_eTmZpEI,17.12,17.65,3.0,3.0,0.0,0.0
Malhar#2,Malhar,g m R S,Malhar/train_[mUI_eTmZpEI]_chunk1.mp3,mUI_eTmZpEI,20.18,20.48,3.0,3.0,0.0,0.0
Malhar#2,Malhar,g m R S,Malhar/train_[mUI_eTmZpEI]_chunk2.mp3,mUI_eTmZpEI,1.78,2.1,3.0,3.0,0.0,0.0
Malhar#2,Malhar,g m R S,Malhar/train_[mUI_eTmZpEI]_chunk2.mp3,mUI_eTmZpEI,5.67,6.04,3.0,3.0,0.0,0.0
Malhar#2,Malhar,g m R S,Malhar/train_[mUI_eTmZpEI]_chunk2.mp3,mUI_eTmZpEI,1.56,1.85,3.0,3.0,0.0,0.0
Malhar#2,Malhar,g m R S,Malhar/train_[mUI_eTmZpEI]_chunk2.mp3,mUI_eTmZpEI,5.32,5.81,3.0,3.0,0.0,0.0
Malhar#2,Malhar,g m R S,Malhar/train_[mUI_eTmZpEI]_chunk3.mp3,mUI_eTmZpEI,13.8,14.13,3.0,3.0,0.0,0.0
Malhar#2,Malhar,g m R S,Malhar/train_[mUI_eTmZpEI]_chunk3.mp3,mUI_eTmZpEI,0.25,0.53,3.0,3.0,0.0,0.0
Malhar#2,Malhar,g m R S,Malhar/train_[mUI_eTmZpEI]_chunk3.mp3,mUI_eTmZpEI,11.8,13.08,3.0,3.0,0.0,0.0
Malhar#2,Malhar,g m R S,Malhar/train_[mUI_eTmZpEI]_chunk3.mp3,mUI_eTmZpEI,12.11,13.39,3.0,3.0,0.0,0.0
Malhar#2,Malhar,g m R S,Malhar/train_[mUI_eTmZpEI]_chunk3.mp3,mUI_eTmZpEI,12.09,13.37,3.0,3.0,0.0,0.0
Malhar#2,Malhar,g m R S,Malhar/train_[mUI_eTmZpEI]_chunk4.mp3,mUI_eTmZpEI,25.56,25.85,3.0,3.0,0.0,0.0
Malhar#2,Malhar,g m R S,Malhar/train_[mUI_eTmZpEI]_chunk4.mp3,mUI_eTmZpEI,23.04,23.36,3.0,3.0,0.0,0.0
Malhar#2,Malhar,g m R S,Malhar/train_[mtVmpXk5ir4]_chunk0.mp3,mtVmpXk5ir4,19.06,19.34,3.0,3.0,0.0,0.0
Malhar#2,Malhar,g m R S,Malhar/train_[mtVmpXk5ir4]_chunk0.mp3,mtVmpXk5ir4,3.57,3.86,3.0,3.0,0.0,0.0
Malhar#2,Malhar,g m R S,Malhar/train_[mtVmpXk5ir4]_chunk1.mp3,mtVmpXk5ir4,17.72,18.01,3.0,3.0,0.0,0.0
Malhar#2,Malhar,g m R S,Malhar/train_[mtVmpXk5ir4]_chunk2.mp3,mtVmpXk5ir4,7.2,7.48,3.0,3.0,0.0,0.0
Malhar#2,Malhar,g m R S,Malhar/train_[mtVmpXk5ir4]_chunk4.mp3,mtVmpXk5ir4,11.27,11.56,3.0,3.0,0.0,0.0
Malhar#2,Malhar,g m R S,Malhar/train_[mtVmpXk5ir4]_chunk4.mp3,mtVmpXk5ir4,2.49,2.77,3.0,3.0,0.0,0.0
Malhar#2,Malhar,g m R S,Malhar/train_[mtVmpXk5ir4]_chunk4.mp3,mtVmpXk5ir4,3.77,4.05,3.0,3.0,0.0,0.0
Malhar#2,Malhar,g m R S,Malhar/train_[mtVmpXk5ir4]_chunk4.mp3,mtVmpXk5ir4,8.3,8.59,3.0,3.0,0.0,0.0
Malhar#2,Malhar,g m R S,Malhar/train_[81undkurwc8]_chunk2.mp3,81undkurwc8,7.63,8.2,3.04,3.0,0.0,0.04
Malhar#2,Malhar,g m R S,Malhar/train_[81undkurwc8]_chunk2.mp3,81undkurwc8,13.28,13.58,3.059,3.0,0.0,0.059
Malhar#2,Malhar,g m R S,Malhar/train_[mtVmpXk5ir4]_chunk0.mp3,mtVmpXk5ir4,9.6,9.96,3.059,3.0,0.059,0.0
Malhar#2,Malhar,g m R S,Malhar/train_[mtVmpXk5ir4]_chunk4.mp3,mtVmpXk5ir4,18.97,19.25,3.062,3.0,0.0,0.062
Malhar#2,Malhar,g m R S,Malhar/train_[joxB9QNW918]_chunk1.mp3,joxB9QNW918,17.19,17.81,3.077,3.0,0.077,0.0
Malhar#2,Malhar,g m R S,Malhar/train_[mtVmpXk5ir4]_chunk0.mp3,mtVmpXk5ir4,9.72,10.2,3.111,3.0,0.0,0.111
Malhar#2,Malhar,g m R S,Malhar/train_[mtVmpXk5ir4]_chunk0.mp3,mtVmpXk5ir4,14.54,14.83,3.125,3.0,0.0,0.125
Malhar#2,Malhar,g m R S,Malhar/train_[mtVmpXk5ir4]_chunk1.mp3,mtVmpXk5ir4,6.15,6.44,3.125,3.0,0.0,0.125
Malhar#2,Malhar,g m R S,Malhar/train_[mtVmpXk5ir4]_chunk1.mp3,mtVmpXk5ir4,2.29,2.58,3.125,3.0,0.0,0.125
Malhar#2,Malhar,g m R S,Malhar/train_[mtVmpXk5ir4]_chunk2.mp3,mtVmpXk5ir4,1.67,1.96,3.125,3.0,0.0,0.125
Malhar#2,Malhar,g m R S,Malhar/train_[mtVmpXk5ir4]_chunk2.mp3,mtVmpXk5ir4,10.77,11.06,3.125,3.0,0.0,0.125
Malhar#2,Malhar,g m R S,Malhar/train_[mtVmpXk5ir4]_chunk3.mp3,mtVmpXk5ir4,0.27,0.82,3.138,3.0,0.0,0.138
Malhar#2,Malhar,g m R S,Malhar/train_[81undkurwc8]_chunk4.mp3,81undkurwc8,14.7,15.2,3.143,3.0,0.0,0.143
Malhar#2,Malhar,g m R S,Malhar/train_[eA2_S9Pyds4]_chunk3.mp3,eA2_S9Pyds4,19.88,20.68,3.143,3.0,0.0,0.143
Malhar#2,Malhar,g m R S,Malhar/train_[N9X75HWT79g]_chunk2.mp3,N9X75HWT79g,1.44,1.92,3.148,3.0,0.0,0.148
Malhar#2,Malhar,g m R S,Malhar/train_[mUI_eTmZpEI]_chunk2.mp3,mUI_eTmZpEI,15.0,19.98,3.156,3.0,0.103,0.054
Malhar#2,Malhar,g m R S,Malhar/train_[N9X75HWT79g]_chunk1.mp3,N9X75HWT79g,17.62,18.03,3.174,3.0,0.0,0.174
Malhar#2,Malhar,g m R S,Malhar/train_[N9X75HWT79g]_chunk1.mp3,N9X75HWT79g,0.6,1.01,3.174,3.0,0.0,0.174
Malhar#2,Malhar,g m R S,Malhar/train_[mUI_eTmZpEI]_chunk4.mp3,mUI_eTmZpEI,8.25,8.53,3.188,3.0,0.0,0.188
Malhar#2,Malhar,g m R S,Malhar/train_[N9X75HWT79g]_chunk2.mp3,N9X75HWT79g,5.33,5.69,3.2,3.0,0.0,0.2
Malhar#2,Malhar,g m R S,Malhar/train_[N9X75HWT79g]_chunk4.mp3,N9X75HWT79g,10.97,11.8,3.2,3.0,0.2,0.0
Malhar#2,Malhar,g m R S,Malhar/train_[81undkurwc8]_chunk2.mp3,81undkurwc8,17.88,19.04,3.211,3.0,0.158,0.053
Malhar#2,Malhar,g m R S,Malhar/train_[81undkurwc8]_chunk2.mp3,81undkurwc8,0.12,1.12,3.222,3.0,0.0,0.222
Malhar#2,Malhar,g m R S,Malhar/train_[N9X75HWT79g]_chunk2.mp3,N9X75HWT79g,2.97,3.48,3.231,3.0,0.0,0.231
Malhar#2,Malhar,g m R S,Malhar/train_[N9X75HWT79g]_chunk3.mp3,N9X75HWT79g,13.83,14.13,3.235,3.0,0.0,0.235
Malhar#2,Malhar,g m R S,Malhar/train_[eA2_S9Pyds4]_chunk3.mp3,eA2_S9Pyds4,25.23,25.81,3.242,3.0,0.121,0.121
Malhar#2,Malhar,g m R S,Malhar/train_[81undkurwc8]_chunk4.mp3,81undkurwc8,12.94,13.23,3.25,3.0,0.0,0.25
Malhar#2,Malhar,g m R S,Malhar/train_[N9X75HWT79g]_chunk3.mp3,N9X75HWT79g,0.37,0.66,3.25,3.0,0.0,0.25
Malhar#2,Malhar,g m R S,Malhar/train_[mtVmpXk5ir4]_chunk1.mp3,mtVmpXk5ir4,4.27,4.55,3.25,3.0,0.0,0.25
Malhar#2,Malhar,g m R S,Malhar/train_[N9X75HWT79g]_chunk2.mp3,N9X75HWT79g,0.07,0.64,3.258,3.0,0.0,0.258
Malhar#2,Malhar,g m R S,Malhar/train_[mUI_eTmZpEI]_chunk4.mp3,mUI_eTmZpEI,18.28,18.7,3.261,3.0,0.174,0.087
Malhar#2,Malhar,g m R S,Malhar/train_[N9X75HWT79g]_chunk3.mp3,N9X75HWT79g,4.27,4.6,3.263,3.0,0.158,0.105
Malhar#2,Malhar,g m R S,Malhar/train_[mtVmpXk5ir4]_chunk3.mp3,mtVmpXk5ir4,5.14,5.8,3.297,3.0,0.027,0.27
Malhar#2,Malhar,g m R S,Malhar/train_[81undkurwc8]_chunk3.mp3,81undkurwc8,8.78,9.14,3.3,3.0,0.0,0.3
Malhar#2,Malhar,g m R S,Malhar/train_[mtVmpXk5ir4]_chunk2.mp3,mtVmpXk5ir4,5.39,5.67,3.312,3.0,0.0,0.312
Malhar#2,Malhar,g m R S,Malhar/train_[mtVmpXk5ir4]_chunk3.mp3,mtVmpXk5ir4,13.78,14.19,3.318,3.0,0.136,0.182
Malhar#2,Malhar,g m R S,Malhar/train_[mtVmpXk5ir4]_chunk3.mp3,mtVmpXk5ir4,10.38,10.79,3.348,3.0,0.174,0.174
Malhar#2,Malhar,g m R S,Malhar/train_[mtVmpXk5ir4]_chunk3.mp3,mtVmpXk5ir4,8.14,8.55,3.364,3.0,0.0,0.364
Malhar#2,Malhar,g m R S,Malhar/train_[81undkurwc8]_chunk3.mp3,81undkurwc8,12.3,12.82,3.375,3.0,0.0,0.375
Malhar#2,Malhar,g m R S,Malhar/train_[mtVmpXk5ir4]_chunk1.mp3,mtVmpXk5ir4,12.09,12.37,3.375,3.0,0.0,0.375
Malhar#2,Malhar,g m R S,Malhar/train_[mtVmpXk5ir4]_chunk2.mp3,mtVmpXk5ir4,0.57,0.85,3.375,3.0,0.0,0.375
Malhar#2,Malhar,g m R S,Malhar/train_[N9X75HWT79g]_chunk1.mp3,N9X75HWT79g,3.82,4.36,3.393,3.0,0.0,0.393
Malhar#2,Malhar,g m R S,Malhar/train_[N9X75HWT79g]_chunk1.mp3,N9X75HWT79g,7.77,8.34,3.438,3.0,0.094,0.344
Malhar#2,Malhar,g m R S,Malhar/train_[mUI_eTmZpEI]_chunk4.mp3,mUI_eTmZpEI,16.59,16.89,3.438,3.0,0.0,0.438
Malhar#2,Malhar,g m R S,Malhar/train_[N9X75HWT79g]_chunk1.mp3,N9X75HWT79g,4.2,4.89,3.448,3.0,0.0,0.448
Malhar#2,Malhar,g m R S,Malhar/train_[81undkurwc8]_chunk3.mp3,81undkurwc8,0.04,0.53,3.464,3.0,0.286,0.179
Malhar#2,Malhar,g m R S,Malhar/train_[81undkurwc8]_chunk3.mp3,81undkurwc8,17.3,17.87,3.469,3.0,0.344,0.125
Malhar#3,Malhar,",n D ,N S",Malhar/train_[joxB9QNW918]_chunk3.mp3,joxB9QNW918,6.51,8.46,0.0,0.0,0.0,0.0
Malhar#3,Malhar,",n D ,N S",Malhar/train_[joxB9QNW918]_chunk4.mp3,joxB9QNW918,14.08,15.24,0.0,0.0,0.0,0.0
Malhar#3,Malhar,",n D ,N S",Malhar/train_[joxB9QNW918]_chunk4.mp3,joxB9QNW918,18.56,19.77,0.0,0.0,0.0,0.0
Malhar#3,Malhar,",n D ,N S",Malhar/train_[IyqWi5oPpJs]_chunk2.mp3,IyqWi5oPpJs,16.28,16.96,0.028,0.0,0.028,0.0
Malhar#3,Malhar,",n D ,N S",Malhar/train_[mUI_eTmZpEI]_chunk4.mp3,mUI_eTmZpEI,12.92,14.08,0.043,0.0,0.0,0.043
Malhar#3,Malhar,",n D ,N S",Malhar/train_[mUI_eTmZpEI]_chunk4.mp3,mUI_eTmZpEI,17.3,18.1,0.057,0.057,0.0,0.0
Malhar#3,Malhar,",n D ,N S",Malhar/train_[81undkurwc8]_chunk4.mp3,81undkurwc8,13.32,14.03,0.114,0.0,0.114,0.0
Malhar#3,Malhar,",n D ,N S",Malhar/train_[81undkurwc8]_chunk0.mp3,81undkurwc8,17.97,18.44,0.115,0.0,0.038,0.077
Malhar#3,Malhar,",n D ,N S",Malhar/train_[81undkurwc8]_chunk1.mp3,81undkurwc8,9.51,9.92,0.13,0.043,0.087,0.0
Malhar#3,Malhar,",n D ,N S",Malhar/train_[IyqWi5oPpJs]_chunk0.mp3,IyqWi5oPpJs,14.58,15.0,0.13,0.0,0.13,0.0
Malhar#3,Malhar,",n D ,N S",Malhar/train_[mUI_eTmZpEI]_chunk4.mp3,mUI_eTmZpEI,7.57,8.14,0.133,0.0,0.0,0.133
Malhar#3,Malhar,",n D ,N S",Malhar/train_[joxB9QNW918]_chunk2.mp3,joxB9QNW918,5.96,6.24,0.134,0.134,0.0,0.0
Malhar#3,Malhar,",n D ,N S",Malhar/train_[joxB9QNW918]_chunk2.mp3,joxB9QNW918,5.96,7.91,0.134,0.134,0.0,0.0
Malhar#3,Malhar,",n D ,N S",Malhar/train_[81undkurwc8]_chunk0.mp3,81undkurwc8,17.97,20.0,0.145,0.03,0.092,0.023
Malhar#3,Malhar,",n D ,N S",Malhar/train_[mUI_eTmZpEI]_chunk4.mp3,mUI_eTmZpEI,5.56,6.35,0.158,0.158,0.0,0.0
Malhar#3,Malhar,",n D ,N S",Malhar/train_[81undkurwc8]_chunk4.mp3,81undkurwc8,5.97,6.6,0.167,0.0,0.167,0.0
Malhar#3,Malhar,",n D ,N S",Malhar/train_[IyqWi5oPpJs]_chunk0.mp3,IyqWi5oPpJs,11.08,11.8,0.172,0.097,0.075,0.0
Malhar#3,Malhar,",n D ,N S",Malhar/train_[N9X75HWT79g]_chunk4.mp3,N9X75HWT79g,10.36,10.72,0.211,0.0,0.105,0.105
Malhar#3,Malhar,",n D ,N S",Malhar/train_[mUI_eTmZpEI]_chunk0.mp3,mUI_eTmZpEI,22.49,25.69,0.219,0.208,0.011,0.0
Malhar#3,Malhar,",n D ,N S",Malhar/train_[81undkurwc8]_chunk0.mp3,81undkurwc8,8.64,9.49,0.232,0.107,0.031,0.094
Malhar#3,Malhar,",n D ,N S",Malhar/train_[81undkurwc8]_chunk1.mp3,81undkurwc8,1.92,2.42,0.263,0.263,0.0,0.0
Malhar#3,Malhar,",n D ,N S",Malhar/train_[81undkurwc8]_chunk1.mp3,81undkurwc8,1.92,3.93,0.263,0.263,0.0,0.0
Malhar#3,Malhar,",n D ,N S",Malhar/train_[81undkurwc8]_chunk3.mp3,81undkurwc8,2.17,2.68,0.27,0.063,0.138,0.069
Malhar#3,Malhar,",n D ,N S",Malhar/train_[eA2_S9Pyds4]_chunk4.mp3,eA2_S9Pyds4,22.72,23.15,0.291,0.161,0.13,0.0
Malhar#3,Malhar,",n D ,N S",Malhar/train_[N9X75HWT79g]_chunk1.mp3,N9X75HWT79g,18.83,19.47,0.324,0.261,0.062,0.0
Malhar#3,Malhar,",n D ,N S",Malhar/train_[eA2_S9Pyds4]_chunk2.mp3,eA2_S9Pyds4,17.33,17.65,0.37,0.37,0.0,0.0
Malhar#3,Malhar,",n D ,N S",Malhar/train_[IyqWi5oPpJs]_chunk1.mp3,IyqWi5oPpJs,14.49,15.13,0.379,0.324,0.056,0.0
Malhar#3,Malhar,",n D ,N S",Malhar/train_[eA2_S9Pyds4]_chunk1.mp3,eA2_S9Pyds4,13.21,13.64,0.381,0.131,0.208,0.042
Malhar#3,Malhar,",n D ,N S",Malhar/train_[N9X75HWT79g]_chunk1.mp3,N9X75HWT79g,11.04,12.64,0.408,0.408,0.0,0.0
Malhar#3,Malhar,",n D ,N S",Malhar/train_[mUI_eTmZpEI]_chunk3.mp3,mUI_eTmZpEI,5.83,8.59,0.429,0.429,0.0,0.0
Malhar#3,Malhar,",n D ,N S",Malhar/train_[N9X75HWT79g]_chunk3.mp3,N9X75HWT79g,15.48,16.12,0.495,0.067,0.429,0.0
Malhar#3,Malhar,",n D ,N S",Malhar/train_[joxB9QNW918]_chunk0.mp3,joxB9QNW918,6.28,6.67,0.504,0.266,0.238,0.0
Malhar#3,Malhar,",n D ,N S",Malhar/train_[joxB9QNW918]_chunk3.mp3,joxB9QNW918,3.29,3.73,0.514,0.468,0.045,0.0
Malhar#3,Malhar,",n D ,N S",Malhar/train_[mUI_eTmZpEI]_chunk2.mp3,mUI_eTmZpEI,3.47,3.77,0.53,0.471,0.059,0.0
Malhar#3,Malhar,",n D ,N S",Malhar/train_[joxB9QNW918]_chunk3.mp3,joxB9QNW918,3.29,5.37,0.569,0.468,0.101,0.0
Malhar#3,Malhar,",n D ,N S",Malhar/train_[eA2_S9Pyds4]_chunk1.mp3,eA2_S9Pyds4,1.05,1.53,0.579,0.319,0.259,0.0
Malhar#3,Malhar,",n D ,N S",Malhar/train_[eA2_S9Pyds4]_chunk1.mp3,eA2_S9Pyds4,2.08,2.36,0.589,0.589,0.0,0.0
Malhar#3,Malhar,",n D ,N S",Malhar/train_[N9X75HWT79g]_chunk4.mp3,N9X75HWT79g,12.34,12.71,0.593,0.45,0.095,0.048
Malhar#3,Malhar,",n D ,N S",Malhar/train_[mUI_eTmZpEI]_chunk4.mp3,mUI_eTmZpEI,0.87,1.6,0.599,0.542,0.057,0.0
Malhar#3,Malhar,",n D ,N S",Malhar/train_[N9X75HWT79g]_chunk4.mp3,N9X75HWT79g,10.45,11.27,0.6,0.0,0.556,0.044
Malhar#3,Malhar,",n D ,N S",Malhar/train_[mUI_eTmZpEI]_chunk2.mp3,mUI_eTmZpEI,12.46,12.78,0.608,0.608,0.0,0.0
Malhar#3,Malhar,",n D ,N S",Malhar/train_[81undkurwc8]_chunk4.mp3,81undkurwc8,19.66,20.0,0.613,0.35,0.105,0.158
Malhar#3,Malhar,",n D ,N S",Malhar/train_[eA2_S9Pyds4]_chunk4.mp3,eA2_S9Pyds4,2.03,2.31,0.619,0.619,0.0,0.0
Malhar#3,Malhar,",n D ,N S",Malhar/train_[eA2_S9Pyds4]_chunk4.mp3,eA2_S9Pyds4,9.49,9.97,0.622,0.289,0.333,0.0
Malhar#3,Malhar,",n D ,N S",Malhar/train_[eA2_S9Pyds4]_chunk4.mp3,eA2_S9Pyds4,8.12,8.6,0.629,0.37,0.259,0.0
Malhar#3,Malhar,",n D ,N S",Malhar/train_[eA2_S9Pyds4]_chunk3.mp3,eA2_S9Pyds4,7.68,8.02,0.65,0.65,0.0,0.0
Malhar#3,Malhar,",n D ,N S",Malhar/train_[mUI_eTmZpEI]_chunk3.mp3,mUI_eTmZpEI,5.83,6.77,0.658,0.658,0.0,0.0
Malhar#3,Malhar,",n D ,N S",Malhar/train_[joxB9QNW918]_chunk1.mp3,joxB9QNW918,18.67,19.04,0.706,0.468,0.238,0.0
Malhar#3,Malhar,",n D ,N S",Malhar/train_[eA2_S9Pyds4]_chunk1.mp3,eA2_S9Pyds4,0.64,1.03,0.73,0.639,0.091,0.0
Malhar#3,Malhar,",n D ,N S",Malhar/train_[joxB9QNW918]_chunk3.mp3,joxB9QNW918,6.51,7.16,0.732,0.732,0.0,0.0
Malhar#3,Malhar,",n D ,N S",Malhar/train_[eA2_S9Pyds4]_chunk0.mp3,eA2_S9Pyds4,11.47,11.98,0.739,0.739,0.0,0.0
Malhar#3,Malhar,",n D ,N S",Malhar/train_[joxB9QNW918]_chunk4.mp3,joxB9QNW918,6.81,8.76,0.743,0.732,0.011,0.0
Malhar#3,Malhar,",n D ,N S",Malhar/train_[IyqWi5oPpJs]_chunk0.mp3,IyqWi5oPpJs,10.84,11.32,0.745,0.697,0.048,0.0
Malhar#3,Malhar,",n D ,N S",Malhar/train_[IyqWi5oPpJs]_chunk2.mp3,IyqWi5oPpJs,15.57,16.07,0.768,0.447,0.321,0.0
Malhar#3,Malhar,",n D ,N S",Malhar/train_[mUI_eTmZpEI]_chunk3.mp3,mUI_eTmZpEI,1.71,3.4,0.776,0.708,0.067,0.0
Malhar#3,Malhar,",n D ,N S",Malhar/train_[eA2_S9Pyds4]_chunk1.mp3,eA2_S9Pyds4,21.83,22.26,0.78,0.489,0.292,0.0
Malhar#3,Malhar,",n D ,N S",Malhar/train_[eA2_S9Pyds4]_chunk2.mp3,eA2_S9Pyds4,16.14,16.46,0.809,0.75,0.059,0.0
Malhar#3,Malhar,",n D ,N S",Malhar/train_[N9X75HWT79g]_chunk1.mp3,N9X75HWT79g,11.04,11.38,0.834,0.834,0.0,0.0
Malhar#3,Malhar,",n D ,N S",Malhar/train_[eA2_S9Pyds4]_chunk3.mp3,eA2_S9Pyds4,26.13,26.52,0.839,0.839,0.0,0.0
Malhar#3,Malhar,",n D ,N S",Malhar/train_[eA2_S9Pyds4]_chunk3.mp3,eA2_S9Pyds4,27.72,28.0,0.839,0.839,0.0,0.0
Malhar#3,Malhar,",n D ,N S",Malhar/train_[mUI_eTmZpEI]_chunk2.mp3,mUI_eTmZpEI,1.17,1.46,0.842,0.842,0.0,0.0
Malhar#3,Malhar,",n D ,N S",Malhar/train_[N9X75HWT79g]_chunk2.mp3,N9X75HWT79g,0.57,0.91,0.858,0.858,0.0,0.0
Malhar#3,Malhar,",n D ,N S",Malhar/train_[N9X75HWT79g]_chunk3.mp3,N9X75HWT79g,15.16,15.45,0.858,0.858,0.0,0.0
Malhar#3,Malhar,",n D ,N S",Malhar/train_[joxB9QNW918]_chunk0.mp3,joxB9QNW918,15.73,16.04,0.859,0.8,0.059,0.0
Malhar#3,Malhar,",n D ,N S",Malhar/train_[eA2_S9Pyds4]_chunk4.mp3,eA2_S9Pyds4,4.69,5.16,0.87,0.639,0.231,0.0
Malhar#3,Malhar,",n D ,N S",Malhar/train_[IyqWi5oPpJs]_chunk2.mp3,IyqWi5oPpJs,16.09,16.53,0.873,0.553,0.32,0.0
Malhar#3,Malhar,",n D ,N S",Malhar/train_[joxB9QNW918]_chunk3.mp3,joxB9QNW918,19.02,19.4,0.877,0.782,0.095,0.0
Malhar#3,Malhar,",n D ,N S",Malhar/train_[mUI_eTmZpEI]_chunk3.mp3,mUI_eTmZpEI,22.67,23.13,0.896,0.858,0.038,0.0
Malhar#3,Malhar,",n D ,N S",Malhar/train_[eA2_S9Pyds4]_chunk0.mp3,eA2_S9Pyds4,11.47,12.36,0.906,0.739,0.167,0.0
Malhar#3,Malhar,",n D ,N S",Malhar/train_[IyqWi5oPpJs]_chunk2.mp3,IyqWi5oPpJs,4.02,4.46,0.916,0.876,0.04,0.0
Malhar#3,Malhar,",n D ,N S",Malhar/train_[N9X75HWT79g]_chunk2.mp3,N9X75HWT79g,2.56,2.88,0.927,0.816,0.111,0.0
Malhar#3,Malhar,",n D ,N S",Malhar/train_[eA2_S9Pyds4]_chunk2.mp3,eA2_S9Pyds4,14.17,14.74,0.939,0.889,0.05,0.0
Malhar#3,Malhar,",n D ,N S",Malhar/train_[joxB9QNW918]_chunk2.mp3,joxB9QNW918,17.05,17.58,0.985,0.768,0.174,0.043
Malhar#3,Malhar,",n D ,N S",Malhar/train_[eA2_S9Pyds4]_chunk3.mp3,eA2_S9Pyds4,9.8,10.28,0.989,0.989,0.0,0.0
Malhar#3,Malhar,",n D ,N S",Malhar/train_[81undkurwc8]_chunk3.mp3,81undkurwc8,6.68,7.02,1.014,0.857,0.105,0.053
Malhar#3,Malhar,",n D ,N S",Malhar/train_[IyqWi5oPpJs]_chunk0.mp3,IyqWi5oPpJs,14.31,14.79,1.034,0.803,0.231,0.0
Malhar#3,Malhar,",n D ,N S",Malhar/train_[eA2_S9Pyds4]_chunk0.mp3,eA2_S9Pyds4,22.13,22.52,1.039,1.039,0.0,0.0
Malhar#3,Malhar,",n D ,N S",Malhar/train_[eA2_S9Pyds4]_chunk0.mp3,eA2_S9Pyds4,2.38,2.74,1.039,1.039,0.0,0.0
Malhar#3,Malhar,",n D ,N S",Malhar/train_[N9X75HWT79g]_chunk2.mp3,N9X75HWT79g,4.46,4.75,1.075,0.95,0.0,0.125
Malhar#3,Malhar,",n D ,N S",Malhar/train_[mUI_eTmZpEI]_chunk0.mp3,mUI_eTmZpEI,22.49,23.27,1.104,1.058,0.045,0.0
Malhar#3,Malhar,",n D ,N S",Malhar/train_[eA2_S9Pyds4]_chunk2.mp3,eA2_S9Pyds4,5.53,5.88,1.111,1.111,0.0,0.0
Malhar#3,Malhar,",n D ,N S",Malhar/train_[eA2_S9Pyds4]_chunk0.mp3,eA2_S9Pyds4,16.52,16.8,1.111,1.111,0.0,0.0
Malhar#3,Malhar,",n D ,N S",Malhar/train_[N9X75HWT79g]_chunk0.mp3,N9X75HWT79g,18.35,18.76,1.116,1.116,0.0,0.0
Malhar#3,Malhar,",n D ,N S",Malhar/train_[eA2_S9Pyds4]_chunk2.mp3,eA2_S9Pyds4,1.28,1.6,1.139,1.139,0.0,0.0
Malhar#3,Malhar,",n D ,N S",Malhar/train_[IyqWi5oPpJs]_chunk4.mp3,IyqWi5oPpJs,2.7,3.45,1.15,1.15,0.0,0.0
Malhar#3,Malhar,",n D ,N S",Malhar/train_[N9X75HWT79g]_chunk3.mp3,N9X75HWT79g,10.29,10.84,1.157,0.834,0.323,0.0
Malhar#3,Malhar,",n D ,N S",Malhar/train_[mUI_eTmZpEI]_chunk1.mp3,mUI_eTmZpEI,1.69,2.04,1.158,0.858,0.0,0.3
Malhar#3,Malhar,",n D ,N S",Malhar/train_[N9X75HWT79g]_chunk3.mp3,N9X75HWT79g,17.32,17.88,1.166,0.908,0.258,0.0
Malhar#3,Malhar,",n D ,N S",Malhar/train_[joxB9QNW918]_chunk2.mp3,joxB9QNW918,1.64,3.08,1.214,1.132,0.082,0.0
Malhar#3,Malhar,",n D ,N S",Malhar/train_[81undkurwc8]_chunk1.mp3,81undkurwc8,10.38,10.74,1.237,1.237,0.0,0.0
Malhar#3,Malhar,",n D ,N S",Malhar/train_[81undkurwc8]_chunk1.mp3,81undkurwc8,11.31,11.59,1.287,1.287,0.0,0.0
Malhar#3,Malhar,",n D ,N S",Malhar/train_[81undkurwc8]_chunk0.mp3,81undkurwc8,5.48,5.8,1.337,1.337,0.0,0.0
Malhar#3,Malhar,",n D ,N S",Malhar/train_[joxB9QNW918]_chunk0.mp3,joxB9QNW918,10.03,10.33,1.358,1.182,0.059,0.118
Malhar#3,Malhar,",n D ,N S",Malhar/train_[eA2_S9Pyds4]_chunk3.mp3,eA2_S9Pyds4,9.24,9.78,1.371,1.061,0.31,0.0
Malhar#3,Malhar,",n D ,N S",Malhar/train_[mUI_eTmZpEI]_chunk3.mp3,mUI_eTmZpEI,17.65,17.97,1.392,1.392,0.0,0.0
Malhar#3,Malhar,",n D ,N S",Malhar/train_[N9X75HWT79g]_chunk0.mp3,N9X75HWT79g,18.35,19.36,1.405,1.116,0.289,0.0
Malhar#3,Malhar,",n D ,N S",Malhar/train_[IyqWi5oPpJs]_chunk4.mp3,IyqWi5oPpJs,10.9,11.98,1.447,1.447,0.0,0.0
Malhar#3,Malhar,",n D ,N S",Malhar/train_[IyqWi5oPpJs]_chunk4.mp3,IyqWi5oPpJs,10.9,11.18,1.447,1.447,0.0,0.0
Malhar#3,Malhar,",n D ,N S",Malhar/train_[IyqWi5oPpJs]_chunk1.mp3,IyqWi5oPpJs,13.53,13.81,1.547,1.547,0.0,0.0
Malhar#3,Malhar,",n D ,N S",Malhar/train_[IyqWi5oPpJs]_chunk2.mp3,IyqWi5oPpJs,4.44,4.89,1.58,1.5,0.08,0.0
Malhar#3,Malhar,",n D ,N S",Malhar/train_[joxB9QNW918]_chunk0.mp3,joxB9QNW918,14.38,14.79,1.596,1.232,0.227,0.136
Malhar#3,Malhar,",n D ,N S",Malhar/train_[N9X75HWT79g]_chunk2.mp3,N9X75HWT79g,12.41,13.21,1.606,1.584,0.022,0.0
Malhar#3,Malhar,",n D ,N S",Malhar/train_[joxB9QNW918]_chunk1.mp3,joxB9QNW918,2.67,3.06,1.718,1.718,0.0,0.0
Malhar#3,Malhar,",n D ,N S",Malhar/train_[joxB9QNW918]_chunk4.mp3,joxB9QNW918,6.81,7.79,1.762,1.732,0.03,0.0
Malhar#3,Malhar,",n D ,N S",Malhar/train_[joxB9QNW918]_chunk0.mp3,joxB9QNW918,17.58,17.87,1.768,1.768,0.0,0.0
Malhar#3,Malhar,",n D ,N S",Malhar/train_[81undkurwc8]_chunk3.mp3,81undkurwc8,11.72,12.04,1.843,1.843,0.0,0.0
Malhar#3,Malhar,",n D ,N S",Malhar/train_[81undkurwc8]_chunk2.mp3,81undkurwc8,15.41,15.72,1.872,1.813,0.059,0.0
Malhar#3,Malhar,",n D ,N S",Malhar/train_[joxB9QNW918]_chunk2.mp3,joxB9QNW918,13.0,14.72,1.968,1.968,0.0,0.0
Malhar#3,Malhar,",n D ,N S",Malhar/train_[N9X75HWT79g]_chunk2.mp3,N9X75HWT79g,13.24,13.71,2.066,2.066,0.0,0.0
Malhar#3,Malhar,",n D ,N S",Malhar/train_[mUI_eTmZpEI]_chunk1.mp3,mUI_eTmZpEI,22.29,23.24,2.252,0.079,0.038,0.135
Malhar#3,Malhar,",n D ,N S",Malhar/train_[N9X75HWT79g]_chunk4.mp3,N9X75HWT79g,14.28,14.65,2.297,0.916,0.238,0.143
Malhar#3,Malhar,",n D ,N S",Malhar/train_[mUI_eTmZpEI]_chunk0.mp3,mUI_eTmZpEI,22.44,22.72,2.308,2.308,0.0,0.0
Malhar#3,Malhar,",n D ,N S",Malhar/train_[joxB9QNW918]_chunk4.mp3,joxB9QNW918,18.56,18.99,2.332,2.332,0.0,0.0
Malhar#3,Malhar,",n D ,N S",Malhar/train_[81undkurwc8]_chunk0.mp3,81undkurwc8,0.11,0.44,2.387,1.387,0.0,0.0
Malhar#3,Malhar,",n D ,N S",Malhar/train_[mUI_eTmZpEI]_chunk2.mp3,mUI_eTmZpEI,9.9,10.38,2.508,2.508,0.0,0.0
Malhar#3,Malhar,",n D ,N S",Malhar/train_[81undkurwc8]_chunk2.mp3,81undkurwc8,16.05,16.6,2.574,2.313,0.087,0.174
Malhar#3,Malhar,",n D ,N S",Malhar/train_[IyqWi5oPpJs]_chunk1.mp3,IyqWi5oPpJs,8.16,8.8,2.597,2.597,0.0,0.0
Malhar#3,Malhar,",n D ,N S",Malhar/train_[81undkurwc8]_chunk2.mp3,81undkurwc8,1.92,2.22,2.646,2.587,0.0,0.059
Malhar#3,Malhar,",n D ,N S",Malhar/train_[IyqWi5oPpJs]_chunk1.mp3,IyqWi5oPpJs,5.6,5.97,2.653,2.653,0.0,0.0
Malhar#3,Malhar,",n D ,N S",Malhar/train_[N9X75HWT79g]_chunk4.mp3,N9X75HWT79g,9.58,9.92,2.692,2.534,0.158,0.0
Malhar#3,Malhar,",n D ,N S",Malhar/train_[mUI_eTmZpEI]_chunk1.mp3,mUI_eTmZpEI,11.13,12.07,2.708,2.708,0.0,0.0
Malhar#3,Malhar,",n D ,N S",Malhar/train_[mUI_eTmZpEI]_chunk2.mp3,mUI_eTmZpEI,11.95,12.25,2.808,2.808,0.0,0.0
Malhar#3,Malhar,",n D ,N S",Malhar/train_[mUI_eTmZpEI]_chunk1.mp3,mUI_eTmZpEI,26.35,26.63,2.829,2.829,0.0,0.0
Malhar#3,Malhar,",n D ,N S",Malhar/train_[mUI_eTmZpEI]_chunk1.mp3,mUI_eTmZpEI,1.16,1.44,2.829,2.829,0.0,0.0
Malhar#3,Malhar,",n D ,N S",Malhar/train_[IyqWi5oPpJs]_chunk3.mp3,IyqWi5oPpJs,10.47,11.11,2.832,2.774,0.0,0.059
Malhar#3,Malhar,",n D ,N S",Malhar/train_[mUI_eTmZpEI]_chunk0.mp3,mUI_eTmZpEI,14.1,15.02,2.842,2.842,0.0,0.0
Malhar#3,Malhar,",n D ,N S",Malhar/train_[N9X75HWT79g]_chunk3.mp3,N9X75HWT79g,10.65,10.95,2.842,2.842,0.0,0.0
Malhar#3,Malhar,",n D ,N S",Malhar/train_[81undkurwc8]_chunk4.mp3,81undkurwc8,12.41,12.94,2.843,2.843,0.0,0.0
Malhar#3,Malhar,",n D ,N S",Malhar/train_[mUI_eTmZpEI]_chunk0.mp3,mUI_eTmZpEI,21.51,21.8,2.858,2.858,0.0,0.0
Malhar#3,Malhar,",n D ,N S",Malhar/train_[N9X75HWT79g]_chunk0.mp3,N9X75HWT79g,10.77,11.09,2.892,2.892,0.0,0.0
Malhar#3,Malhar,",n D ,N S",Malhar/train_[81undkurwc8]_chunk4.mp3,81undkurwc8,8.07,8.36,2.913,2.913,0.0,0.0
Malhar#3,Malhar,",n D ,N S",Malhar/train_[joxB9QNW918]_chunk1.mp3,joxB9QNW918,18.52,18.81,2.934,2.934,0.0,0.0
Malhar#3,Malhar,",n D ,N S",Malhar/train_[IyqWi5oPpJs]_chunk1.mp3,IyqWi5oPpJs,9.97,10.56,2.947,2.947,0.0,0.0
Malhar#3,Malhar,",n D ,N S",Malhar/train_[81undkurwc8]_chunk2.mp3,81undkurwc8,2.06,2.6,3.0,3.0,0.0,0.0
Malhar#3,Malhar,",n D ,N S",Malhar/train_[IyqWi5oPpJs]_chunk0.mp3,IyqWi5oPpJs,12.12,12.44,3.0,3.0,0.0,0.0
Malhar#3,Malhar,",n D ,N S",Malhar/train_[IyqWi5oPpJs]_chunk3.mp3,IyqWi5oPpJs,16.91,17.37,3.0,3.0,0.0,0.0
Malhar#3,Malhar,",n D ,N S",Malhar/train_[IyqWi5oPpJs]_chunk3.mp3,IyqWi5oPpJs,19.36,19.68,3.0,3.0,0.0,0.0
Malhar#3,Malhar,",n D ,N S",Malhar/train_[IyqWi5oPpJs]_chunk3.mp3,IyqWi5oPpJs,10.03,10.31,3.0,3.0,0.0,0.0
Malhar#3,Malhar,",n D ,N S",Malhar/train_[IyqWi5oPpJs]_chunk3.mp3,IyqWi5oPpJs,10.36,10.67,3.0,3.0,0.0,0.0
Malhar#3,Malhar,",n D ,N S",Malhar/train_[IyqWi5oPpJs]_chunk4.mp3,IyqWi5oPpJs,3.61,3.89,3.0,3.0,0.0,0.0
Malhar#3,Malhar,",n D ,N S",Malhar/train_[IyqWi5oPpJs]_chunk4.mp3,IyqWi5oPpJs,10.58,10.92,3.0,3.0,0.0,0.0
Malhar#3,Malhar,",n D ,N S",Malhar/train_[N9X75HWT79g]_chunk0.mp3,N9X75HWT79g,13.44,13.9,3.0,3.0,0.0,0.0
Malhar#3,Malhar,",n D ,N S",Malhar/train_[N9X75HWT79g]_chunk0.mp3,N9X75HWT79g,11.86,12.23,3.0,3.0,0.0,0.0
Malhar#3,Malhar,",n D ,N S",Malhar/train_[N9X75HWT79g]_chunk1.mp3,N9X75HWT79g,9.81,10.15,3.0,3.0,0.0,0.0
Malhar#3,Malhar,",n D ,N S",Malhar/train_[joxB9QNW918]_chunk1.mp3,joxB9QNW918,3.18,3.88,3.0,3.0,0.0,0.0
Malhar#3,Malhar,",n D ,N S",Malhar/train_[joxB9QNW918]_chunk1.mp3,joxB9QNW918,8.87,9.16,3.0,3.0,0.0,0.0
Malhar#3,Malhar,",n D ,N S",Malhar/train_[mtVmpXk5ir4]_chunk0.mp3,mtVmpXk5ir4,9.67,9.96,3.0,3.0,0.0,0.0
Malhar#3,Malhar,",n D ,N S",Malhar/train_[mtVmpXk5ir4]_chunk1.mp3,mtVmpXk5ir4,17.72,18.01,3.0,3.0,0.0,0.0
Malhar#3,Malhar,",n D ,N S",Malhar/train_[mtVmpXk5ir4]_chunk1.mp3,mtVmpXk5ir4,18.58,18.86,3.0,3.0,0.0,0.0
Malhar#3,Malhar,",n D ,N S",Malhar/train_[mtVmpXk5ir4]_chunk1.mp3,mtVmpXk5ir4,18.35,18.63,3.0,3.0,0.0,0.0
Malhar#3,Malhar,",n D ,N S",Malhar/train_[mtVmpXk5ir4]_chunk1.mp3,mtVmpXk5ir4,17.56,17.85,3.0,3.0,0.0,0.0
Malhar#3,Malhar,",n D ,N S",Malhar/train_[mtVmpXk5ir4]_chunk2.mp3,mtVmpXk5ir4,7.2,7.48,3.0,3.0,0.0,0.0
Malhar#3,Malhar,",n D ,N S",Malhar/train_[mtVmpXk5ir4]_chunk3.mp3,mtVmpXk5ir4,19.36,19.64,3.0,3.0,0.0,0.0
Malhar#3,Malhar,",n D ,N S",Malhar/train_[mtVmpXk5ir4]_chunk4.mp3,mtVmpXk5ir4,9.08,9.37,3.0,3.0,0.0,0.0
Malhar#3,Malhar,",n D ,N S",Malhar/train_[mtVmpXk5ir4]_chunk4.mp3,mtVmpXk5ir4,8.92,9.21,3.0,3.0,0.0,0.0
Malhar#3,Malhar,",n D ,N S",Malhar/train_[mtVmpXk5ir4]_chunk4.mp3,mtVmpXk5ir4,7.15,7.43,3.0,3.0,0.0,0.0
Malhar#3,Malhar,",n D ,N S",Malhar/train_[mtVmpXk5ir4]_chunk4.mp3,mtVmpXk5ir4,5.85,6.13,3.0,3.0,0.0,0.0
Malhar#3,Malhar,",n D ,N S",Malhar/train_[mtVmpXk5ir4]_chunk4.mp3,mtVmpXk5ir4,1.72,2.01,3.0,3.0,0.0,0.0
Malhar#3,Malhar,",n D ,N S",Malhar/train_[mtVmpXk5ir4]_chunk0.mp3,mtVmpXk5ir4,10.74,11.02,3.062,3.0,0.0,0.062
Malhar#3,Malhar,",n D ,N S",Malhar/train_[mtVmpXk5ir4]_chunk0.mp3,mtVmpXk5ir4,14.54,14.83,3.125,3.0,0.0,0.125
Malhar#3,Malhar,",n D ,N S",Malhar/train_[mtVmpXk5ir4]_chunk0.mp3,mtVmpXk5ir4,14.38,14.67,3.125,3.0,0.0,0.125
Malhar#3,Malhar,",n D ,N S",Malhar/train_[mtVmpXk5ir4]_chunk0.mp3,mtVmpXk5ir4,16.82,17.1,3.125,3.0,0.0,0.125
Malhar#3,Malhar,",n D ,N S",Malhar/train_[mtVmpXk5ir4]_chunk1.mp3,mtVmpXk5ir4,2.29,2.58,3.125,3.0,0.0,0.125
Malhar#3,Malhar,",n D ,N S",Malhar/train_[mtVmpXk5ir4]_chunk2.mp3,mtVmpXk5ir4,1.67,1.96,3.125,3.0,0.0,0.125
Malhar#3,Malhar,",n D ,N S",Malhar/train_[81undkurwc8]_chunk3.mp3,81undkurwc8,1.0,1.64,3.25,3.0,0.056,0.194
Malhar#3,Malhar,",n D ,N S",Malhar/train_[mtVmpXk5ir4]_chunk2.mp3,mtVmpXk5ir4,5.37,5.65,3.25,3.0,0.0,0.25
Malhar#3,Malhar,",n D ,N S",Malhar/train_[mtVmpXk5ir4]_chunk3.mp3,mtVmpXk5ir4,2.44,2.95,3.276,3.0,0.0,0.276
Malhar#3,Malhar,",n D ,N S",Malhar/train_[81undkurwc8]_chunk2.mp3,81undkurwc8,0.2,0.92,3.333,3.0,0.111,0.222
Malhar#3,Malhar,",n D ,N S",Malhar/train_[81undkurwc8]_chunk3.mp3,81undkurwc8,12.39,12.82,3.375,3.0,0.0,0.375
Malhar#3,Malhar,",n D ,N S",Malhar/train_[mtVmpXk5ir4]_chunk2.mp3,mtVmpXk5ir4,13.33,13.62,3.375,3.0,0.0,0.375
Malhar#3,Malhar,",n D ,N S",Malhar/train_[mtVmpXk5ir4]_chunk3.mp3,mtVmpXk5ir4,5.1,5.39,3.375,3.0,0.0,0.375
Malhar#3,Malhar,",n D ,N S",Malhar/train_[mtVmpXk5ir4]_chunk3.mp3,mtVmpXk5ir4,5.67,5.96,3.375,3.0,0.0,0.375
Malhar#3,Malhar,",n D ,N S",Malhar/train_[N9X75HWT79g]_chunk1.mp3,N9X75HWT79g,15.24,15.89,3.429,3.0,0.0,0.429
Malhar#3,Malhar,",n D ,N S",Malhar/train_[mtVmpXk5ir4]_chunk2.mp3,mtVmpXk5ir4,10.92,11.2,3.438,3.0,0.0,0.438
Malhar#3,Malhar,",n D ,N S",Malhar/train_[mtVmpXk5ir4]_chunk3.mp3,mtVmpXk5ir4,8.57,8.96,3.5,3.0,0.2,0.3
Malkauns#0,Malkauns,",d ,n S g m",Malkauns/train_[g8Su1mShMKc]_chunk0.mp3,g8Su1mShMKc,36.23,37.72,0.049,0.0,0.049,0.0
Malkauns#0,Malkauns,",d ,n S g m",Malkauns/train_[4DQZkKgACeA]_chunk1.mp3,4DQZkKgACeA,9.33,10.99,0.054,0.0,0.0,0.054
Malkauns#0,Malkauns,",d ,n S g m",Malkauns/train_[VPnftPyRQDo]_chunk1.mp3,VPnftPyRQDo,14.45,15.5,0.184,0.011,0.173,0.0
Malkauns#0,Malkauns,",d ,n S g m",Malkauns/train_[HTXm4asuA4s]_chunk4.mp3,HTXm4asuA4s,18.28,19.18,0.253,0.096,0.118,0.039
Malkauns#0,Malkauns,",d ,n S g m",Malkauns/train_[g8Su1mShMKc]_chunk3.mp3,g8Su1mShMKc,7.63,8.48,0.395,0.173,0.222,0.0
Malkauns#0,Malkauns,",d ,n S g m",Malkauns/train_[4DQZkKgACeA]_chunk4.mp3,4DQZkKgACeA,15.02,15.86,0.458,0.162,0.295,0.0
Malkauns#0,Malkauns,",d ,n S g m",Malkauns/train_[g8Su1mShMKc]_chunk3.mp3,g8Su1mShMKc,14.36,15.43,0.487,0.154,0.3,0.033
Malkauns#0,Malkauns,",d ,n S g m",Malkauns/train_[u10S3f-p3Wk]_chunk4.mp3,u10S3f-p3Wk,10.26,10.86,0.55,0.227,0.294,0.029
Malkauns#0,Malkauns,",d ,n S g m",Malkauns/train_[4DQZkKgACeA]_chunk3.mp3,4DQZkKgACeA,23.15,23.79,0.566,0.338,0.229,0.0
Malkauns#0,Malkauns,",d ,n S g m",Malkauns/train_[VPnftPyRQDo]_chunk0.mp3,VPnftPyRQDo,12.62,13.58,0.715,0.678,0.037,0.0
Malkauns#0,Malkauns,",d ,n S g m",Malkauns/train_[4DQZkKgACeA]_chunk4.mp3,4DQZkKgACeA,25.21,25.97,0.718,0.625,0.093,0.0
Malkauns#0,Malkauns,",d ,n S g m",Malkauns/train_[u10S3f-p3Wk]_chunk2.mp3,u10S3f-p3Wk,7.8,8.3,0.821,0.75,0.071,0.0
Malkauns#0,Malkauns,",d ,n S g m",Malkauns/train_[g8Su1mShMKc]_chunk3.mp3,g8Su1mShMKc,21.05,21.72,0.829,0.6,0.2,0.029
Malkauns#0,Malkauns,",d ,n S g m",Malkauns/train_[g8Su1mShMKc]_chunk2.mp3,g8Su1mShMKc,8.14,8.76,0.9,0.9,0.0,0.0
Malkauns#0,Malkauns,",d ,n S g m",Malkauns/train_[g8Su1mShMKc]_chunk2.mp3,g8Su1mShMKc,8.14,11.22,0.9,0.9,0.0,0.0
Malkauns#0,Malkauns,",d ,n S g m",Malkauns/train_[u10S3f-p3Wk]_chunk4.mp3,u10S3f-p3Wk,8.69,9.21,0.934,0.727,0.207,0.0
Malkauns#0,Malkauns,",d ,n S g m",Malkauns/train_[VPnftPyRQDo]_chunk1.mp3,VPnftPyRQDo,3.47,4.14,0.989,0.7,0.289,0.0
Malkauns#0,Malkauns,",d ,n S g m",Malkauns/train_[VPnftPyRQDo]_chunk1.mp3,VPnftPyRQDo,8.85,9.51,1.021,0.778,0.243,0.0
Malkauns#0,Malkauns,",d ,n S g m",Malkauns/train_[g8Su1mShMKc]_chunk0.mp3,g8Su1mShMKc,10.42,11.77,1.073,0.073,0.0,0.0
Malkauns#0,Malkauns,",d ,n S g m",Malkauns/train_[g8Su1mShMKc]_chunk2.mp3,g8Su1mShMKc,35.77,36.43,1.096,1.096,0.0,0.0
Malkauns#0,Malkauns,",d ,n S g m",Malkauns/train_[g8Su1mShMKc]_chunk2.mp3,g8Su1mShMKc,30.24,30.6,1.127,1.127,0.0,0.0
Malkauns#0,Malkauns,",d ,n S g m",Malkauns/train_[g8Su1mShMKc]_chunk2.mp3,g8Su1mShMKc,30.24,32.07,1.127,1.127,0.0,0.0
Malkauns#0,Malkauns,",d ,n S g m",Malkauns/train_[g8Su1mShMKc]_chunk3.mp3,g8Su1mShMKc,10.9,11.48,1.146,1.146,0.0,0.0
Malkauns#0,Malkauns,",d ,n S g m",Malkauns/train_[VPnftPyRQDo]_chunk0.mp3,VPnftPyRQDo,14.13,14.95,1.172,1.039,0.133,0.0
Malkauns#0,Malkauns,",d ,n S g m",Malkauns/train_[g8Su1mShMKc]_chunk4.mp3,g8Su1mShMKc,34.92,35.95,1.179,0.0,0.107,0.071
Malkauns#0,Malkauns,",d ,n S g m",Malkauns/train_[g8Su1mShMKc]_chunk0.mp3,g8Su1mShMKc,12.18,13.55,1.216,0.073,0.104,0.039
Malkauns#0,Malkauns,",d ,n S g m",Malkauns/train_[4DQZkKgACeA]_chunk1.mp3,4DQZkKgACeA,14.56,15.45,1.225,1.225,0.0,0.0
Malkauns#0,Malkauns,",d ,n S g m",Malkauns/train_[LTFMaLfEmEk]_chunk2.mp3,LTFMaLfEmEk,15.95,16.89,1.244,0.95,0.294,0.0
Malkauns#0,Malkauns,",d ,n S g m",Malkauns/train_[u10S3f-p3Wk]_chunk1.mp3,u10S3f-p3Wk,17.05,17.83,1.268,0.95,0.318,0.0
Malkauns#0,Malkauns,",d ,n S g m",Malkauns/train_[4DQZkKgACeA]_chunk4.mp3,4DQZkKgACeA,21.33,22.31,1.424,0.212,0.212,0.0
Malkauns#0,Malkauns,",d ,n S g m",Malkauns/train_[u10S3f-p3Wk]_chunk1.mp3,u10S3f-p3Wk,13.07,13.64,1.496,1.077,0.355,0.065
Malkauns#0,Malkauns,",d ,n S g m",Malkauns/train_[4DQZkKgACeA]_chunk0.mp3,4DQZkKgACeA,2.76,3.31,1.575,1.575,0.0,0.0
Malkauns#0,Malkauns,",d ,n S g m",Malkauns/train_[VPnftPyRQDo]_chunk1.mp3,VPnftPyRQDo,5.9,6.52,1.589,1.389,0.2,0.0
Malkauns#0,Malkauns,",d ,n S g m",Malkauns/train_[VPnftPyRQDo]_chunk1.mp3,VPnftPyRQDo,13.23,13.69,1.592,1.361,0.231,0.0
Malkauns#0,Malkauns,",d ,n S g m",Malkauns/train_[4DQZkKgACeA]_chunk0.mp3,4DQZkKgACeA,15.34,16.32,1.693,1.475,0.164,0.055
Malkauns#0,Malkauns,",d ,n S g m",Malkauns/train_[4DQZkKgACeA]_chunk3.mp3,4DQZkKgACeA,31.52,32.04,1.704,1.462,0.241,0.0
Malkauns#0,Malkauns,",d ,n S g m",Malkauns/train_[g8Su1mShMKc]_chunk0.mp3,g8Su1mShMKc,13.85,16.05,1.712,1.696,0.016,0.0
Malkauns#0,Malkauns,",d ,n S g m",Malkauns/train_[4DQZkKgACeA]_chunk1.mp3,4DQZkKgACeA,7.77,8.21,1.752,1.512,0.2,0.04
Malkauns#0,Malkauns,",d ,n S g m",Malkauns/train_[u10S3f-p3Wk]_chunk2.mp3,u10S3f-p3Wk,3.2,3.73,1.8,1.5,0.3,0.0
Malkauns#0,Malkauns,",d ,n S g m",Malkauns/train_[u10S3f-p3Wk]_chunk3.mp3,u10S3f-p3Wk,5.81,6.79,2.218,2.038,0.14,0.04
Malkauns#0,Malkauns,",d ,n S g m",Malkauns/train_[4DQZkKgACeA]_chunk1.mp3,4DQZkKgACeA,19.06,20.05,2.268,2.125,0.143,0.0
Malkauns#0,Malkauns,",d ,n S g m",Malkauns/train_[u10S3f-p3Wk]_chunk4.mp3,u10S3f-p3Wk,19.2,19.57,2.374,2.327,0.048,0.0
Malkauns#0,Malkauns,",d ,n S g m",Malkauns/train_[u10S3f-p3Wk]_chunk4.mp3,u10S3f-p3Wk,5.56,5.99,2.378,2.212,0.167,0.0
Malkauns#0,Malkauns,",d ,n S g m",Malkauns/train_[u10S3f-p3Wk]_chunk0.mp3,u10S3f-p3Wk,7.8,8.68,2.544,1.177,0.347,0.02
Malkauns#0,Malkauns,",d ,n S g m",Malkauns/train_[u10S3f-p3Wk]_chunk4.mp3,u10S3f-p3Wk,9.65,10.15,2.61,2.288,0.25,0.071
Malkauns#0,Malkauns,",d ,n S g m",Malkauns/train_[g8Su1mShMKc]_chunk0.mp3,g8Su1mShMKc,7.29,9.01,2.646,2.646,0.0,0.0
Malkauns#0,Malkauns,",d ,n S g m",Malkauns/train_[4DQZkKgACeA]_chunk0.mp3,4DQZkKgACeA,23.45,24.52,2.729,1.475,0.254,0.0
Malkauns#0,Malkauns,",d ,n S g m",Malkauns/train_[LTFMaLfEmEk]_chunk0.mp3,LTFMaLfEmEk,10.28,11.45,2.795,2.795,0.0,0.0
Malkauns#0,Malkauns,",d ,n S g m",Malkauns/train_[VPnftPyRQDo]_chunk4.mp3,VPnftPyRQDo,27.43,28.27,2.816,2.661,0.156,0.0
Malkauns#0,Malkauns,",d ,n S g m",Malkauns/train_[xGBsWT5199U]_chunk4.mp3,xGBsWT5199U,11.32,12.3,2.861,2.528,0.312,0.021
Malkauns#0,Malkauns,",d ,n S g m",Malkauns/train_[4DQZkKgACeA]_chunk1.mp3,4DQZkKgACeA,23.64,24.25,2.912,2.912,0.0,0.0
Malkauns#0,Malkauns,",d ,n S g m",Malkauns/train_[4DQZkKgACeA]_chunk0.mp3,4DQZkKgACeA,20.69,22.9,2.979,2.962,0.016,0.0
Malkauns#0,Malkauns,",d ,n S g m",Malkauns/train_[LTFMaLfEmEk]_chunk4.mp3,LTFMaLfEmEk,3.64,4.28,2.997,2.997,0.0,0.0
Malkauns#0,Malkauns,",d ,n S g m",Malkauns/train_[ivUt1A4kb58]_chunk4.mp3,ivUt1A4kb58,17.48,18.08,2.998,2.998,0.0,0.0
Malkauns#0,Malkauns,",d ,n S g m",Malkauns/train_[4DQZkKgACeA]_chunk0.mp3,4DQZkKgACeA,22.56,22.92,3.0,3.0,0.0,0.0
Malkauns#0,Malkauns,",d ,n S g m",Malkauns/train_[4DQZkKgACeA]_chunk2.mp3,4DQZkKgACeA,3.8,4.57,3.0,3.0,0.0,0.0
Malkauns#0,Malkauns,",d ,n S g m",Malkauns/train_[4DQZkKgACeA]_chunk2.mp3,4DQZkKgACeA,5.99,6.42,3.0,3.0,0.0,0.0
Malkauns#0,Malkauns,",d ,n S g m",Malkauns/train_[4DQZkKgACeA]_chunk2.mp3,4DQZkKgACeA,5.07,5.55,3.0,3.0,0.0,0.0
Malkauns#0,Malkauns,",d ,n S g m",Malkauns/train_[4DQZkKgACeA]_chunk2.mp3,4DQZkKgACeA,4.62,5.05,3.0,3.0,0.0,0.0
Malkauns#0,Malkauns,",d ,n S g m",Malkauns/train_[HTXm4asuA4s]_chunk0.mp3,HTXm4asuA4s,17.71,18.33,3.0,3.0,0.0,0.0
Malkauns#0,Malkauns,",d ,n S g m",Malkauns/train_[HTXm4asuA4s]_chunk0.mp3,HTXm4asuA4s,11.93,12.73,3.0,3.0,0.0,0.0
Malkauns#0,Malkauns,",d ,n S g m",Malkauns/train_[HTXm4asuA4s]_chunk0.mp3,HTXm4asuA4s,1.48,1.83,3.0,3.0,0.0,0.0
Malkauns#0,Malkauns,",d ,n S g m",Malkauns/train_[HTXm4asuA4s]_chunk0.mp3,HTXm4asuA4s,18.19,18.54,3.0,3.0,0.0,0.0
Malkauns#0,Malkauns,",d ,n S g m",Malkauns/train_[HTXm4asuA4s]_chunk1.mp3,HTXm4asuA4s,16.91,17.62,3.0,3.0,0.0,0.0
Malkauns#0,Malkauns,",d ,n S g m",Malkauns/train_[HTXm4asuA4s]_chunk1.mp3,HTXm4asuA4s,18.36,19.02,3.0,3.0,0.0,0.0
Malkauns#0,Malkauns,",d ,n S g m",Malkauns/train_[HTXm4asuA4s]_chunk2.mp3,HTXm4asuA4s,11.57,11.95,3.0,3.0,0.0,0.0
Malkauns#0,Malkauns,",d ,n S g m",Malkauns/train_[HTXm4asuA4s]_chunk2.mp3,HTXm4asuA4s,1.97,2.35,3.0,3.0,0.0,0.0
Malkauns#0,Malkauns,",d ,n S g m",Malkauns/train_[HTXm4asuA4s]_chunk2.mp3,HTXm4asuA4s,0.5,0.85,3.0,3.0,0.0,0.0
Malkauns#0,Malkauns,",d ,n S g m",Malkauns/train_[HTXm4asuA4s]_chunk3.mp3,HTXm4asuA4s,0.0,0.59,3.0,3.0,0.0,0.0
Malkauns#0,Malkauns,",d ,n S g m",Malkauns/train_[HTXm4asuA4s]_chunk4.mp3,HTXm4asuA4s,13.28,13.69,3.0,3.0,0.0,0.0
Malkauns#0,Malkauns,",d ,n S g m",Malkauns/train_[HTXm4asuA4s]_chunk4.mp3,HTXm4asuA4s,6.68,7.11,3.0,3.0,0.0,0.0
Malkauns#0,Malkauns,",d ,n S g m",Malkauns/train_[HTXm4asuA4s]_chunk4.mp3,HTXm4asuA4s,7.91,8.3,3.0,3.0,0.0,0.0
Malkauns#0,Malkauns,",d ,n S g m",Malkauns/train_[HTXm4asuA4s]_chunk4.mp3,HTXm4asuA4s,9.99,10.38,3.0,3.0,0.0,0.0
Malkauns#0,Malkauns,",d ,n S g m",Malkauns/train_[LTFMaLfEmEk]_chunk0.mp3,LTFMaLfEmEk,8.52,9.87,3.0,3.0,0.0,0.0
Malkauns#0,Malkauns,",d ,n S g m",Malkauns/train_[LTFMaLfEmEk]_chunk0.mp3,LTFMaLfEmEk,4.52,5.19,3.0,3.0,0.0,0.0
Malkauns#0,Malkauns,",d ,n S g m",Malkauns/train_[LTFMaLfEmEk]_chunk0.mp3,LTFMaLfEmEk,4.52,6.77,3.0,3.0,0.0,0.0
Malkauns#0,Malkauns,",d ,n S g m",Malkauns/train_[LTFMaLfEmEk]_chunk0.mp3,LTFMaLfEmEk,8.52,9.08,3.0,3.0,0.0,0.0
Malkauns#0,Malkauns,",d ,n S g m",Malkauns/train_[LTFMaLfEmEk]_chunk1.mp3,LTFMaLfEmEk,17.6,17.99,3.0,3.0,0.0,0.0
Malkauns#0,Malkauns,",d ,n S g m",Malkauns/train_[LTFMaLfEmEk]_chunk1.mp3,LTFMaLfEmEk,18.56,19.0,3.0,3.0,0.0,0.0
Malkauns#0,Malkauns,",d ,n S g m",Malkauns/train_[LTFMaLfEmEk]_chunk1.mp3,LTFMaLfEmEk,6.51,6.86,3.0,3.0,0.0,0.0
Malkauns#0,Malkauns,",d ,n S g m",Malkauns/train_[LTFMaLfEmEk]_chunk1.mp3,LTFMaLfEmEk,7.48,8.2,3.0,3.0,0.0,0.0
Malkauns#0,Malkauns,",d ,n S g m",Malkauns/train_[LTFMaLfEmEk]_chunk1.mp3,LTFMaLfEmEk,7.48,9.65,3.0,3.0,0.0,0.0
Malkauns#0,Malkauns,",d ,n S g m",Malkauns/train_[LTFMaLfEmEk]_chunk2.mp3,LTFMaLfEmEk,17.71,18.38,3.0,3.0,0.0,0.0
Malkauns#0,Malkauns,",d ,n S g m",Malkauns/train_[LTFMaLfEmEk]_chunk2.mp3,LTFMaLfEmEk,5.51,5.9,3.0,3.0,0.0,0.0
Malkauns#0,Malkauns,",d ,n S g m",Malkauns/train_[LTFMaLfEmEk]_chunk2.mp3,LTFMaLfEmEk,12.39,12.76,3.0,3.0,0.0,0.0
Malkauns#0,Malkauns,",d ,n S g m",Malkauns/train_[LTFMaLfEmEk]_chunk2.mp3,LTFMaLfEmEk,6.58,6.93,3.0,3.0,0.0,0.0
Malkauns#0,Malkauns,",d ,n S g m",Malkauns/train_[LTFMaLfEmEk]_chunk3.mp3,LTFMaLfEmEk,0.2,0.96,3.0,3.0,0.0,0.0
Malkauns#0,Malkauns,",d ,n S g m",Malkauns/train_[LTFMaLfEmEk]_chunk3.mp3,LTFMaLfEmEk,3.29,3.8,3.0,3.0,0.0,0.0
Malkauns#0,Malkauns,",d ,n S g m",Malkauns/train_[LTFMaLfEmEk]_chunk3.mp3,LTFMaLfEmEk,6.93,7.4,3.0,3.0,0.0,0.0
Malkauns#0,Malkauns,",d ,n S g m",Malkauns/train_[LTFMaLfEmEk]_chunk3.mp3,LTFMaLfEmEk,4.07,4.43,3.0,3.0,0.0,0.0
Malkauns#0,Malkauns,",d ,n S g m",Malkauns/train_[LTFMaLfEmEk]_chunk3.mp3,LTFMaLfEmEk,6.45,6.81,3.0,3.0,0.0,0.0
Malkauns#0,Malkauns,",d ,n S g m",Malkauns/train_[LTFMaLfEmEk]_chunk4.mp3,LTFMaLfEmEk,5.87,6.47,3.0,3.0,0.0,0.0
Malkauns#0,Malkauns,",d ,n S g m",Malkauns/train_[LTFMaLfEmEk]_chunk4.mp3,LTFMaLfEmEk,13.56,14.15,3.0,3.0,0.0,0.0
Malkauns#0,Malkauns,",d ,n S g m",Malkauns/train_[LTFMaLfEmEk]_chunk4.mp3,LTFMaLfEmEk,14.36,14.81,3.0,3.0,0.0,0.0
Malkauns#0,Malkauns,",d ,n S g m",Malkauns/train_[LTFMaLfEmEk]_chunk4.mp3,LTFMaLfEmEk,14.36,15.86,3.0,3.0,0.0,0.0
Malkauns#0,Malkauns,",d ,n S g m",Malkauns/train_[VPnftPyRQDo]_chunk0.mp3,VPnftPyRQDo,1.01,1.48,3.0,3.0,0.0,0.0
Malkauns#0,Malkauns,",d ,n S g m",Malkauns/train_[VPnftPyRQDo]_chunk0.mp3,VPnftPyRQDo,9.17,9.65,3.0,3.0,0.0,0.0
Malkauns#0,Malkauns,",d ,n S g m",Malkauns/train_[VPnftPyRQDo]_chunk0.mp3,VPnftPyRQDo,24.68,25.03,3.0,3.0,0.0,0.0
Malkauns#0,Malkauns,",d ,n S g m",Malkauns/train_[VPnftPyRQDo]_chunk2.mp3,VPnftPyRQDo,14.58,15.02,3.0,3.0,0.0,0.0
Malkauns#0,Malkauns,",d ,n S g m",Malkauns/train_[VPnftPyRQDo]_chunk2.mp3,VPnftPyRQDo,24.98,25.33,3.0,3.0,0.0,0.0
Malkauns#0,Malkauns,",d ,n S g m",Malkauns/train_[VPnftPyRQDo]_chunk2.mp3,VPnftPyRQDo,21.33,21.74,3.0,3.0,0.0,0.0
Malkauns#0,Malkauns,",d ,n S g m",Malkauns/train_[VPnftPyRQDo]_chunk2.mp3,VPnftPyRQDo,19.34,20.16,3.0,3.0,0.0,0.0
Malkauns#0,Malkauns,",d ,n S g m",Malkauns/train_[VPnftPyRQDo]_chunk2.mp3,VPnftPyRQDo,6.33,6.68,3.0,3.0,0.0,0.0
Malkauns#0,Malkauns,",d ,n S g m",Malkauns/train_[VPnftPyRQDo]_chunk3.mp3,VPnftPyRQDo,19.56,20.04,3.0,3.0,0.0,0.0
Malkauns#0,Malkauns,",d ,n S g m",Malkauns/train_[VPnftPyRQDo]_chunk3.mp3,VPnftPyRQDo,29.76,30.12,3.0,3.0,0.0,0.0
Malkauns#0,Malkauns,",d ,n S g m",Malkauns/train_[VPnftPyRQDo]_chunk3.mp3,VPnftPyRQDo,22.81,23.16,3.0,3.0,0.0,0.0
Malkauns#0,Malkauns,",d ,n S g m",Malkauns/train_[VPnftPyRQDo]_chunk3.mp3,VPnftPyRQDo,7.43,7.79,3.0,3.0,0.0,0.0
Malkauns#0,Malkauns,",d ,n S g m",Malkauns/train_[VPnftPyRQDo]_chunk4.mp3,VPnftPyRQDo,16.82,17.19,3.0,3.0,0.0,0.0
Malkauns#0,Malkauns,",d ,n S g m",Malkauns/train_[c1j0EsO-MgE]_chunk0.mp3,c1j0EsO-MgE,1.03,1.44,3.0,3.0,0.0,0.0
Malkauns#0,Malkauns,",d ,n S g m",Malkauns/train_[c1j0EsO-MgE]_chunk0.mp3,c1j0EsO-MgE,4.02,4.68,3.0,3.0,0.0,0.0
Malkauns#0,Malkauns,",d ,n S g m",Malkauns/train_[c1j0EsO-MgE]_chunk0.mp3,c1j0EsO-MgE,10.12,10.47,3.0,3.0,0.0,0.0
Malkauns#0,Malkauns,",d ,n S g m",Malkauns/train_[c1j0EsO-MgE]_chunk0.mp3,c1j0EsO-MgE,9.8,10.15,3.0,3.0,0.0,0.0
Malkauns#0,Malkauns,",d ,n S g m",Malkauns/train_[c1j0EsO-MgE]_chunk0.mp3,c1j0EsO-MgE,10.42,10.77,3.0,3.0,0.0,0.0
Malkauns#0,Malkauns,",d ,n S g m",Malkauns/train_[g8Su1mShMKc]_chunk1.mp3,g8Su1mShMKc,29.71,30.15,3.0,3.0,0.0,0.0
Malkauns#0,Malkauns,",d ,n S g m",Malkauns/train_[g8Su1mShMKc]_chunk1.mp3,g8Su1mShMKc,12.48,12.84,3.0,3.0,0.0,0.0
Malkauns#0,Malkauns,",d ,n S g m",Malkauns/train_[g8Su1mShMKc]_chunk1.mp3,g8Su1mShMKc,12.48,13.67,3.0,3.0,0.0,0.0
Malkauns#0,Malkauns,",d ,n S g m",Malkauns/train_[g8Su1mShMKc]_chunk1.mp3,g8Su1mShMKc,11.88,12.25,3.0,3.0,0.0,0.0
Malkauns#0,Malkauns,",d ,n S g m",Malkauns/train_[g8Su1mShMKc]_chunk1.mp3,g8Su1mShMKc,14.84,15.22,3.0,3.0,0.0,0.0
Malkauns#0,Malkauns,",d ,n S g m",Malkauns/train_[ivUt1A4kb58]_chunk0.mp3,ivUt1A4kb58,7.72,8.64,3.0,3.0,0.0,0.0
Malkauns#0,Malkauns,",d ,n S g m",Malkauns/train_[ivUt1A4kb58]_chunk0.mp3,ivUt1A4kb58,26.28,26.67,3.0,3.0,0.0,0.0
Malkauns#0,Malkauns,",d ,n S g m",Malkauns/train_[ivUt1A4kb58]_chunk0.mp3,ivUt1A4kb58,25.69,26.13,3.0,3.0,0.0,0.0
Malkauns#0,Malkauns,",d ,n S g m",Malkauns/train_[ivUt1A4kb58]_chunk0.mp3,ivUt1A4kb58,14.01,14.56,3.0,3.0,0.0,0.0
Malkauns#0,Malkauns,",d ,n S g m",Malkauns/train_[ivUt1A4kb58]_chunk0.mp3,ivUt1A4kb58,14.38,14.74,3.0,3.0,0.0,0.0
Malkauns#0,Malkauns,",d ,n S g m",Malkauns/train_[ivUt1A4kb58]_chunk1.mp3,ivUt1A4kb58,21.78,22.47,3.0,3.0,0.0,0.0
Malkauns#0,Malkauns,",d ,n S g m",Malkauns/train_[ivUt1A4kb58]_chunk1.mp3,ivUt1A4kb58,9.44,9.9,3.0,3.0,0.0,0.0
Malkauns#0,Malkauns,",d ,n S g m",Malkauns/train_[ivUt1A4kb58]_chunk1.mp3,ivUt1A4kb58,0.94,1.3,3.0,3.0,0.0,0.0
Malkauns#0,Malkauns,",d ,n S g m",Malkauns/train_[ivUt1A4kb58]_chunk1.mp3,ivUt1A4kb58,26.58,26.93,3.0,3.0,0.0,0.0
Malkauns#0,Malkauns,",d ,n S g m",Malkauns/train_[ivUt1A4kb58]_chunk1.mp3,ivUt1A4kb58,9.44,10.99,3.0,3.0,0.0,0.0
Malkauns#0,Malkauns,",d ,n S g m",Malkauns/train_[ivUt1A4kb58]_chunk2.mp3,ivUt1A4kb58,8.66,9.44,3.0,3.0,0.0,0.0
Malkauns#0,Malkauns,",d ,n S g m",Malkauns/train_[ivUt1A4kb58]_chunk3.mp3,ivUt1A4kb58,0.36,0.71,3.0,3.0,0.0,0.0
Malkauns#0,Malkauns,",d ,n S g m",Malkauns/train_[ivUt1A4kb58]_chunk3.mp3,ivUt1A4kb58,23.73,24.21,3.0,3.0,0.0,0.0
Malkauns#0,Malkauns,",d ,n S g m",Malkauns/train_[ivUt1A4kb58]_chunk3.mp3,ivUt1A4kb58,7.38,8.04,3.0,3.0,0.0,0.0
Malkauns#0,Malkauns,",d ,n S g m",Malkauns/train_[ivUt1A4kb58]_chunk4.mp3,ivUt1A4kb58,18.12,18.65,3.0,3.0,0.0,0.0
Malkauns#0,Malkauns,",d ,n S g m",Malkauns/train_[ivUt1A4kb58]_chunk4.mp3,ivUt1A4kb58,1.71,4.48,3.0,3.0,0.0,0.0
Malkauns#0,Malkauns,",d ,n S g m",Malkauns/train_[ivUt1A4kb58]_chunk4.mp3,ivUt1A4kb58,21.65,22.26,3.0,3.0,0.0,0.0
Malkauns#0,Malkauns,",d ,n S g m",Malkauns/train_[ivUt1A4kb58]_chunk4.mp3,ivUt1A4kb58,7.41,7.77,3.0,3.0,0.0,0.0
Malkauns#0,Malkauns,",d ,n S g m",Malkauns/train_[ssO9fHiDJrg]_chunk0.mp3,ssO9fHiDJrg,24.39,24.84,3.0,3.0,0.0,0.0
Malkauns#0,Malkauns,",d ,n S g m",Malkauns/train_[ssO9fHiDJrg]_chunk0.mp3,ssO9fHiDJrg,16.11,17.46,3.0,3.0,0.0,0.0
Malkauns#0,Malkauns,",d ,n S g m",Malkauns/train_[ssO9fHiDJrg]_chunk0.mp3,ssO9fHiDJrg,16.16,17.51,3.0,3.0,0.0,0.0
Malkauns#0,Malkauns,",d ,n S g m",Malkauns/train_[ssO9fHiDJrg]_chunk0.mp3,ssO9fHiDJrg,16.18,17.53,3.0,3.0,0.0,0.0
Malkauns#0,Malkauns,",d ,n S g m",Malkauns/train_[ssO9fHiDJrg]_chunk0.mp3,ssO9fHiDJrg,16.14,17.49,3.0,3.0,0.0,0.0
Malkauns#0,Malkauns,",d ,n S g m",Malkauns/train_[ssO9fHiDJrg]_chunk1.mp3,ssO9fHiDJrg,9.88,10.38,3.0,3.0,0.0,0.0
Malkauns#0,Malkauns,",d ,n S g m",Malkauns/train_[ssO9fHiDJrg]_chunk1.mp3,ssO9fHiDJrg,9.88,11.43,3.0,3.0,0.0,0.0
Malkauns#0,Malkauns,",d ,n S g m",Malkauns/train_[ssO9fHiDJrg]_chunk1.mp3,ssO9fHiDJrg,3.36,4.0,3.0,3.0,0.0,0.0
Malkauns#0,Malkauns,",d ,n S g m",Malkauns/train_[ssO9fHiDJrg]_chunk1.mp3,ssO9fHiDJrg,9.1,9.48,3.0,3.0,0.0,0.0
Malkauns#0,Malkauns,",d ,n S g m",Malkauns/train_[ssO9fHiDJrg]_chunk1.mp3,ssO9fHiDJrg,9.44,9.8,3.0,3.0,0.0,0.0
Malkauns#0,Malkauns,",d ,n S g m",Malkauns/train_[ssO9fHiDJrg]_chunk2.mp3,ssO9fHiDJrg,4.82,5.21,3.0,3.0,0.0,0.0
Malkauns#0,Malkauns,",d ,n S g m",Malkauns/train_[ssO9fHiDJrg]_chunk2.mp3,ssO9fHiDJrg,20.75,21.19,3.0,3.0,0.0,0.0
Malkauns#0,Malkauns,",d ,n S g m",Malkauns/train_[ssO9fHiDJrg]_chunk2.mp3,ssO9fHiDJrg,6.42,6.86,3.0,3.0,0.0,0.0
Malkauns#0,Malkauns,",d ,n S g m",Malkauns/train_[ssO9fHiDJrg]_chunk2.mp3,ssO9fHiDJrg,22.06,22.44,3.0,3.0,0.0,0.0
Malkauns#0,Malkauns,",d ,n S g m",Malkauns/train_[ssO9fHiDJrg]_chunk2.mp3,ssO9fHiDJrg,9.97,10.68,3.0,3.0,0.0,0.0
Malkauns#0,Malkauns,",d ,n S g m",Malkauns/train_[ssO9fHiDJrg]_chunk3.mp3,ssO9fHiDJrg,5.17,5.83,3.0,3.0,0.0,0.0
Malkauns#0,Malkauns,",d ,n S g m",Malkauns/train_[ssO9fHiDJrg]_chunk3.mp3,ssO9fHiDJrg,18.6,18.95,3.0,3.0,0.0,0.0
Malkauns#0,Malkauns,",d ,n S g m",Malkauns/train_[ssO9fHiDJrg]_chunk3.mp3,ssO9fHiDJrg,6.35,6.7,3.0,3.0,0.0,0.0
Malkauns#0,Malkauns,",d ,n S g m",Malkauns/train_[ssO9fHiDJrg]_chunk4.mp3,ssO9fHiDJrg,4.94,5.53,3.0,3.0,0.0,0.0
Malkauns#0,Malkauns,",d ,n S g m",Malkauns/train_[ssO9fHiDJrg]_chunk4.mp3,ssO9fHiDJrg,3.88,4.23,3.0,3.0,0.0,0.0
Malkauns#0,Malkauns,",d ,n S g m",Malkauns/train_[ssO9fHiDJrg]_chunk4.mp3,ssO9fHiDJrg,18.45,18.81,3.0,3.0,0.0,0.0
Malkauns#0,Malkauns,",d ,n S g m",Malkauns/train_[ssO9fHiDJrg]_chunk4.mp3,ssO9fHiDJrg,4.66,5.01,3.0,3.0,0.0,0.0
Malkauns#0,Malkauns,",d ,n S g m",Malkauns/train_[u10S3f-p3Wk]_chunk0.mp3,u10S3f-p3Wk,4.07,4.71,3.0,3.0,0.0,0.0
Malkauns#0,Malkauns,",d ,n S g m",Malkauns/train_[u10S3f-p3Wk]_chunk0.mp3,u10S3f-p3Wk,10.83,11.25,3.0,3.0,0.0,0.0
Malkauns#0,Malkauns,",d ,n S g m",Malkauns/train_[u10S3f-p3Wk]_chunk0.mp3,u10S3f-p3Wk,17.03,17.39,3.0,3.0,0.0,0.0
Malkauns#0,Malkauns,",d ,n S g m",Malkauns/train_[u10S3f-p3Wk]_chunk0.mp3,u10S3f-p3Wk,11.79,12.14,3.0,3.0,0.0,0.0
Malkauns#0,Malkauns,",d ,n S g m",Malkauns/train_[u10S3f-p3Wk]_chunk1.mp3,u10S3f-p3Wk,11.73,12.2,3.0,3.0,0.0,0.0
Malkauns#0,Malkauns,",d ,n S g m",Malkauns/train_[u10S3f-p3Wk]_chunk1.mp3,u10S3f-p3Wk,9.69,10.04,3.0,3.0,0.0,0.0
Malkauns#0,Malkauns,",d ,n S g m",Malkauns/train_[u10S3f-p3Wk]_chunk2.mp3,u10S3f-p3Wk,10.2,10.63,3.0,3.0,0.0,0.0
Malkauns#0,Malkauns,",d ,n S g m",Malkauns/train_[u10S3f-p3Wk]_chunk2.mp3,u10S3f-p3Wk,12.96,13.35,3.0,3.0,0.0,0.0
Malkauns#0,Malkauns,",d ,n S g m",Malkauns/train_[u10S3f-p3Wk]_chunk2.mp3,u10S3f-p3Wk,13.65,14.01,3.0,3.0,0.0,0.0
Malkauns#0,Malkauns,",d ,n S g m",Malkauns/train_[u10S3f-p3Wk]_chunk3.mp3,u10S3f-p3Wk,16.2,16.89,3.0,3.0,0.0,0.0
Malkauns#0,Malkauns,",d ,n S g m",Malkauns/train_[xGBsWT5199U]_chunk0.mp3,xGBsWT5199U,3.24,3.73,3.0,3.0,0.0,0.0
Malkauns#0,Malkauns,",d ,n S g m",Malkauns/train_[xGBsWT5199U]_chunk0.mp3,xGBsWT5199U,12.85,13.26,3.0,3.0,0.0,0.0
Malkauns#0,Malkauns,",d ,n S g m",Malkauns/train_[xGBsWT5199U]_chunk3.mp3,xGBsWT5199U,21.71,22.15,3.0,3.0,0.0,0.0
Malkauns#0,Malkauns,",d ,n S g m",Malkauns/train_[xGBsWT5199U]_chunk3.mp3,xGBsWT5199U,13.88,14.24,3.0,3.0,0.0,0.0
Malkauns#0,Malkauns,",d ,n S g m",Malkauns/train_[xGBsWT5199U]_chunk3.mp3,xGBsWT5199U,17.16,17.51,3.0,3.0,0.0,0.0
Malkauns#0,Malkauns,",d ,n S g m",Malkauns/train_[xGBsWT5199U]_chunk4.mp3,xGBsWT5199U,4.89,5.3,3.0,3.0,0.0,0.0
Malkauns#0,Malkauns,",d ,n S g m",Malkauns/train_[xGBsWT5199U]_chunk4.mp3,xGBsWT5199U,12.5,13.0,3.0,3.0,0.0,0.0
Malkauns#0,Malkauns,",d ,n S g m",Malkauns/train_[xGBsWT5199U]_chunk4.mp3,xGBsWT5199U,15.72,16.09,3.0,3.0,0.0,0.0
Malkauns#0,Malkauns,",d ,n S g m",Malkauns/train_[xGBsWT5199U]_chunk4.mp3,xGBsWT5199U,1.92,2.36,3.0,3.0,0.0,0.0
Malkauns#0,Malkauns,",d ,n S g m",Malkauns/train_[u10S3f-p3Wk]_chunk1.mp3,u10S3f-p3Wk,18.81,19.61,3.007,1.673,0.222,0.111
Malkauns#0,Malkauns,",d ,n S g m",Malkauns/train_[xGBsWT5199U]_chunk0.mp3,xGBsWT5199U,20.11,21.26,3.015,3.0,0.0,0.015
Malkauns#0,Malkauns,",d ,n S g m",Malkauns/train_[ivUt1A4kb58]_chunk2.mp3,ivUt1A4kb58,5.3,5.99,3.026,3.0,0.026,0.0
Malkauns#0,Malkauns,",d ,n S g m",Malkauns/train_[xGBsWT5199U]_chunk3.mp3,xGBsWT5199U,14.31,15.98,3.032,3.0,0.032,0.0
Malkauns#0,Malkauns,",d ,n S g m",Malkauns/train_[ssO9fHiDJrg]_chunk4.mp3,ssO9fHiDJrg,19.0,22.99,3.036,3.0,0.0,0.036
Malkauns#0,Malkauns,",d ,n S g m",Malkauns/train_[xGBsWT5199U]_chunk0.mp3,xGBsWT5199U,12.85,14.83,3.036,3.0,0.009,0.027
Malkauns#0,Malkauns,",d ,n S g m",Malkauns/train_[ivUt1A4kb58]_chunk3.mp3,ivUt1A4kb58,21.67,23.4,3.041,3.0,0.0,0.041
Malkauns#0,Malkauns,",d ,n S g m",Malkauns/train_[HTXm4asuA4s]_chunk1.mp3,HTXm4asuA4s,1.01,6.35,3.042,3.0,0.0,0.042
Malkauns#0,Malkauns,",d ,n S g m",Malkauns/train_[HTXm4asuA4s]_chunk1.mp3,HTXm4asuA4s,16.5,16.91,3.043,3.0,0.0,0.043
Malkauns#0,Malkauns,",d ,n S g m",Malkauns/train_[c1j0EsO-MgE]_chunk2.mp3,c1j0EsO-MgE,18.44,19.57,3.043,3.0,0.0,0.043
Malkauns#0,Malkauns,",d ,n S g m",Malkauns/train_[4DQZkKgACeA]_chunk3.mp3,4DQZkKgACeA,15.24,15.7,3.045,3.0,0.045,0.0
Malkauns#0,Malkauns,",d ,n S g m",Malkauns/train_[xGBsWT5199U]_chunk3.mp3,xGBsWT5199U,5.35,9.94,3.054,3.0,0.008,0.047
Malkauns#0,Malkauns,",d ,n S g m",Malkauns/train_[c1j0EsO-MgE]_chunk1.mp3,c1j0EsO-MgE,11.34,12.78,3.062,3.0,0.0,0.062
Malkauns#0,Malkauns,",d ,n S g m",Malkauns/train_[HTXm4asuA4s]_chunk0.mp3,HTXm4asuA4s,3.5,4.07,3.062,3.0,0.0,0.062
Malkauns#0,Malkauns,",d ,n S g m",Malkauns/train_[xGBsWT5199U]_chunk0.mp3,xGBsWT5199U,17.21,18.29,3.066,3.0,0.0,0.066
Malkauns#0,Malkauns,",d ,n S g m",Malkauns/train_[VPnftPyRQDo]_chunk3.mp3,VPnftPyRQDo,3.77,4.25,3.074,3.0,0.074,0.0
Malkauns#0,Malkauns,",d ,n S g m",Malkauns/train_[HTXm4asuA4s]_chunk2.mp3,HTXm4asuA4s,16.53,17.46,3.077,3.0,0.0,0.077
Malkauns#0,Malkauns,",d ,n S g m",Malkauns/train_[4DQZkKgACeA]_chunk3.mp3,4DQZkKgACeA,30.29,30.7,3.087,3.0,0.087,0.0
Malkauns#0,Malkauns,",d ,n S g m",Malkauns/train_[4DQZkKgACeA]_chunk4.mp3,4DQZkKgACeA,22.83,23.24,3.087,3.0,0.0,0.087
Malkauns#0,Malkauns,",d ,n S g m",Malkauns/train_[ssO9fHiDJrg]_chunk3.mp3,ssO9fHiDJrg,22.76,24.05,3.096,3.0,0.0,0.096
Malkauns#0,Malkauns,",d ,n S g m",Malkauns/train_[ssO9fHiDJrg]_chunk3.mp3,ssO9fHiDJrg,19.29,19.64,3.1,3.0,0.0,0.1
Malkauns#0,Malkauns,",d ,n S g m",Malkauns/train_[ivUt1A4kb58]_chunk3.mp3,ivUt1A4kb58,25.0,25.65,3.108,3.0,0.0,0.108
Malkauns#0,Malkauns,",d ,n S g m",Malkauns/train_[g8Su1mShMKc]_chunk4.mp3,g8Su1mShMKc,32.2,33.23,3.109,3.0,0.0,0.109
Malkauns#0,Malkauns,",d ,n S g m",Malkauns/train_[u10S3f-p3Wk]_chunk3.mp3,u10S3f-p3Wk,13.67,14.29,3.114,3.0,0.0,0.114
Malkauns#0,Malkauns,",d ,n S g m",Malkauns/train_[4DQZkKgACeA]_chunk2.mp3,4DQZkKgACeA,11.06,11.82,3.116,3.0,0.023,0.093
Malkauns#0,Malkauns,",d ,n S g m",Malkauns/train_[g8Su1mShMKc]_chunk3.mp3,g8Su1mShMKc,18.58,19.2,3.118,3.0,0.0,0.118
Malkauns#0,Malkauns,",d ,n S g m",Malkauns/train_[HTXm4asuA4s]_chunk2.mp3,HTXm4asuA4s,1.97,4.82,3.119,3.0,0.106,0.013
Malkauns#0,Malkauns,",d ,n S g m",Malkauns/train_[g8Su1mShMKc]_chunk4.mp3,g8Su1mShMKc,19.34,20.37,3.121,3.0,0.0,0.121
Malkauns#0,Malkauns,",d ,n S g m",Malkauns/train_[ivUt1A4kb58]_chunk2.mp3,ivUt1A4kb58,22.65,23.77,3.127,3.0,0.111,0.016
Malkauns#0,Malkauns,",d ,n S g m",Malkauns/train_[c1j0EsO-MgE]_chunk1.mp3,c1j0EsO-MgE,12.8,13.74,3.132,3.0,0.0,0.132
Malkauns#0,Malkauns,",d ,n S g m",Malkauns/train_[ivUt1A4kb58]_chunk2.mp3,ivUt1A4kb58,10.06,11.09,3.138,3.0,0.0,0.138
Malkauns#0,Malkauns,",d ,n S g m",Malkauns/train_[4DQZkKgACeA]_chunk4.mp3,4DQZkKgACeA,9.87,10.28,3.174,3.0,0.0,0.174
Malkauns#0,Malkauns,",d ,n S g m",Malkauns/train_[g8Su1mShMKc]_chunk4.mp3,g8Su1mShMKc,17.28,18.4,3.175,3.0,0.0,0.175
Malkauns#0,Malkauns,",d ,n S g m",Malkauns/train_[ivUt1A4kb58]_chunk2.mp3,ivUt1A4kb58,3.32,5.16,3.175,3.0,0.097,0.078
Malkauns#0,Malkauns,",d ,n S g m",Malkauns/train_[HTXm4asuA4s]_chunk3.mp3,HTXm4asuA4s,5.81,6.58,3.179,3.0,0.0,0.179
Malkauns#0,Malkauns,",d ,n S g m",Malkauns/train_[c1j0EsO-MgE]_chunk3.mp3,c1j0EsO-MgE,1.94,2.33,3.182,3.0,0.0,0.182
Malkauns#0,Malkauns,",d ,n S g m",Malkauns/train_[xGBsWT5199U]_chunk2.mp3,xGBsWT5199U,10.56,11.15,3.182,3.0,0.0,0.182
Malkauns#0,Malkauns,",d ,n S g m",Malkauns/train_[c1j0EsO-MgE]_chunk2.mp3,c1j0EsO-MgE,13.83,14.51,3.184,3.0,0.0,0.184
Malkauns#0,Malkauns,",d ,n S g m",Malkauns/train_[xGBsWT5199U]_chunk2.mp3,xGBsWT5199U,9.44,10.38,3.189,3.0,0.132,0.057
Malkauns#0,Malkauns,",d ,n S g m",Malkauns/train_[g8Su1mShMKc]_chunk4.mp3,g8Su1mShMKc,5.46,6.12,3.189,3.0,0.0,0.189
Malkauns#0,Malkauns,",d ,n S g m",Malkauns/train_[c1j0EsO-MgE]_chunk3.mp3,c1j0EsO-MgE,16.85,17.4,3.194,3.0,0.0,0.194
Malkauns#0,Malkauns,",d ,n S g m",Malkauns/train_[HTXm4asuA4s]_chunk3.mp3,HTXm4asuA4s,9.16,9.69,3.2,3.0,0.0,0.2
Malkauns#0,Malkauns,",d ,n S g m",Malkauns/train_[VPnftPyRQDo]_chunk4.mp3,VPnftPyRQDo,10.26,10.95,3.2,3.0,0.0,0.2
Malkauns#0,Malkauns,",d ,n S g m",Malkauns/train_[c1j0EsO-MgE]_chunk3.mp3,c1j0EsO-MgE,19.45,19.8,3.2,3.0,0.0,0.2
Malkauns#0,Malkauns,",d ,n S g m",Malkauns/train_[u10S3f-p3Wk]_chunk3.mp3,u10S3f-p3Wk,5.26,5.62,3.2,3.0,0.0,0.2
Malkauns#0,Malkauns,",d ,n S g m",Malkauns/train_[VPnftPyRQDo]_chunk4.mp3,VPnftPyRQDo,0.85,1.64,3.205,3.0,0.114,0.091
Malkauns#0,Malkauns,",d ,n S g m",Malkauns/train_[c1j0EsO-MgE]_chunk2.mp3,c1j0EsO-MgE,12.14,13.03,3.209,3.0,0.0,0.209
Malkauns#0,Malkauns,",d ,n S g m",Malkauns/train_[c1j0EsO-MgE]_chunk2.mp3,c1j0EsO-MgE,17.9,18.58,3.211,3.0,0.158,0.053
Malkauns#0,Malkauns,",d ,n S g m",Malkauns/train_[c1j0EsO-MgE]_chunk3.mp3,c1j0EsO-MgE,3.0,3.66,3.216,3.0,0.0,0.216
Malkauns#0,Malkauns,",d ,n S g m",Malkauns/train_[VPnftPyRQDo]_chunk4.mp3,VPnftPyRQDo,17.21,17.76,3.226,3.0,0.129,0.097
Malkauns#0,Malkauns,",d ,n S g m",Malkauns/train_[c1j0EsO-MgE]_chunk4.mp3,c1j0EsO-MgE,3.89,4.53,3.226,3.0,0.0,0.226
Malkauns#0,Malkauns,",d ,n S g m",Malkauns/train_[HTXm4asuA4s]_chunk3.mp3,HTXm4asuA4s,8.25,8.64,3.227,3.0,0.0,0.227
Malkauns#0,Malkauns,",d ,n S g m",Malkauns/train_[HTXm4asuA4s]_chunk3.mp3,HTXm4asuA4s,2.19,3.79,3.233,3.0,0.0,0.233
Malkauns#0,Malkauns,",d ,n S g m",Malkauns/train_[c1j0EsO-MgE]_chunk4.mp3,c1j0EsO-MgE,5.48,6.74,3.239,3.0,0.0,0.239
Malkauns#0,Malkauns,",d ,n S g m",Malkauns/train_[xGBsWT5199U]_chunk1.mp3,xGBsWT5199U,18.61,19.41,3.267,3.0,0.0,0.267
Malkauns#0,Malkauns,",d ,n S g m",Malkauns/train_[xGBsWT5199U]_chunk1.mp3,xGBsWT5199U,8.09,8.62,3.267,3.0,0.0,0.267
Malkauns#0,Malkauns,",d ,n S g m",Malkauns/train_[c1j0EsO-MgE]_chunk4.mp3,c1j0EsO-MgE,15.48,16.21,3.268,3.0,0.0,0.268
Malkauns#0,Malkauns,",d ,n S g m",Malkauns/train_[xGBsWT5199U]_chunk2.mp3,xGBsWT5199U,3.59,4.3,3.275,3.0,0.025,0.25
Malkauns#0,Malkauns,",d ,n S g m",Malkauns/train_[c1j0EsO-MgE]_chunk3.mp3,c1j0EsO-MgE,3.66,4.18,3.276,3.0,0.0,0.276
Malkauns#0,Malkauns,",d ,n S g m",Malkauns/train_[c1j0EsO-MgE]_chunk4.mp3,c1j0EsO-MgE,11.11,11.7,3.276,3.0,0.0,0.276
Malkauns#0,Malkauns,",d ,n S g m",Malkauns/train_[u10S3f-p3Wk]_chunk3.mp3,u10S3f-p3Wk,13.1,13.62,3.276,3.0,0.0,0.276
Malkauns#0,Malkauns,",d ,n S g m",Malkauns/train_[c1j0EsO-MgE]_chunk1.mp3,c1j0EsO-MgE,17.58,18.76,3.308,3.0,0.0,0.308
Malkauns#0,Malkauns,",d ,n S g m",Malkauns/train_[c1j0EsO-MgE]_chunk1.mp3,c1j0EsO-MgE,19.56,20.0,3.33,2.18,0.0,0.15
Malkauns#0,Malkauns,",d ,n S g m",Malkauns/train_[xGBsWT5199U]_chunk1.mp3,xGBsWT5199U,3.2,3.95,3.333,3.0,0.0,0.333
Malkauns#0,Malkauns,",d ,n S g m",Malkauns/train_[xGBsWT5199U]_chunk2.mp3,xGBsWT5199U,6.56,7.18,3.343,3.0,0.0,0.343
Malkauns#0,Malkauns,",d ,n S g m",Malkauns/train_[4DQZkKgACeA]_chunk3.mp3,4DQZkKgACeA,8.11,9.51,3.348,3.0,0.0,0.348
Malkauns#0,Malkauns,",d ,n S g m",Malkauns/train_[HTXm4asuA4s]_chunk1.mp3,HTXm4asuA4s,0.0,0.55,3.367,3.0,0.0,0.367
Malkauns#0,Malkauns,",d ,n S g m",Malkauns/train_[c1j0EsO-MgE]_chunk2.mp3,c1j0EsO-MgE,10.88,11.41,3.367,3.0,0.1,0.267
Malkauns#0,Malkauns,",d ,n S g m",Malkauns/train_[xGBsWT5199U]_chunk1.mp3,xGBsWT5199U,4.0,4.75,3.381,3.0,0.0,0.381
Malkauns#0,Malkauns,",d ,n S g m",Malkauns/train_[xGBsWT5199U]_chunk1.mp3,xGBsWT5199U,9.07,9.67,3.382,3.0,0.0,0.382
Malkauns#0,Malkauns,",d ,n S g m",Malkauns/train_[c1j0EsO-MgE]_chunk1.mp3,c1j0EsO-MgE,16.76,17.32,3.387,3.0,0.0,0.387
Malkauns#0,Malkauns,",d ,n S g m",Malkauns/train_[xGBsWT5199U]_chunk2.mp3,xGBsWT5199U,17.0,17.8,3.4,3.0,0.0,0.4
Malkauns#0,Malkauns,",d ,n S g m",Malkauns/train_[c1j0EsO-MgE]_chunk4.mp3,c1j0EsO-MgE,2.81,3.27,3.538,3.0,0.0,0.538
Malkauns#1,Malkauns,g m n d m,Malkauns/train_[VPnftPyRQDo]_chunk3.mp3,VPnftPyRQDo,3.98,4.78,0.506,0.239,0.267,0.0
Malkauns#1,Malkauns,g m n d m,Malkauns/train_[VPnftPyRQDo]_chunk3.mp3,VPnftPyRQDo,0.41,1.23,0.576,0.372,0.205,0.0
Malkauns#1,Malkauns,g m n d m,Malkauns/train_[VPnftPyRQDo]_chunk4.mp3,VPnftPyRQDo,1.74,2.26,0.634,0.6,0.034,0.0
Malkauns#1,Malkauns,g m n d m,Malkauns/train_[u10S3f-p3Wk]_chunk3.mp3,u10S3f-p3Wk,0.27,1.05,0.663,0.338,0.325,0.0
Malkauns#1,Malkauns,g m n d m,Malkauns/train_[VPnftPyRQDo]_chunk3.mp3,VPnftPyRQDo,7.63,8.46,0.759,0.411,0.348,0.0
Malkauns#1,Malkauns,g m n d m,Malkauns/train_[u10S3f-p3Wk]_chunk4.mp3,u10S3f-p3Wk,5.37,5.88,0.768,0.527,0.241,0.0
Malkauns#1,Malkauns,g m n d m,Malkauns/train_[4DQZkKgACeA]_chunk4.mp3,4DQZkKgACeA,10.61,11.22,0.826,0.65,0.176,0.0
Malkauns#1,Malkauns,g m n d m,Malkauns/train_[VPnftPyRQDo]_chunk4.mp3,VPnftPyRQDo,24.82,25.4,1.002,0.972,0.03,0.0
Malkauns#1,Malkauns,g m n d m,Malkauns/train_[VPnftPyRQDo]_chunk1.mp3,VPnftPyRQDo,18.08,18.72,1.186,0.872,0.314,0.0
Malkauns#1,Malkauns,g m n d m,Malkauns/train_[VPnftPyRQDo]_chunk1.mp3,VPnftPyRQDo,19.18,19.93,1.189,0.922,0.267,0.0
Malkauns#1,Malkauns,g m n d m,Malkauns/train_[xGBsWT5199U]_chunk0.mp3,xGBsWT5199U,3.08,5.05,1.198,0.029,0.169,0.0
Malkauns#1,Malkauns,g m n d m,Malkauns/train_[xGBsWT5199U]_chunk1.mp3,xGBsWT5199U,11.68,12.12,1.404,1.244,0.12,0.04
Malkauns#1,Malkauns,g m n d m,Malkauns/train_[VPnftPyRQDo]_chunk1.mp3,VPnftPyRQDo,3.98,4.66,1.469,1.172,0.297,0.0
Malkauns#1,Malkauns,g m n d m,Malkauns/train_[ssO9fHiDJrg]_chunk4.mp3,ssO9fHiDJrg,9.4,10.22,1.628,0.0,0.488,0.14
Malkauns#1,Malkauns,g m n d m,Malkauns/train_[u10S3f-p3Wk]_chunk2.mp3,u10S3f-p3Wk,2.88,3.56,1.825,0.562,0.263,0.0
Malkauns#1,Malkauns,g m n d m,Malkauns/train_[VPnftPyRQDo]_chunk4.mp3,VPnftPyRQDo,24.46,24.96,1.935,1.828,0.107,0.0
Malkauns#1,Malkauns,g m n d m,Malkauns/train_[VPnftPyRQDo]_chunk1.mp3,VPnftPyRQDo,20.37,21.0,1.98,1.722,0.258,0.0
Malkauns#1,Malkauns,g m n d m,Malkauns/train_[VPnftPyRQDo]_chunk4.mp3,VPnftPyRQDo,26.6,27.08,2.072,2.072,0.0,0.0
Malkauns#1,Malkauns,g m n d m,Malkauns/train_[u10S3f-p3Wk]_chunk4.mp3,u10S3f-p3Wk,4.92,5.48,2.185,2.023,0.161,0.0
Malkauns#1,Malkauns,g m n d m,Malkauns/train_[u10S3f-p3Wk]_chunk1.mp3,u10S3f-p3Wk,18.2,18.95,2.278,0.873,0.405,0.0
Malkauns#1,Malkauns,g m n d m,Malkauns/train_[VPnftPyRQDo]_chunk4.mp3,VPnftPyRQDo,16.27,17.19,2.451,1.111,0.319,0.021
Malkauns#1,Malkauns,g m n d m,Malkauns/train_[u10S3f-p3Wk]_chunk0.mp3,u10S3f-p3Wk,17.88,18.76,2.466,0.977,0.49,0.0
Malkauns#1,Malkauns,g m n d m,Malkauns/train_[HTXm4asuA4s]_chunk0.mp3,HTXm4asuA4s,2.86,5.26,2.627,0.208,0.379,0.04
Malkauns#1,Malkauns,g m n d m,Malkauns/train_[HTXm4asuA4s]_chunk0.mp3,HTXm4asuA4s,17.88,19.08,2.677,2.608,0.034,0.034
Malkauns#1,Malkauns,g m n d m,Malkauns/train_[g8Su1mShMKc]_chunk3.mp3,g8Su1mShMKc,8.27,8.71,2.823,2.823,0.0,0.0
Malkauns#1,Malkauns,g m n d m,Malkauns/train_[4DQZkKgACeA]_chunk2.mp3,4DQZkKgACeA,5.39,6.19,2.836,2.725,0.111,0.0
Malkauns#1,Malkauns,g m n d m,Malkauns/train_[LTFMaLfEmEk]_chunk2.mp3,LTFMaLfEmEk,12.91,13.94,2.997,2.997,0.0,0.0
Malkauns#1,Malkauns,g m n d m,Malkauns/train_[4DQZkKgACeA]_chunk0.mp3,4DQZkKgACeA,17.53,17.88,3.0,3.0,0.0,0.0
Malkauns#1,Malkauns,g m n d m,Malkauns/train_[4DQZkKgACeA]_chunk0.mp3,4DQZkKgACeA,18.77,19.27,3.0,3.0,0.0,0.0
Malkauns#1,Malkauns,g m n d m,Malkauns/train_[4DQZkKgACeA]_chunk0.mp3,4DQZkKgACeA,10.24,10.61,3.0,3.0,0.0,0.0
Malkauns#1,Malkauns,g m n d m,Malkauns/train_[4DQZkKgACeA]_chunk0.mp3,4DQZkKgACeA,9.78,10.15,3.0,3.0,0.0,0.0
Malkauns#1,Malkauns,g m n d m,Malkauns/train_[4DQZkKgACeA]_chunk1.mp3,4DQZkKgACeA,13.42,13.85,3.0,3.0,0.0,0.0
Malkauns#1,Malkauns,g m n d m,Malkauns/train_[4DQZkKgACeA]_chunk1.mp3,4DQZkKgACeA,12.92,13.28,3.0,3.0,0.0,0.0
Malkauns#1,Malkauns,g m n d m,Malkauns/train_[4DQZkKgACeA]_chunk1.mp3,4DQZkKgACeA,14.33,14.7,3.0,3.0,0.0,0.0
Malkauns#1,Malkauns,g m n d m,Malkauns/train_[4DQZkKgACeA]_chunk1.mp3,4DQZkKgACeA,9.12,9.48,3.0,3.0,0.0,0.0
Malkauns#1,Malkauns,g m n d m,Malkauns/train_[4DQZkKgACeA]_chunk1.mp3,4DQZkKgACeA,15.02,15.66,3.0,3.0,0.0,0.0
Malkauns#1,Malkauns,g m n d m,Malkauns/train_[4DQZkKgACeA]_chunk2.mp3,4DQZkKgACeA,0.55,1.33,3.0,3.0,0.0,0.0
Malkauns#1,Malkauns,g m n d m,Malkauns/train_[4DQZkKgACeA]_chunk2.mp3,4DQZkKgACeA,14.95,15.36,3.0,3.0,0.0,0.0
Malkauns#1,Malkauns,g m n d m,Malkauns/train_[4DQZkKgACeA]_chunk2.mp3,4DQZkKgACeA,0.55,3.38,3.0,3.0,0.0,0.0
Malkauns#1,Malkauns,g m n d m,Malkauns/train_[4DQZkKgACeA]_chunk2.mp3,4DQZkKgACeA,6.6,7.15,3.0,3.0,0.0,0.0
Malkauns#1,Malkauns,g m n d m,Malkauns/train_[4DQZkKgACeA]_chunk4.mp3,4DQZkKgACeA,25.76,26.22,3.0,3.0,0.0,0.0
Malkauns#1,Malkauns,g m n d m,Malkauns/train_[4DQZkKgACeA]_chunk4.mp3,4DQZkKgACeA,0.78,1.28,3.0,3.0,0.0,0.0
Malkauns#1,Malkauns,g m n d m,Malkauns/train_[HTXm4asuA4s]_chunk0.mp3,HTXm4asuA4s,1.8,2.45,3.0,3.0,0.0,0.0
Malkauns#1,Malkauns,g m n d m,Malkauns/train_[HTXm4asuA4s]_chunk0.mp3,HTXm4asuA4s,12.14,12.5,3.0,3.0,0.0,0.0
Malkauns#1,Malkauns,g m n d m,Malkauns/train_[HTXm4asuA4s]_chunk0.mp3,HTXm4asuA4s,12.82,13.17,3.0,3.0,0.0,0.0
Malkauns#1,Malkauns,g m n d m,Malkauns/train_[HTXm4asuA4s]_chunk1.mp3,HTXm4asuA4s,6.92,8.25,3.0,3.0,0.0,0.0
Malkauns#1,Malkauns,g m n d m,Malkauns/train_[HTXm4asuA4s]_chunk1.mp3,HTXm4asuA4s,6.92,8.25,3.0,3.0,0.0,0.0
Malkauns#1,Malkauns,g m n d m,Malkauns/train_[HTXm4asuA4s]_chunk1.mp3,HTXm4asuA4s,6.92,8.25,3.0,3.0,0.0,0.0
Malkauns#1,Malkauns,g m n d m,Malkauns/train_[HTXm4asuA4s]_chunk1.mp3,HTXm4asuA4s,6.92,8.25,3.0,3.0,0.0,0.0
Malkauns#1,Malkauns,g m n d m,Malkauns/train_[HTXm4asuA4s]_chunk1.mp3,HTXm4asuA4s,6.56,8.25,3.0,3.0,0.0,0.0
Malkauns#1,Malkauns,g m n d m,Malkauns/train_[HTXm4asuA4s]_chunk2.mp3,HTXm4asuA4s,11.36,11.72,3.0,3.0,0.0,0.0
Malkauns#1,Malkauns,g m n d m,Malkauns/train_[HTXm4asuA4s]_chunk2.mp3,HTXm4asuA4s,12.05,12.41,3.0,3.0,0.0,0.0
Malkauns#1,Malkauns,g m n d m,Malkauns/train_[HTXm4asuA4s]_chunk2.mp3,HTXm4asuA4s,17.96,18.31,3.0,3.0,0.0,0.0
Malkauns#1,Malkauns,g m n d m,Malkauns/train_[HTXm4asuA4s]_chunk3.mp3,HTXm4asuA4s,6.97,8.07,3.0,3.0,0.0,0.0
Malkauns#1,Malkauns,g m n d m,Malkauns/train_[HTXm4asuA4s]_chunk3.mp3,HTXm4asuA4s,11.56,11.91,3.0,3.0,0.0,0.0
Malkauns#1,Malkauns,g m n d m,Malkauns/train_[HTXm4asuA4s]_chunk3.mp3,HTXm4asuA4s,12.11,12.46,3.0,3.0,0.0,0.0
Malkauns#1,Malkauns,g m n d m,Malkauns/train_[LTFMaLfEmEk]_chunk0.mp3,LTFMaLfEmEk,12.96,13.32,3.0,3.0,0.0,0.0
Malkauns#1,Malkauns,g m n d m,Malkauns/train_[LTFMaLfEmEk]_chunk0.mp3,LTFMaLfEmEk,17.88,18.26,3.0,3.0,0.0,0.0
Malkauns#1,Malkauns,g m n d m,Malkauns/train_[LTFMaLfEmEk]_chunk0.mp3,LTFMaLfEmEk,6.68,8.04,3.0,3.0,0.0,0.0
Malkauns#1,Malkauns,g m n d m,Malkauns/train_[LTFMaLfEmEk]_chunk0.mp3,LTFMaLfEmEk,6.67,8.02,3.0,3.0,0.0,0.0
Malkauns#1,Malkauns,g m n d m,Malkauns/train_[LTFMaLfEmEk]_chunk0.mp3,LTFMaLfEmEk,6.7,8.05,3.0,3.0,0.0,0.0
Malkauns#1,Malkauns,g m n d m,Malkauns/train_[LTFMaLfEmEk]_chunk1.mp3,LTFMaLfEmEk,5.51,5.9,3.0,3.0,0.0,0.0
Malkauns#1,Malkauns,g m n d m,Malkauns/train_[LTFMaLfEmEk]_chunk1.mp3,LTFMaLfEmEk,7.22,7.61,3.0,3.0,0.0,0.0
Malkauns#1,Malkauns,g m n d m,Malkauns/train_[LTFMaLfEmEk]_chunk1.mp3,LTFMaLfEmEk,19.56,19.91,3.0,3.0,0.0,0.0
Malkauns#1,Malkauns,g m n d m,Malkauns/train_[LTFMaLfEmEk]_chunk1.mp3,LTFMaLfEmEk,8.82,9.17,3.0,3.0,0.0,0.0
Malkauns#1,Malkauns,g m n d m,Malkauns/train_[LTFMaLfEmEk]_chunk1.mp3,LTFMaLfEmEk,8.07,8.43,3.0,3.0,0.0,0.0
Malkauns#1,Malkauns,g m n d m,Malkauns/train_[LTFMaLfEmEk]_chunk2.mp3,LTFMaLfEmEk,18.03,18.6,3.0,3.0,0.0,0.0
Malkauns#1,Malkauns,g m n d m,Malkauns/train_[LTFMaLfEmEk]_chunk2.mp3,LTFMaLfEmEk,0.25,0.6,3.0,3.0,0.0,0.0
Malkauns#1,Malkauns,g m n d m,Malkauns/train_[LTFMaLfEmEk]_chunk2.mp3,LTFMaLfEmEk,6.35,6.76,3.0,3.0,0.0,0.0
Malkauns#1,Malkauns,g m n d m,Malkauns/train_[LTFMaLfEmEk]_chunk2.mp3,LTFMaLfEmEk,15.68,16.07,3.0,3.0,0.0,0.0
Malkauns#1,Malkauns,g m n d m,Malkauns/train_[LTFMaLfEmEk]_chunk3.mp3,LTFMaLfEmEk,4.48,4.84,3.0,3.0,0.0,0.0
Malkauns#1,Malkauns,g m n d m,Malkauns/train_[LTFMaLfEmEk]_chunk3.mp3,LTFMaLfEmEk,4.2,4.55,3.0,3.0,0.0,0.0
Malkauns#1,Malkauns,g m n d m,Malkauns/train_[LTFMaLfEmEk]_chunk3.mp3,LTFMaLfEmEk,6.72,7.08,3.0,3.0,0.0,0.0
Malkauns#1,Malkauns,g m n d m,Malkauns/train_[LTFMaLfEmEk]_chunk3.mp3,LTFMaLfEmEk,2.49,2.84,3.0,3.0,0.0,0.0
Malkauns#1,Malkauns,g m n d m,Malkauns/train_[LTFMaLfEmEk]_chunk3.mp3,LTFMaLfEmEk,0.04,0.39,3.0,3.0,0.0,0.0
Malkauns#1,Malkauns,g m n d m,Malkauns/train_[LTFMaLfEmEk]_chunk4.mp3,LTFMaLfEmEk,13.56,15.4,3.0,3.0,0.0,0.0
Malkauns#1,Malkauns,g m n d m,Malkauns/train_[LTFMaLfEmEk]_chunk4.mp3,LTFMaLfEmEk,13.56,14.15,3.0,3.0,0.0,0.0
Malkauns#1,Malkauns,g m n d m,Malkauns/train_[LTFMaLfEmEk]_chunk4.mp3,LTFMaLfEmEk,18.92,19.27,3.0,3.0,0.0,0.0
Malkauns#1,Malkauns,g m n d m,Malkauns/train_[LTFMaLfEmEk]_chunk4.mp3,LTFMaLfEmEk,17.44,17.8,3.0,3.0,0.0,0.0
Malkauns#1,Malkauns,g m n d m,Malkauns/train_[LTFMaLfEmEk]_chunk4.mp3,LTFMaLfEmEk,17.92,18.28,3.0,3.0,0.0,0.0
Malkauns#1,Malkauns,g m n d m,Malkauns/train_[VPnftPyRQDo]_chunk0.mp3,VPnftPyRQDo,15.32,16.68,3.0,3.0,0.0,0.0
Malkauns#1,Malkauns,g m n d m,Malkauns/train_[VPnftPyRQDo]_chunk0.mp3,VPnftPyRQDo,14.72,15.13,3.0,3.0,0.0,0.0
Malkauns#1,Malkauns,g m n d m,Malkauns/train_[VPnftPyRQDo]_chunk0.mp3,VPnftPyRQDo,15.32,16.68,3.0,3.0,0.0,0.0
Malkauns#1,Malkauns,g m n d m,Malkauns/train_[VPnftPyRQDo]_chunk0.mp3,VPnftPyRQDo,15.32,16.68,3.0,3.0,0.0,0.0
Malkauns#1,Malkauns,g m n d m,Malkauns/train_[VPnftPyRQDo]_chunk0.mp3,VPnftPyRQDo,15.32,16.68,3.0,3.0,0.0,0.0
Malkauns#1,Malkauns,g m n d m,Malkauns/train_[VPnftPyRQDo]_chunk1.mp3,VPnftPyRQDo,19.96,20.36,3.0,3.0,0.0,0.0
Malkauns#1,Malkauns,g m n d m,Malkauns/train_[VPnftPyRQDo]_chunk2.mp3,VPnftPyRQDo,19.54,20.16,3.0,3.0,0.0,0.0
Malkauns#1,Malkauns,g m n d m,Malkauns/train_[VPnftPyRQDo]_chunk2.mp3,VPnftPyRQDo,20.21,20.59,3.0,3.0,0.0,0.0
Malkauns#1,Malkauns,g m n d m,Malkauns/train_[VPnftPyRQDo]_chunk2.mp3,VPnftPyRQDo,19.31,20.16,3.0,3.0,0.0,0.0
Malkauns#1,Malkauns,g m n d m,Malkauns/train_[VPnftPyRQDo]_chunk2.mp3,VPnftPyRQDo,24.3,24.76,3.0,3.0,0.0,0.0
Malkauns#1,Malkauns,g m n d m,Malkauns/train_[VPnftPyRQDo]_chunk2.mp3,VPnftPyRQDo,6.47,6.92,3.0,3.0,0.0,0.0
Malkauns#1,Malkauns,g m n d m,Malkauns/train_[c1j0EsO-MgE]_chunk0.mp3,c1j0EsO-MgE,3.57,4.12,3.0,3.0,0.0,0.0
Malkauns#1,Malkauns,g m n d m,Malkauns/train_[c1j0EsO-MgE]_chunk3.mp3,c1j0EsO-MgE,14.67,15.02,3.0,3.0,0.0,0.0
Malkauns#1,Malkauns,g m n d m,Malkauns/train_[g8Su1mShMKc]_chunk0.mp3,g8Su1mShMKc,37.23,37.74,3.0,3.0,0.0,0.0
Malkauns#1,Malkauns,g m n d m,Malkauns/train_[g8Su1mShMKc]_chunk0.mp3,g8Su1mShMKc,23.22,23.66,3.0,3.0,0.0,0.0
Malkauns#1,Malkauns,g m n d m,Malkauns/train_[g8Su1mShMKc]_chunk0.mp3,g8Su1mShMKc,15.5,16.05,3.0,3.0,0.0,0.0
Malkauns#1,Malkauns,g m n d m,Malkauns/train_[g8Su1mShMKc]_chunk0.mp3,g8Su1mShMKc,15.84,16.27,3.0,3.0,0.0,0.0
Malkauns#1,Malkauns,g m n d m,Malkauns/train_[g8Su1mShMKc]_chunk0.mp3,g8Su1mShMKc,22.72,23.08,3.0,3.0,0.0,0.0
Malkauns#1,Malkauns,g m n d m,Malkauns/train_[g8Su1mShMKc]_chunk1.mp3,g8Su1mShMKc,28.85,29.39,3.0,3.0,0.0,0.0
Malkauns#1,Malkauns,g m n d m,Malkauns/train_[g8Su1mShMKc]_chunk1.mp3,g8Su1mShMKc,35.68,36.05,3.0,3.0,0.0,0.0
Malkauns#1,Malkauns,g m n d m,Malkauns/train_[g8Su1mShMKc]_chunk1.mp3,g8Su1mShMKc,14.77,15.13,3.0,3.0,0.0,0.0
Malkauns#1,Malkauns,g m n d m,Malkauns/train_[g8Su1mShMKc]_chunk1.mp3,g8Su1mShMKc,12.21,12.57,3.0,3.0,0.0,0.0
Malkauns#1,Malkauns,g m n d m,Malkauns/train_[g8Su1mShMKc]_chunk1.mp3,g8Su1mShMKc,37.53,37.88,3.0,3.0,0.0,0.0
Malkauns#1,Malkauns,g m n d m,Malkauns/train_[g8Su1mShMKc]_chunk2.mp3,g8Su1mShMKc,23.68,24.2,3.0,3.0,0.0,0.0
Malkauns#1,Malkauns,g m n d m,Malkauns/train_[g8Su1mShMKc]_chunk2.mp3,g8Su1mShMKc,25.26,25.71,3.0,3.0,0.0,0.0
Malkauns#1,Malkauns,g m n d m,Malkauns/train_[ivUt1A4kb58]_chunk0.mp3,ivUt1A4kb58,7.95,9.0,3.0,3.0,0.0,0.0
Malkauns#1,Malkauns,g m n d m,Malkauns/train_[ivUt1A4kb58]_chunk0.mp3,ivUt1A4kb58,14.22,14.74,3.0,3.0,0.0,0.0
Malkauns#1,Malkauns,g m n d m,Malkauns/train_[ivUt1A4kb58]_chunk0.mp3,ivUt1A4kb58,13.3,14.03,3.0,3.0,0.0,0.0
Malkauns#1,Malkauns,g m n d m,Malkauns/train_[ivUt1A4kb58]_chunk0.mp3,ivUt1A4kb58,12.76,13.32,3.0,3.0,0.0,0.0
Malkauns#1,Malkauns,g m n d m,Malkauns/train_[ivUt1A4kb58]_chunk0.mp3,ivUt1A4kb58,12.57,13.32,3.0,3.0,0.0,0.0
Malkauns#1,Malkauns,g m n d m,Malkauns/train_[ivUt1A4kb58]_chunk1.mp3,ivUt1A4kb58,22.22,22.61,3.0,3.0,0.0,0.0
Malkauns#1,Malkauns,g m n d m,Malkauns/train_[ivUt1A4kb58]_chunk2.mp3,ivUt1A4kb58,9.24,9.6,3.0,3.0,0.0,0.0
Malkauns#1,Malkauns,g m n d m,Malkauns/train_[ivUt1A4kb58]_chunk3.mp3,ivUt1A4kb58,23.89,24.25,3.0,3.0,0.0,0.0
Malkauns#1,Malkauns,g m n d m,Malkauns/train_[ivUt1A4kb58]_chunk3.mp3,ivUt1A4kb58,12.48,12.84,3.0,3.0,0.0,0.0
Malkauns#1,Malkauns,g m n d m,Malkauns/train_[ivUt1A4kb58]_chunk4.mp3,ivUt1A4kb58,26.13,26.68,3.0,3.0,0.0,0.0
Malkauns#1,Malkauns,g m n d m,Malkauns/train_[ivUt1A4kb58]_chunk4.mp3,ivUt1A4kb58,19.0,19.4,3.0,3.0,0.0,0.0
Malkauns#1,Malkauns,g m n d m,Malkauns/train_[ssO9fHiDJrg]_chunk0.mp3,ssO9fHiDJrg,7.73,8.11,3.0,3.0,0.0,0.0
Malkauns#1,Malkauns,g m n d m,Malkauns/train_[ssO9fHiDJrg]_chunk0.mp3,ssO9fHiDJrg,8.64,9.37,3.0,3.0,0.0,0.0
Malkauns#1,Malkauns,g m n d m,Malkauns/train_[ssO9fHiDJrg]_chunk0.mp3,ssO9fHiDJrg,5.53,6.08,3.0,3.0,0.0,0.0
Malkauns#1,Malkauns,g m n d m,Malkauns/train_[ssO9fHiDJrg]_chunk0.mp3,ssO9fHiDJrg,5.88,6.31,3.0,3.0,0.0,0.0
Malkauns#1,Malkauns,g m n d m,Malkauns/train_[ssO9fHiDJrg]_chunk0.mp3,ssO9fHiDJrg,5.37,6.08,3.0,3.0,0.0,0.0
Malkauns#1,Malkauns,g m n d m,Malkauns/train_[ssO9fHiDJrg]_chunk1.mp3,ssO9fHiDJrg,9.65,10.03,3.0,3.0,0.0,0.0
Malkauns#1,Malkauns,g m n d m,Malkauns/train_[ssO9fHiDJrg]_chunk1.mp3,ssO9fHiDJrg,22.81,23.4,3.0,3.0,0.0,0.0
Malkauns#1,Malkauns,g m n d m,Malkauns/train_[ssO9fHiDJrg]_chunk1.mp3,ssO9fHiDJrg,22.81,23.64,3.0,3.0,0.0,0.0
Malkauns#1,Malkauns,g m n d m,Malkauns/train_[ssO9fHiDJrg]_chunk1.mp3,ssO9fHiDJrg,22.81,23.73,3.0,3.0,0.0,0.0
Malkauns#1,Malkauns,g m n d m,Malkauns/train_[ssO9fHiDJrg]_chunk1.mp3,ssO9fHiDJrg,17.23,17.58,3.0,3.0,0.0,0.0
Malkauns#1,Malkauns,g m n d m,Malkauns/train_[ssO9fHiDJrg]_chunk2.mp3,ssO9fHiDJrg,5.28,5.78,3.0,3.0,0.0,0.0
Malkauns#1,Malkauns,g m n d m,Malkauns/train_[ssO9fHiDJrg]_chunk2.mp3,ssO9fHiDJrg,21.05,22.42,3.0,3.0,0.0,0.0
Malkauns#1,Malkauns,g m n d m,Malkauns/train_[ssO9fHiDJrg]_chunk2.mp3,ssO9fHiDJrg,6.47,6.86,3.0,3.0,0.0,0.0
Malkauns#1,Malkauns,g m n d m,Malkauns/train_[ssO9fHiDJrg]_chunk2.mp3,ssO9fHiDJrg,21.03,21.39,3.0,3.0,0.0,0.0
Malkauns#1,Malkauns,g m n d m,Malkauns/train_[ssO9fHiDJrg]_chunk2.mp3,ssO9fHiDJrg,8.55,8.91,3.0,3.0,0.0,0.0
Malkauns#1,Malkauns,g m n d m,Malkauns/train_[ssO9fHiDJrg]_chunk3.mp3,ssO9fHiDJrg,6.56,7.0,3.0,3.0,0.0,0.0
Malkauns#1,Malkauns,g m n d m,Malkauns/train_[ssO9fHiDJrg]_chunk3.mp3,ssO9fHiDJrg,10.22,10.81,3.0,3.0,0.0,0.0
Malkauns#1,Malkauns,g m n d m,Malkauns/train_[ssO9fHiDJrg]_chunk3.mp3,ssO9fHiDJrg,6.19,6.56,3.0,3.0,0.0,0.0
Malkauns#1,Malkauns,g m n d m,Malkauns/train_[ssO9fHiDJrg]_chunk3.mp3,ssO9fHiDJrg,5.69,6.13,3.0,3.0,0.0,0.0
Malkauns#1,Malkauns,g m n d m,Malkauns/train_[ssO9fHiDJrg]_chunk3.mp3,ssO9fHiDJrg,5.99,6.56,3.0,3.0,0.0,0.0
Malkauns#1,Malkauns,g m n d m,Malkauns/train_[ssO9fHiDJrg]_chunk4.mp3,ssO9fHiDJrg,3.24,3.59,3.0,3.0,0.0,0.0
Malkauns#1,Malkauns,g m n d m,Malkauns/train_[ssO9fHiDJrg]_chunk4.mp3,ssO9fHiDJrg,5.08,5.44,3.0,3.0,0.0,0.0
Malkauns#1,Malkauns,g m n d m,Malkauns/train_[ssO9fHiDJrg]_chunk4.mp3,ssO9fHiDJrg,20.37,20.73,3.0,3.0,0.0,0.0
Malkauns#1,Malkauns,g m n d m,Malkauns/train_[u10S3f-p3Wk]_chunk0.mp3,u10S3f-p3Wk,4.16,4.71,3.0,3.0,0.0,0.0
Malkauns#1,Malkauns,g m n d m,Malkauns/train_[u10S3f-p3Wk]_chunk0.mp3,u10S3f-p3Wk,2.28,2.63,3.0,3.0,0.0,0.0
Malkauns#1,Malkauns,g m n d m,Malkauns/train_[u10S3f-p3Wk]_chunk1.mp3,u10S3f-p3Wk,11.95,13.16,3.0,3.0,0.0,0.0
Malkauns#1,Malkauns,g m n d m,Malkauns/train_[u10S3f-p3Wk]_chunk1.mp3,u10S3f-p3Wk,16.28,16.64,3.0,3.0,0.0,0.0
Malkauns#1,Malkauns,g m n d m,Malkauns/train_[u10S3f-p3Wk]_chunk2.mp3,u10S3f-p3Wk,11.56,12.07,3.0,3.0,0.0,0.0
Malkauns#1,Malkauns,g m n d m,Malkauns/train_[u10S3f-p3Wk]_chunk3.mp3,u10S3f-p3Wk,0.14,0.52,3.0,3.0,0.0,0.0
Malkauns#1,Malkauns,g m n d m,Malkauns/train_[u10S3f-p3Wk]_chunk4.mp3,u10S3f-p3Wk,4.41,4.84,3.0,3.0,0.0,0.0
Malkauns#1,Malkauns,g m n d m,Malkauns/train_[u10S3f-p3Wk]_chunk4.mp3,u10S3f-p3Wk,6.33,6.68,3.0,3.0,0.0,0.0
Malkauns#1,Malkauns,g m n d m,Malkauns/train_[xGBsWT5199U]_chunk0.mp3,xGBsWT5199U,11.4,11.82,3.0,3.0,0.0,0.0
Malkauns#1,Malkauns,g m n d m,Malkauns/train_[xGBsWT5199U]_chunk3.mp3,xGBsWT5199U,17.17,17.53,3.0,3.0,0.0,0.0
Malkauns#1,Malkauns,g m n d m,Malkauns/train_[xGBsWT5199U]_chunk3.mp3,xGBsWT5199U,6.95,7.31,3.0,3.0,0.0,0.0
Malkauns#1,Malkauns,g m n d m,Malkauns/train_[xGBsWT5199U]_chunk3.mp3,xGBsWT5199U,6.56,6.92,3.0,3.0,0.0,0.0
Malkauns#1,Malkauns,g m n d m,Malkauns/train_[xGBsWT5199U]_chunk3.mp3,xGBsWT5199U,6.35,6.7,3.0,3.0,0.0,0.0
Malkauns#1,Malkauns,g m n d m,Malkauns/train_[xGBsWT5199U]_chunk3.mp3,xGBsWT5199U,7.22,7.57,3.0,3.0,0.0,0.0
Malkauns#1,Malkauns,g m n d m,Malkauns/train_[xGBsWT5199U]_chunk4.mp3,xGBsWT5199U,5.35,6.22,3.0,3.0,0.0,0.0
Malkauns#1,Malkauns,g m n d m,Malkauns/train_[xGBsWT5199U]_chunk4.mp3,xGBsWT5199U,3.93,4.37,3.0,3.0,0.0,0.0
Malkauns#1,Malkauns,g m n d m,Malkauns/train_[xGBsWT5199U]_chunk4.mp3,xGBsWT5199U,14.6,14.99,3.0,3.0,0.0,0.0
Malkauns#1,Malkauns,g m n d m,Malkauns/train_[xGBsWT5199U]_chunk4.mp3,xGBsWT5199U,6.7,7.27,3.0,3.0,0.0,0.0
Malkauns#1,Malkauns,g m n d m,Malkauns/train_[xGBsWT5199U]_chunk4.mp3,xGBsWT5199U,6.44,6.9,3.0,3.0,0.0,0.0
Malkauns#1,Malkauns,g m n d m,Malkauns/train_[u10S3f-p3Wk]_chunk2.mp3,u10S3f-p3Wk,8.14,10.51,3.008,3.0,0.008,0.0
Malkauns#1,Malkauns,g m n d m,Malkauns/train_[u10S3f-p3Wk]_chunk2.mp3,u10S3f-p3Wk,8.14,8.73,3.03,3.0,0.03,0.0
Malkauns#1,Malkauns,g m n d m,Malkauns/train_[g8Su1mShMKc]_chunk2.mp3,g8Su1mShMKc,8.59,12.53,3.032,3.0,0.0,0.032
Malkauns#1,Malkauns,g m n d m,Malkauns/train_[HTXm4asuA4s]_chunk4.mp3,HTXm4asuA4s,19.56,20.0,3.04,3.0,0.04,0.0
Malkauns#1,Malkauns,g m n d m,Malkauns/train_[u10S3f-p3Wk]_chunk1.mp3,u10S3f-p3Wk,3.09,3.54,3.04,3.0,0.04,0.0
Malkauns#1,Malkauns,g m n d m,Malkauns/train_[g8Su1mShMKc]_chunk2.mp3,g8Su1mShMKc,1.85,3.27,3.042,3.0,0.0,0.042
Malkauns#1,Malkauns,g m n d m,Malkauns/train_[u10S3f-p3Wk]_chunk2.mp3,u10S3f-p3Wk,0.0,0.44,3.042,3.0,0.042,0.0
Malkauns#1,Malkauns,g m n d m,Malkauns/train_[g8Su1mShMKc]_chunk2.mp3,g8Su1mShMKc,1.85,3.25,3.043,3.0,0.0,0.043
Malkauns#1,Malkauns,g m n d m,Malkauns/train_[VPnftPyRQDo]_chunk3.mp3,VPnftPyRQDo,5.14,5.87,3.045,3.0,0.045,0.0
Malkauns#1,Malkauns,g m n d m,Malkauns/train_[VPnftPyRQDo]_chunk3.mp3,VPnftPyRQDo,10.4,10.79,3.045,3.0,0.045,0.0
Malkauns#1,Malkauns,g m n d m,Malkauns/train_[ssO9fHiDJrg]_chunk4.mp3,ssO9fHiDJrg,8.04,8.48,3.045,3.0,0.0,0.045
Malkauns#1,Malkauns,g m n d m,Malkauns/train_[ivUt1A4kb58]_chunk3.mp3,ivUt1A4kb58,11.61,11.98,3.048,3.0,0.048,0.0
Malkauns#1,Malkauns,g m n d m,Malkauns/train_[c1j0EsO-MgE]_chunk0.mp3,c1j0EsO-MgE,9.0,9.55,3.05,3.0,0.0,0.05
Malkauns#1,Malkauns,g m n d m,Malkauns/train_[4DQZkKgACeA]_chunk0.mp3,4DQZkKgACeA,23.11,23.64,3.067,3.0,0.067,0.0
Malkauns#1,Malkauns,g m n d m,Malkauns/train_[ivUt1A4kb58]_chunk4.mp3,ivUt1A4kb58,20.6,21.12,3.069,3.0,0.0,0.069
Malkauns#1,Malkauns,g m n d m,Malkauns/train_[u10S3f-p3Wk]_chunk0.mp3,u10S3f-p3Wk,1.78,2.4,3.086,3.0,0.086,0.0
Malkauns#1,Malkauns,g m n d m,Malkauns/train_[ivUt1A4kb58]_chunk3.mp3,ivUt1A4kb58,8.8,11.24,3.088,3.0,0.0,0.088
Malkauns#1,Malkauns,g m n d m,Malkauns/train_[u10S3f-p3Wk]_chunk0.mp3,u10S3f-p3Wk,10.86,11.25,3.091,3.0,0.091,0.0
Malkauns#1,Malkauns,g m n d m,Malkauns/train_[u10S3f-p3Wk]_chunk3.mp3,u10S3f-p3Wk,16.53,17.35,3.091,3.0,0.0,0.091
Malkauns#1,Malkauns,g m n d m,Malkauns/train_[c1j0EsO-MgE]_chunk0.mp3,c1j0EsO-MgE,13.44,13.8,3.1,3.0,0.0,0.1
Malkauns#1,Malkauns,g m n d m,Malkauns/train_[c1j0EsO-MgE]_chunk0.mp3,c1j0EsO-MgE,13.92,14.28,3.1,3.0,0.0,0.1
Malkauns#1,Malkauns,g m n d m,Malkauns/train_[HTXm4asuA4s]_chunk3.mp3,HTXm4asuA4s,8.92,9.55,3.114,3.0,0.0,0.114
Malkauns#1,Malkauns,g m n d m,Malkauns/train_[u10S3f-p3Wk]_chunk4.mp3,u10S3f-p3Wk,3.93,4.66,3.132,2.862,0.27,0.0
Malkauns#1,Malkauns,g m n d m,Malkauns/train_[HTXm4asuA4s]_chunk2.mp3,HTXm4asuA4s,4.27,4.96,3.139,3.0,0.083,0.056
Malkauns#1,Malkauns,g m n d m,Malkauns/train_[HTXm4asuA4s]_chunk4.mp3,HTXm4asuA4s,19.04,19.54,3.143,3.0,0.0,0.143
Malkauns#1,Malkauns,g m n d m,Malkauns/train_[ivUt1A4kb58]_chunk4.mp3,ivUt1A4kb58,17.42,17.92,3.143,3.0,0.036,0.107
Malkauns#1,Malkauns,g m n d m,Malkauns/train_[ivUt1A4kb58]_chunk4.mp3,ivUt1A4kb58,17.26,17.62,3.15,3.0,0.0,0.15
Malkauns#1,Malkauns,g m n d m,Malkauns/train_[4DQZkKgACeA]_chunk3.mp3,4DQZkKgACeA,23.63,24.52,3.152,3.0,0.0,0.152
Malkauns#1,Malkauns,g m n d m,Malkauns/train_[g8Su1mShMKc]_chunk3.mp3,g8Su1mShMKc,27.91,28.39,3.154,3.0,0.154,0.0
Malkauns#1,Malkauns,g m n d m,Malkauns/train_[g8Su1mShMKc]_chunk4.mp3,g8Su1mShMKc,17.14,18.38,3.157,3.0,0.0,0.157
Malkauns#1,Malkauns,g m n d m,Malkauns/train_[u10S3f-p3Wk]_chunk1.mp3,u10S3f-p3Wk,3.48,3.93,3.16,3.0,0.0,0.16
Malkauns#1,Malkauns,g m n d m,Malkauns/train_[ivUt1A4kb58]_chunk1.mp3,ivUt1A4kb58,1.3,1.94,3.161,3.0,0.161,0.0
Malkauns#1,Malkauns,g m n d m,Malkauns/train_[g8Su1mShMKc]_chunk4.mp3,g8Su1mShMKc,3.73,4.28,3.167,3.0,0.0,0.167
Malkauns#1,Malkauns,g m n d m,Malkauns/train_[4DQZkKgACeA]_chunk3.mp3,4DQZkKgACeA,8.41,9.8,3.182,3.0,0.0,0.182
Malkauns#1,Malkauns,g m n d m,Malkauns/train_[c1j0EsO-MgE]_chunk0.mp3,c1j0EsO-MgE,11.93,12.57,3.185,3.0,0.0,0.185
Malkauns#1,Malkauns,g m n d m,Malkauns/train_[HTXm4asuA4s]_chunk2.mp3,HTXm4asuA4s,13.53,14.56,3.19,3.0,0.086,0.103
Malkauns#1,Malkauns,g m n d m,Malkauns/train_[4DQZkKgACeA]_chunk3.mp3,4DQZkKgACeA,8.41,9.78,3.19,3.0,0.0,0.19
Malkauns#1,Malkauns,g m n d m,Malkauns/train_[c1j0EsO-MgE]_chunk1.mp3,c1j0EsO-MgE,8.91,9.64,3.195,3.0,0.0,0.195
Malkauns#1,Malkauns,g m n d m,Malkauns/train_[4DQZkKgACeA]_chunk3.mp3,4DQZkKgACeA,8.41,9.76,3.2,3.0,0.0,0.2
Malkauns#1,Malkauns,g m n d m,Malkauns/train_[c1j0EsO-MgE]_chunk1.mp3,c1j0EsO-MgE,6.08,6.44,3.2,3.0,0.0,0.2
Malkauns#1,Malkauns,g m n d m,Malkauns/train_[c1j0EsO-MgE]_chunk3.mp3,c1j0EsO-MgE,17.37,19.08,3.2,3.0,0.0,0.2
Malkauns#1,Malkauns,g m n d m,Malkauns/train_[xGBsWT5199U]_chunk0.mp3,xGBsWT5199U,7.47,8.57,3.203,3.0,0.0,0.203
Malkauns#1,Malkauns,g m n d m,Malkauns/train_[HTXm4asuA4s]_chunk3.mp3,HTXm4asuA4s,8.12,8.53,3.217,3.0,0.0,0.217
Malkauns#1,Malkauns,g m n d m,Malkauns/train_[ivUt1A4kb58]_chunk3.mp3,ivUt1A4kb58,14.86,15.48,3.229,3.0,0.0,0.229
Malkauns#1,Malkauns,g m n d m,Malkauns/train_[ivUt1A4kb58]_chunk2.mp3,ivUt1A4kb58,11.95,14.31,3.229,3.0,0.137,0.092
Malkauns#1,Malkauns,g m n d m,Malkauns/train_[4DQZkKgACeA]_chunk3.mp3,4DQZkKgACeA,8.39,9.74,3.25,3.0,0.0,0.25
Malkauns#1,Malkauns,g m n d m,Malkauns/train_[c1j0EsO-MgE]_chunk1.mp3,c1j0EsO-MgE,6.33,6.77,3.25,3.0,0.0,0.25
Malkauns#1,Malkauns,g m n d m,Malkauns/train_[ivUt1A4kb58]_chunk1.mp3,ivUt1A4kb58,1.69,2.31,3.25,3.0,0.0,0.25
Malkauns#1,Malkauns,g m n d m,Malkauns/train_[ivUt1A4kb58]_chunk2.mp3,ivUt1A4kb58,14.15,14.51,3.25,3.0,0.0,0.25
Malkauns#1,Malkauns,g m n d m,Malkauns/train_[xGBsWT5199U]_chunk2.mp3,xGBsWT5199U,6.15,6.72,3.25,3.0,0.0,0.25
Malkauns#1,Malkauns,g m n d m,Malkauns/train_[ivUt1A4kb58]_chunk2.mp3,ivUt1A4kb58,22.52,23.08,3.258,3.0,0.0,0.258
Malkauns#1,Malkauns,g m n d m,Malkauns/train_[u10S3f-p3Wk]_chunk3.mp3,u10S3f-p3Wk,17.32,17.97,3.27,3.0,0.0,0.27
Malkauns#1,Malkauns,g m n d m,Malkauns/train_[u10S3f-p3Wk]_chunk3.mp3,u10S3f-p3Wk,13.6,14.26,3.27,3.0,0.054,0.216
Malkauns#1,Malkauns,g m n d m,Malkauns/train_[c1j0EsO-MgE]_chunk2.mp3,c1j0EsO-MgE,1.42,2.12,3.281,3.0,0.0,0.281
Malkauns#1,Malkauns,g m n d m,Malkauns/train_[g8Su1mShMKc]_chunk3.mp3,g8Su1mShMKc,17.53,18.52,3.286,3.0,0.0,0.286
Malkauns#1,Malkauns,g m n d m,Malkauns/train_[g8Su1mShMKc]_chunk4.mp3,g8Su1mShMKc,12.73,13.39,3.297,3.0,0.0,0.297
Malkauns#1,Malkauns,g m n d m,Malkauns/train_[c1j0EsO-MgE]_chunk3.mp3,c1j0EsO-MgE,17.37,17.83,3.308,3.0,0.0,0.308
Malkauns#1,Malkauns,g m n d m,Malkauns/train_[c1j0EsO-MgE]_chunk3.mp3,c1j0EsO-MgE,2.24,3.66,3.316,3.0,0.114,0.203
Malkauns#1,Malkauns,g m n d m,Malkauns/train_[c1j0EsO-MgE]_chunk1.mp3,c1j0EsO-MgE,7.86,8.25,3.318,3.0,0.0,0.318
Malkauns#1,Malkauns,g m n d m,Malkauns/train_[ivUt1A4kb58]_chunk1.mp3,ivUt1A4kb58,23.75,24.46,3.324,3.0,0.0,0.324
Malkauns#1,Malkauns,g m n d m,Malkauns/train_[c1j0EsO-MgE]_chunk2.mp3,c1j0EsO-MgE,11.34,12.2,3.333,3.0,0.0,0.333
Malkauns#1,Malkauns,g m n d m,Malkauns/train_[g8Su1mShMKc]_chunk4.mp3,g8Su1mShMKc,5.05,5.62,3.344,3.0,0.094,0.25
Malkauns#1,Malkauns,g m n d m,Malkauns/train_[4DQZkKgACeA]_chunk4.mp3,4DQZkKgACeA,19.43,19.84,3.348,3.0,0.0,0.348
Malkauns#1,Malkauns,g m n d m,Malkauns/train_[c1j0EsO-MgE]_chunk2.mp3,c1j0EsO-MgE,13.78,14.13,3.35,3.0,0.0,0.35
Malkauns#1,Malkauns,g m n d m,Malkauns/train_[g8Su1mShMKc]_chunk4.mp3,g8Su1mShMKc,21.39,22.2,3.391,3.0,0.304,0.087
Malkauns#1,Malkauns,g m n d m,Malkauns/train_[xGBsWT5199U]_chunk2.mp3,xGBsWT5199U,18.4,18.81,3.391,3.0,0.0,0.391
Malkauns#1,Malkauns,g m n d m,Malkauns/train_[c1j0EsO-MgE]_chunk1.mp3,c1j0EsO-MgE,18.33,18.68,3.4,3.0,0.0,0.4
Malkauns#1,Malkauns,g m n d m,Malkauns/train_[c1j0EsO-MgE]_chunk3.mp3,c1j0EsO-MgE,2.17,2.52,3.4,3.0,0.0,0.4
Malkauns#1,Malkauns,g m n d m,Malkauns/train_[ivUt1A4kb58]_chunk2.mp3,ivUt1A4kb58,11.93,12.28,3.4,3.0,0.0,0.4
Malkauns#1,Malkauns,g m n d m,Malkauns/train_[c1j0EsO-MgE]_chunk4.mp3,c1j0EsO-MgE,0.59,1.14,3.419,3.0,0.032,0.387
Malkauns#1,Malkauns,g m n d m,Malkauns/train_[c1j0EsO-MgE]_chunk2.mp3,c1j0EsO-MgE,4.92,5.28,3.45,3.0,0.0,0.45
Malkauns#1,Malkauns,g m n d m,Malkauns/train_[c1j0EsO-MgE]_chunk2.mp3,c1j0EsO-MgE,0.0,0.36,3.45,3.0,0.0,0.45
Malkauns#1,Malkauns,g m n d m,Malkauns/train_[g8Su1mShMKc]_chunk3.mp3,g8Su1mShMKc,24.04,24.39,3.45,3.0,0.0,0.45
Malkauns#1,Malkauns,g m n d m,Malkauns/train_[ivUt1A4kb58]_chunk1.mp3,ivUt1A4kb58,16.39,16.8,3.45,3.0,0.0,0.45
Malkauns#1,Malkauns,g m n d m,Malkauns/train_[HTXm4asuA4s]_chunk4.mp3,HTXm4asuA4s,9.55,10.13,3.455,3.0,0.212,0.242
Malkauns#1,Malkauns,g m n d m,Malkauns/train_[g8Su1mShMKc]_chunk3.mp3,g8Su1mShMKc,0.59,1.21,3.457,3.0,0.2,0.257
Malkauns#1,Malkauns,g m n d m,Malkauns/train_[xGBsWT5199U]_chunk1.mp3,xGBsWT5199U,18.22,18.67,3.48,3.0,0.0,0.48
Malkauns#1,Malkauns,g m n d m,Malkauns/train_[c1j0EsO-MgE]_chunk4.mp3,c1j0EsO-MgE,9.71,10.17,3.5,3.0,0.0,0.5
Malkauns#1,Malkauns,g m n d m,Malkauns/train_[xGBsWT5199U]_chunk1.mp3,xGBsWT5199U,5.12,5.97,3.542,3.0,0.167,0.375
Malkauns#1,Malkauns,g m n d m,Malkauns/train_[xGBsWT5199U]_chunk1.mp3,xGBsWT5199U,9.48,10.15,3.545,3.0,0.0,0.545
Malkauns#1,Malkauns,g m n d m,Malkauns/train_[xGBsWT5199U]_chunk0.mp3,xGBsWT5199U,0.0,0.46,3.56,3.0,0.0,0.56
Malkauns#1,Malkauns,g m n d m,Malkauns/train_[c1j0EsO-MgE]_chunk4.mp3,c1j0EsO-MgE,12.23,12.6,3.571,3.0,0.0,0.571
Malkauns#1,Malkauns,g m n d m,Malkauns/train_[xGBsWT5199U]_chunk1.mp3,xGBsWT5199U,10.63,11.0,3.571,3.0,0.048,0.524
Malkauns#1,Malkauns,g m n d m,Malkauns/train_[xGBsWT5199U]_chunk2.mp3,xGBsWT5199U,17.46,17.83,3.571,3.0,0.0,0.571
Malkauns#1,Malkauns,g m n d m,Malkauns/train_[xGBsWT5199U]_chunk2.mp3,xGBsWT5199U,3.59,4.43,3.574,3.0,0.213,0.362
Malkauns#1,Malkauns,g m n d m,Malkauns/train_[xGBsWT5199U]_chunk2.mp3,xGBsWT5199U,0.98,1.67,3.59,3.0,0.205,0.385
Malkauns#1,Malkauns,g m n d m,Malkauns/train_[4DQZkKgACeA]_chunk4.mp3,4DQZkKgACeA,28.3,29.01,3.625,3.0,0.425,0.2
Malkauns#1,Malkauns,g m n d m,Malkauns/train_[c1j0EsO-MgE]_chunk4.mp3,c1j0EsO-MgE,12.78,13.32,3.667,3.0,0.259,0.407
Malkauns#1,Malkauns,g m n d m,Malkauns/train_[c1j0EsO-MgE]_chunk4.mp3,c1j0EsO-MgE,6.61,6.99,3.667,3.0,0.0,0.667
Malkauns#1,Malkauns,g m n d m,Malkauns/train_[xGBsWT5199U]_chunk0.mp3,xGBsWT5199U,8.27,8.62,3.75,3.0,0.0,0.75
Malkauns#1,Malkauns,g m n d m,Malkauns/train_[HTXm4asuA4s]_chunk4.mp3,HTXm4asuA4s,9.33,9.69,3.8,3.0,0.0,0.8
Malkauns#1,Malkauns,g m n d m,Malkauns/train_[HTXm4asuA4s]_chunk4.mp3,HTXm4asuA4s,18.01,18.4,4.0,3.0,0.0,0.0
Malkauns#3,Malkauns,`g `S n d,Malkauns/train_[HTXm4asuA4s]_chunk4.mp3,HTXm4asuA4s,7.64,7.98,0.0,0.0,0.0,0.0
Malkauns#3,Malkauns,`g `S n d,Malkauns/train_[HTXm4asuA4s]_chunk4.mp3,HTXm4asuA4s,18.01,18.35,0.0,0.0,0.0,0.0
Malkauns#3,Malkauns,`g `S n d,Malkauns/train_[HTXm4asuA4s]_chunk4.mp3,HTXm4asuA4s,9.76,10.06,0.0,0.0,0.0,0.0
Malkauns#3,Malkauns,`g `S n d,Malkauns/train_[ivUt1A4kb58]_chunk4.mp3,ivUt1A4kb58,6.68,7.48,0.0,0.0,0.0,0.0
Malkauns#3,Malkauns,`g `S n d,Malkauns/train_[ivUt1A4kb58]_chunk1.mp3,ivUt1A4kb58,15.27,15.72,0.002,0.002,0.0,0.0
Malkauns#3,Malkauns,`g `S n d,Malkauns/train_[g8Su1mShMKc]_chunk3.mp3,g8Su1mShMKc,15.5,17.1,0.045,0.0,0.034,0.011
Malkauns#3,Malkauns,`g `S n d,Malkauns/train_[4DQZkKgACeA]_chunk0.mp3,4DQZkKgACeA,16.71,17.81,0.05,0.05,0.0,0.0
Malkauns#3,Malkauns,`g `S n d,Malkauns/train_[u10S3f-p3Wk]_chunk1.mp3,u10S3f-p3Wk,13.51,14.24,0.081,0.0,0.027,0.054
Malkauns#3,Malkauns,`g `S n d,Malkauns/train_[LTFMaLfEmEk]_chunk1.mp3,LTFMaLfEmEk,19.04,20.0,0.093,0.0,0.093,0.0
Malkauns#3,Malkauns,`g `S n d,Malkauns/train_[HTXm4asuA4s]_chunk3.mp3,HTXm4asuA4s,8.5,9.48,0.101,0.004,0.098,0.0
Malkauns#3,Malkauns,`g `S n d,Malkauns/train_[4DQZkKgACeA]_chunk0.mp3,4DQZkKgACeA,26.19,26.68,0.112,0.112,0.0,0.0
Malkauns#3,Malkauns,`g `S n d,Malkauns/train_[VPnftPyRQDo]_chunk1.mp3,VPnftPyRQDo,13.48,14.65,0.129,0.111,0.018,0.0
Malkauns#3,Malkauns,`g `S n d,Malkauns/train_[4DQZkKgACeA]_chunk1.mp3,4DQZkKgACeA,20.05,21.3,0.159,0.112,0.047,0.0
Malkauns#3,Malkauns,`g `S n d,Malkauns/train_[LTFMaLfEmEk]_chunk0.mp3,LTFMaLfEmEk,12.21,13.58,0.169,0.003,0.167,0.0
Malkauns#3,Malkauns,`g `S n d,Malkauns/train_[g8Su1mShMKc]_chunk0.mp3,g8Su1mShMKc,9.0,10.33,0.2,0.2,0.0,0.0
Malkauns#3,Malkauns,`g `S n d,Malkauns/train_[g8Su1mShMKc]_chunk0.mp3,g8Su1mShMKc,9.0,10.54,0.2,0.2,0.0,0.0
Malkauns#3,Malkauns,`g `S n d,Malkauns/train_[ssO9fHiDJrg]_chunk4.mp3,ssO9fHiDJrg,9.4,10.1,0.205,0.0,0.128,0.077
Malkauns#3,Malkauns,`g `S n d,Malkauns/train_[ivUt1A4kb58]_chunk2.mp3,ivUt1A4kb58,7.89,8.53,0.237,0.153,0.0,0.083
Malkauns#3,Malkauns,`g `S n d,Malkauns/train_[4DQZkKgACeA]_chunk0.mp3,4DQZkKgACeA,3.24,4.3,0.24,0.212,0.028,0.0
Malkauns#3,Malkauns,`g `S n d,Malkauns/train_[u10S3f-p3Wk]_chunk3.mp3,u10S3f-p3Wk,6.83,7.43,0.25,0.162,0.088,0.0
Malkauns#3,Malkauns,`g `S n d,Malkauns/train_[xGBsWT5199U]_chunk4.mp3,xGBsWT5199U,20.05,21.19,0.276,0.122,0.154,0.0
Malkauns#3,Malkauns,`g `S n d,Malkauns/train_[ivUt1A4kb58]_chunk2.mp3,ivUt1A4kb58,12.18,13.01,0.375,0.353,0.021,0.0
Malkauns#3,Malkauns,`g `S n d,Malkauns/train_[VPnftPyRQDo]_chunk4.mp3,VPnftPyRQDo,28.12,28.76,0.394,0.061,0.333,0.0
Malkauns#3,Malkauns,`g `S n d,Malkauns/train_[u10S3f-p3Wk]_chunk2.mp3,u10S3f-p3Wk,13.56,14.19,0.433,0.227,0.206,0.0
Malkauns#3,Malkauns,`g `S n d,Malkauns/train_[4DQZkKgACeA]_chunk4.mp3,4DQZkKgACeA,11.16,11.8,0.438,0.438,0.0,0.0
Malkauns#3,Malkauns,`g `S n d,Malkauns/train_[4DQZkKgACeA]_chunk4.mp3,4DQZkKgACeA,11.16,13.55,0.438,0.438,0.0,0.0
Malkauns#3,Malkauns,`g `S n d,Malkauns/train_[ivUt1A4kb58]_chunk1.mp3,ivUt1A4kb58,3.96,5.14,0.464,0.403,0.061,0.0
Malkauns#3,Malkauns,`g `S n d,Malkauns/train_[4DQZkKgACeA]_chunk0.mp3,4DQZkKgACeA,11.43,12.09,0.469,0.388,0.081,0.0
Malkauns#3,Malkauns,`g `S n d,Malkauns/train_[g8Su1mShMKc]_chunk0.mp3,g8Su1mShMKc,11.22,11.7,0.577,0.577,0.0,0.0
Malkauns#3,Malkauns,`g `S n d,Malkauns/train_[u10S3f-p3Wk]_chunk4.mp3,u10S3f-p3Wk,9.24,9.74,0.598,0.527,0.071,0.0
Malkauns#3,Malkauns,`g `S n d,Malkauns/train_[ivUt1A4kb58]_chunk0.mp3,ivUt1A4kb58,23.86,24.76,0.603,0.603,0.0,0.0
Malkauns#3,Malkauns,`g `S n d,Malkauns/train_[4DQZkKgACeA]_chunk4.mp3,4DQZkKgACeA,9.33,9.96,0.612,0.412,0.2,0.0
Malkauns#3,Malkauns,`g `S n d,Malkauns/train_[VPnftPyRQDo]_chunk3.mp3,VPnftPyRQDo,9.76,10.49,0.622,0.5,0.122,0.0
Malkauns#3,Malkauns,`g `S n d,Malkauns/train_[u10S3f-p3Wk]_chunk0.mp3,u10S3f-p3Wk,18.15,18.7,0.65,0.45,0.2,0.0
Malkauns#3,Malkauns,`g `S n d,Malkauns/train_[g8Su1mShMKc]_chunk4.mp3,g8Su1mShMKc,33.64,34.06,0.669,0.377,0.25,0.042
Malkauns#3,Malkauns,`g `S n d,Malkauns/train_[g8Su1mShMKc]_chunk0.mp3,g8Su1mShMKc,11.22,12.36,0.67,0.473,0.179,0.018
Malkauns#3,Malkauns,`g `S n d,Malkauns/train_[VPnftPyRQDo]_chunk3.mp3,VPnftPyRQDo,19.13,19.57,0.818,0.578,0.24,0.0
Malkauns#3,Malkauns,`g `S n d,Malkauns/train_[g8Su1mShMKc]_chunk0.mp3,g8Su1mShMKc,9.0,10.26,0.854,0.854,0.0,0.0
Malkauns#3,Malkauns,`g `S n d,Malkauns/train_[u10S3f-p3Wk]_chunk1.mp3,u10S3f-p3Wk,18.26,18.83,1.006,0.6,0.406,0.0
Malkauns#3,Malkauns,`g `S n d,Malkauns/train_[4DQZkKgACeA]_chunk4.mp3,4DQZkKgACeA,23.7,24.04,1.008,0.85,0.158,0.0
Malkauns#3,Malkauns,`g `S n d,Malkauns/train_[HTXm4asuA4s]_chunk2.mp3,HTXm4asuA4s,0.3,0.91,1.036,0.742,0.294,0.0
Malkauns#3,Malkauns,`g `S n d,Malkauns/train_[VPnftPyRQDo]_chunk1.mp3,VPnftPyRQDo,29.37,29.92,1.044,0.689,0.355,0.0
Malkauns#3,Malkauns,`g `S n d,Malkauns/train_[ssO9fHiDJrg]_chunk2.mp3,ssO9fHiDJrg,10.54,11.38,1.125,0.979,0.146,0.0
Malkauns#3,Malkauns,`g `S n d,Malkauns/train_[g8Su1mShMKc]_chunk4.mp3,g8Su1mShMKc,34.2,35.02,1.166,0.073,0.093,0.0
Malkauns#3,Malkauns,`g `S n d,Malkauns/train_[4DQZkKgACeA]_chunk0.mp3,4DQZkKgACeA,18.35,19.4,1.167,1.0,0.167,0.0
Malkauns#3,Malkauns,`g `S n d,Malkauns/train_[HTXm4asuA4s]_chunk4.mp3,HTXm4asuA4s,18.01,19.48,1.208,0.046,0.132,0.029
Malkauns#3,Malkauns,`g `S n d,Malkauns/train_[VPnftPyRQDo]_chunk1.mp3,VPnftPyRQDo,27.02,27.4,1.321,1.178,0.143,0.0
Malkauns#3,Malkauns,`g `S n d,Malkauns/train_[VPnftPyRQDo]_chunk1.mp3,VPnftPyRQDo,12.44,13.3,1.34,0.978,0.319,0.043
Malkauns#3,Malkauns,`g `S n d,Malkauns/train_[VPnftPyRQDo]_chunk4.mp3,VPnftPyRQDo,16.3,16.89,1.345,0.939,0.375,0.031
Malkauns#3,Malkauns,`g `S n d,Malkauns/train_[VPnftPyRQDo]_chunk4.mp3,VPnftPyRQDo,19.38,20.39,1.379,0.239,0.14,0.0
Malkauns#3,Malkauns,`g `S n d,Malkauns/train_[VPnftPyRQDo]_chunk4.mp3,VPnftPyRQDo,17.64,17.97,1.477,1.372,0.105,0.0
Malkauns#3,Malkauns,`g `S n d,Malkauns/train_[VPnftPyRQDo]_chunk4.mp3,VPnftPyRQDo,3.52,3.82,1.518,1.4,0.0,0.118
Malkauns#3,Malkauns,`g `S n d,Malkauns/train_[u10S3f-p3Wk]_chunk4.mp3,u10S3f-p3Wk,10.72,11.25,1.627,1.227,0.4,0.0
Malkauns#3,Malkauns,`g `S n d,Malkauns/train_[g8Su1mShMKc]_chunk3.mp3,g8Su1mShMKc,28.73,29.14,1.696,0.696,0.0,0.0
Malkauns#3,Malkauns,`g `S n d,Malkauns/train_[HTXm4asuA4s]_chunk2.mp3,HTXm4asuA4s,18.72,19.4,1.789,1.654,0.135,0.0
Malkauns#3,Malkauns,`g `S n d,Malkauns/train_[HTXm4asuA4s]_chunk3.mp3,HTXm4asuA4s,14.2,14.74,1.842,1.842,0.0,0.0
Malkauns#3,Malkauns,`g `S n d,Malkauns/train_[LTFMaLfEmEk]_chunk2.mp3,LTFMaLfEmEk,8.39,9.19,1.861,1.705,0.156,0.0
Malkauns#3,Malkauns,`g `S n d,Malkauns/train_[xGBsWT5199U]_chunk2.mp3,xGBsWT5199U,5.92,6.54,1.915,0.4,0.364,0.152
Malkauns#3,Malkauns,`g `S n d,Malkauns/train_[g8Su1mShMKc]_chunk4.mp3,g8Su1mShMKc,30.19,30.67,1.965,0.923,0.042,0.0
Malkauns#3,Malkauns,`g `S n d,Malkauns/train_[VPnftPyRQDo]_chunk3.mp3,VPnftPyRQDo,26.77,27.27,2.035,1.678,0.357,0.0
Malkauns#3,Malkauns,`g `S n d,Malkauns/train_[4DQZkKgACeA]_chunk1.mp3,4DQZkKgACeA,11.88,12.32,2.225,2.225,0.0,0.0
Malkauns#3,Malkauns,`g `S n d,Malkauns/train_[VPnftPyRQDo]_chunk0.mp3,VPnftPyRQDo,20.64,24.53,2.303,2.278,0.025,0.0
Malkauns#3,Malkauns,`g `S n d,Malkauns/train_[4DQZkKgACeA]_chunk4.mp3,4DQZkKgACeA,20.85,21.35,2.547,1.325,0.185,0.037
Malkauns#3,Malkauns,`g `S n d,Malkauns/train_[VPnftPyRQDo]_chunk1.mp3,VPnftPyRQDo,7.8,8.32,2.686,2.378,0.308,0.0
Malkauns#3,Malkauns,`g `S n d,Malkauns/train_[LTFMaLfEmEk]_chunk0.mp3,LTFMaLfEmEk,6.97,8.78,2.695,2.695,0.0,0.0
Malkauns#3,Malkauns,`g `S n d,Malkauns/train_[4DQZkKgACeA]_chunk3.mp3,4DQZkKgACeA,14.56,15.04,2.875,1.875,0.0,0.0
Malkauns#3,Malkauns,`g `S n d,Malkauns/train_[u10S3f-p3Wk]_chunk4.mp3,u10S3f-p3Wk,1.88,2.33,2.903,1.623,0.28,0.0
Malkauns#3,Malkauns,`g `S n d,Malkauns/train_[xGBsWT5199U]_chunk4.mp3,xGBsWT5199U,0.39,1.14,2.907,2.828,0.0,0.079
Malkauns#3,Malkauns,`g `S n d,Malkauns/train_[xGBsWT5199U]_chunk0.mp3,xGBsWT5199U,11.91,12.78,2.928,2.928,0.0,0.0
Malkauns#3,Malkauns,`g `S n d,Malkauns/train_[VPnftPyRQDo]_chunk0.mp3,VPnftPyRQDo,24.91,25.49,2.989,2.989,0.0,0.0
Malkauns#3,Malkauns,`g `S n d,Malkauns/train_[4DQZkKgACeA]_chunk1.mp3,4DQZkKgACeA,12.85,13.21,3.0,3.0,0.0,0.0
Malkauns#3,Malkauns,`g `S n d,Malkauns/train_[4DQZkKgACeA]_chunk1.mp3,4DQZkKgACeA,8.91,9.4,3.0,3.0,0.0,0.0
Malkauns#3,Malkauns,`g `S n d,Malkauns/train_[4DQZkKgACeA]_chunk1.mp3,4DQZkKgACeA,25.3,25.64,3.0,3.0,0.0,0.0
Malkauns#3,Malkauns,`g `S n d,Malkauns/train_[4DQZkKgACeA]_chunk2.mp3,4DQZkKgACeA,6.6,7.16,3.0,3.0,0.0,0.0
Malkauns#3,Malkauns,`g `S n d,Malkauns/train_[4DQZkKgACeA]_chunk2.mp3,4DQZkKgACeA,6.6,8.2,3.0,3.0,0.0,0.0
Malkauns#3,Malkauns,`g `S n d,Malkauns/train_[4DQZkKgACeA]_chunk2.mp3,4DQZkKgACeA,4.59,4.92,3.0,3.0,0.0,0.0
Malkauns#3,Malkauns,`g `S n d,Malkauns/train_[4DQZkKgACeA]_chunk3.mp3,4DQZkKgACeA,22.79,23.22,3.0,3.0,0.0,0.0
Malkauns#3,Malkauns,`g `S n d,Malkauns/train_[4DQZkKgACeA]_chunk3.mp3,4DQZkKgACeA,15.77,16.27,3.0,3.0,0.0,0.0
Malkauns#3,Malkauns,`g `S n d,Malkauns/train_[4DQZkKgACeA]_chunk3.mp3,4DQZkKgACeA,15.45,15.84,3.0,3.0,0.0,0.0
Malkauns#3,Malkauns,`g `S n d,Malkauns/train_[4DQZkKgACeA]_chunk3.mp3,4DQZkKgACeA,29.51,29.81,3.0,3.0,0.0,0.0
Malkauns#3,Malkauns,`g `S n d,Malkauns/train_[HTXm4asuA4s]_chunk0.mp3,HTXm4asuA4s,4.05,4.48,3.0,3.0,0.0,0.0
Malkauns#3,Malkauns,`g `S n d,Malkauns/train_[HTXm4asuA4s]_chunk0.mp3,HTXm4asuA4s,12.46,12.75,3.0,3.0,0.0,0.0
Malkauns#3,Malkauns,`g `S n d,Malkauns/train_[HTXm4asuA4s]_chunk0.mp3,HTXm4asuA4s,13.03,13.32,3.0,3.0,0.0,0.0
Malkauns#3,Malkauns,`g `S n d,Malkauns/train_[HTXm4asuA4s]_chunk0.mp3,HTXm4asuA4s,12.85,13.14,3.0,3.0,0.0,0.0
Malkauns#3,Malkauns,`g `S n d,Malkauns/train_[HTXm4asuA4s]_chunk0.mp3,HTXm4asuA4s,13.23,13.51,3.0,3.0,0.0,0.0
Malkauns#3,Malkauns,`g `S n d,Malkauns/train_[HTXm4asuA4s]_chunk1.mp3,HTXm4asuA4s,16.69,17.14,3.0,3.0,0.0,0.0
Malkauns#3,Malkauns,`g `S n d,Malkauns/train_[HTXm4asuA4s]_chunk1.mp3,HTXm4asuA4s,6.56,6.86,3.0,3.0,0.0,0.0
Malkauns#3,Malkauns,`g `S n d,Malkauns/train_[HTXm4asuA4s]_chunk1.mp3,HTXm4asuA4s,17.33,17.62,3.0,3.0,0.0,0.0
Malkauns#3,Malkauns,`g `S n d,Malkauns/train_[HTXm4asuA4s]_chunk1.mp3,HTXm4asuA4s,19.41,19.7,3.0,3.0,0.0,0.0
Malkauns#3,Malkauns,`g `S n d,Malkauns/train_[HTXm4asuA4s]_chunk1.mp3,HTXm4asuA4s,6.56,7.09,3.0,3.0,0.0,0.0
Malkauns#3,Malkauns,`g `S n d,Malkauns/train_[HTXm4asuA4s]_chunk2.mp3,HTXm4asuA4s,1.6,1.9,3.0,3.0,0.0,0.0
Malkauns#3,Malkauns,`g `S n d,Malkauns/train_[HTXm4asuA4s]_chunk2.mp3,HTXm4asuA4s,17.96,18.29,3.0,3.0,0.0,0.0
Malkauns#3,Malkauns,`g `S n d,Malkauns/train_[HTXm4asuA4s]_chunk3.mp3,HTXm4asuA4s,0.66,1.01,3.0,3.0,0.0,0.0
Malkauns#3,Malkauns,`g `S n d,Malkauns/train_[HTXm4asuA4s]_chunk4.mp3,HTXm4asuA4s,8.71,9.03,3.0,3.0,0.0,0.0
Malkauns#3,Malkauns,`g `S n d,Malkauns/train_[LTFMaLfEmEk]_chunk0.mp3,LTFMaLfEmEk,11.77,12.14,3.0,3.0,0.0,0.0
Malkauns#3,Malkauns,`g `S n d,Malkauns/train_[LTFMaLfEmEk]_chunk0.mp3,LTFMaLfEmEk,6.97,8.5,3.0,3.0,0.0,0.0
Malkauns#3,Malkauns,`g `S n d,Malkauns/train_[LTFMaLfEmEk]_chunk0.mp3,LTFMaLfEmEk,6.97,8.25,3.0,3.0,0.0,0.0
Malkauns#3,Malkauns,`g `S n d,Malkauns/train_[LTFMaLfEmEk]_chunk1.mp3,LTFMaLfEmEk,6.24,6.58,3.0,3.0,0.0,0.0
Malkauns#3,Malkauns,`g `S n d,Malkauns/train_[LTFMaLfEmEk]_chunk1.mp3,LTFMaLfEmEk,18.13,18.76,3.0,3.0,0.0,0.0
Malkauns#3,Malkauns,`g `S n d,Malkauns/train_[LTFMaLfEmEk]_chunk1.mp3,LTFMaLfEmEk,5.33,5.64,3.0,3.0,0.0,0.0
Malkauns#3,Malkauns,`g `S n d,Malkauns/train_[LTFMaLfEmEk]_chunk1.mp3,LTFMaLfEmEk,17.85,18.24,3.0,3.0,0.0,0.0
Malkauns#3,Malkauns,`g `S n d,Malkauns/train_[LTFMaLfEmEk]_chunk2.mp3,LTFMaLfEmEk,15.61,16.04,3.0,3.0,0.0,0.0
Malkauns#3,Malkauns,`g `S n d,Malkauns/train_[LTFMaLfEmEk]_chunk2.mp3,LTFMaLfEmEk,18.03,18.6,3.0,3.0,0.0,0.0
Malkauns#3,Malkauns,`g `S n d,Malkauns/train_[LTFMaLfEmEk]_chunk2.mp3,LTFMaLfEmEk,16.09,16.39,3.0,3.0,0.0,0.0
Malkauns#3,Malkauns,`g `S n d,Malkauns/train_[LTFMaLfEmEk]_chunk2.mp3,LTFMaLfEmEk,16.41,16.71,3.0,3.0,0.0,0.0
Malkauns#3,Malkauns,`g `S n d,Malkauns/train_[LTFMaLfEmEk]_chunk3.mp3,LTFMaLfEmEk,0.04,0.48,3.0,3.0,0.0,0.0
Malkauns#3,Malkauns,`g `S n d,Malkauns/train_[LTFMaLfEmEk]_chunk3.mp3,LTFMaLfEmEk,7.24,7.52,3.0,3.0,0.0,0.0
Malkauns#3,Malkauns,`g `S n d,Malkauns/train_[LTFMaLfEmEk]_chunk3.mp3,LTFMaLfEmEk,2.52,2.81,3.0,3.0,0.0,0.0
Malkauns#3,Malkauns,`g `S n d,Malkauns/train_[LTFMaLfEmEk]_chunk4.mp3,LTFMaLfEmEk,6.51,6.95,3.0,3.0,0.0,0.0
Malkauns#3,Malkauns,`g `S n d,Malkauns/train_[LTFMaLfEmEk]_chunk4.mp3,LTFMaLfEmEk,5.46,6.06,3.0,3.0,0.0,0.0
Malkauns#3,Malkauns,`g `S n d,Malkauns/train_[LTFMaLfEmEk]_chunk4.mp3,LTFMaLfEmEk,7.91,8.2,3.0,3.0,0.0,0.0
Malkauns#3,Malkauns,`g `S n d,Malkauns/train_[LTFMaLfEmEk]_chunk4.mp3,LTFMaLfEmEk,19.52,19.96,3.0,3.0,0.0,0.0
Malkauns#3,Malkauns,`g `S n d,Malkauns/train_[LTFMaLfEmEk]_chunk4.mp3,LTFMaLfEmEk,4.16,4.52,3.0,3.0,0.0,0.0
Malkauns#3,Malkauns,`g `S n d,Malkauns/train_[VPnftPyRQDo]_chunk0.mp3,VPnftPyRQDo,11.93,12.25,3.0,3.0,0.0,0.0
Malkauns#3,Malkauns,`g `S n d,Malkauns/train_[VPnftPyRQDo]_chunk0.mp3,VPnftPyRQDo,1.28,1.62,3.0,3.0,0.0,0.0
Malkauns#3,Malkauns,`g `S n d,Malkauns/train_[VPnftPyRQDo]_chunk0.mp3,VPnftPyRQDo,17.37,17.8,3.0,3.0,0.0,0.0
Malkauns#3,Malkauns,`g `S n d,Malkauns/train_[VPnftPyRQDo]_chunk2.mp3,VPnftPyRQDo,13.69,14.45,3.0,3.0,0.0,0.0
Malkauns#3,Malkauns,`g `S n d,Malkauns/train_[VPnftPyRQDo]_chunk2.mp3,VPnftPyRQDo,21.46,22.03,3.0,3.0,0.0,0.0
Malkauns#3,Malkauns,`g `S n d,Malkauns/train_[VPnftPyRQDo]_chunk2.mp3,VPnftPyRQDo,6.47,6.9,3.0,3.0,0.0,0.0
Malkauns#3,Malkauns,`g `S n d,Malkauns/train_[VPnftPyRQDo]_chunk2.mp3,VPnftPyRQDo,25.1,25.46,3.0,3.0,0.0,0.0
Malkauns#3,Malkauns,`g `S n d,Malkauns/train_[VPnftPyRQDo]_chunk2.mp3,VPnftPyRQDo,17.08,17.39,3.0,3.0,0.0,0.0
Malkauns#3,Malkauns,`g `S n d,Malkauns/train_[VPnftPyRQDo]_chunk3.mp3,VPnftPyRQDo,2.83,3.18,3.0,3.0,0.0,0.0
Malkauns#3,Malkauns,`g `S n d,Malkauns/train_[VPnftPyRQDo]_chunk3.mp3,VPnftPyRQDo,29.69,29.97,3.0,3.0,0.0,0.0
Malkauns#3,Malkauns,`g `S n d,Malkauns/train_[c1j0EsO-MgE]_chunk0.mp3,c1j0EsO-MgE,11.18,11.63,3.0,3.0,0.0,0.0
Malkauns#3,Malkauns,`g `S n d,Malkauns/train_[c1j0EsO-MgE]_chunk0.mp3,c1j0EsO-MgE,11.06,11.34,3.0,3.0,0.0,0.0
Malkauns#3,Malkauns,`g `S n d,Malkauns/train_[c1j0EsO-MgE]_chunk0.mp3,c1j0EsO-MgE,10.03,10.31,3.0,3.0,0.0,0.0
Malkauns#3,Malkauns,`g `S n d,Malkauns/train_[c1j0EsO-MgE]_chunk0.mp3,c1j0EsO-MgE,9.76,10.04,3.0,3.0,0.0,0.0
Malkauns#3,Malkauns,`g `S n d,Malkauns/train_[g8Su1mShMKc]_chunk1.mp3,g8Su1mShMKc,28.76,29.21,3.0,3.0,0.0,0.0
Malkauns#3,Malkauns,`g `S n d,Malkauns/train_[g8Su1mShMKc]_chunk1.mp3,g8Su1mShMKc,12.16,12.5,3.0,3.0,0.0,0.0
Malkauns#3,Malkauns,`g `S n d,Malkauns/train_[g8Su1mShMKc]_chunk1.mp3,g8Su1mShMKc,11.96,12.25,3.0,3.0,0.0,0.0
Malkauns#3,Malkauns,`g `S n d,Malkauns/train_[g8Su1mShMKc]_chunk1.mp3,g8Su1mShMKc,37.76,38.15,3.0,3.0,0.0,0.0
Malkauns#3,Malkauns,`g `S n d,Malkauns/train_[g8Su1mShMKc]_chunk1.mp3,g8Su1mShMKc,37.53,37.81,3.0,3.0,0.0,0.0
Malkauns#3,Malkauns,`g `S n d,Malkauns/train_[g8Su1mShMKc]_chunk2.mp3,g8Su1mShMKc,24.2,24.52,3.0,3.0,0.0,0.0
Malkauns#3,Malkauns,`g `S n d,Malkauns/train_[ivUt1A4kb58]_chunk0.mp3,ivUt1A4kb58,25.87,26.35,3.0,3.0,0.0,0.0
Malkauns#3,Malkauns,`g `S n d,Malkauns/train_[ivUt1A4kb58]_chunk0.mp3,ivUt1A4kb58,22.35,22.81,3.0,3.0,0.0,0.0
Malkauns#3,Malkauns,`g `S n d,Malkauns/train_[ivUt1A4kb58]_chunk0.mp3,ivUt1A4kb58,21.23,21.64,3.0,3.0,0.0,0.0
Malkauns#3,Malkauns,`g `S n d,Malkauns/train_[ivUt1A4kb58]_chunk0.mp3,ivUt1A4kb58,26.54,26.93,3.0,3.0,0.0,0.0
Malkauns#3,Malkauns,`g `S n d,Malkauns/train_[ivUt1A4kb58]_chunk1.mp3,ivUt1A4kb58,26.38,26.81,3.0,3.0,0.0,0.0
Malkauns#3,Malkauns,`g `S n d,Malkauns/train_[ivUt1A4kb58]_chunk1.mp3,ivUt1A4kb58,12.37,12.92,3.0,3.0,0.0,0.0
Malkauns#3,Malkauns,`g `S n d,Malkauns/train_[ivUt1A4kb58]_chunk1.mp3,ivUt1A4kb58,21.39,21.78,3.0,3.0,0.0,0.0
Malkauns#3,Malkauns,`g `S n d,Malkauns/train_[ivUt1A4kb58]_chunk2.mp3,ivUt1A4kb58,3.61,3.96,3.0,3.0,0.0,0.0
Malkauns#3,Malkauns,`g `S n d,Malkauns/train_[ivUt1A4kb58]_chunk3.mp3,ivUt1A4kb58,13.32,13.6,3.0,3.0,0.0,0.0
Malkauns#3,Malkauns,`g `S n d,Malkauns/train_[ivUt1A4kb58]_chunk3.mp3,ivUt1A4kb58,0.82,1.28,3.0,3.0,0.0,0.0
Malkauns#3,Malkauns,`g `S n d,Malkauns/train_[ivUt1A4kb58]_chunk4.mp3,ivUt1A4kb58,21.03,21.83,3.0,3.0,0.0,0.0
Malkauns#3,Malkauns,`g `S n d,Malkauns/train_[ivUt1A4kb58]_chunk4.mp3,ivUt1A4kb58,17.99,18.29,3.0,3.0,0.0,0.0
Malkauns#3,Malkauns,`g `S n d,Malkauns/train_[ivUt1A4kb58]_chunk4.mp3,ivUt1A4kb58,1.56,1.87,3.0,3.0,0.0,0.0
Malkauns#3,Malkauns,`g `S n d,Malkauns/train_[ivUt1A4kb58]_chunk4.mp3,ivUt1A4kb58,5.9,6.52,3.0,3.0,0.0,0.0
Malkauns#3,Malkauns,`g `S n d,Malkauns/train_[ssO9fHiDJrg]_chunk0.mp3,ssO9fHiDJrg,23.96,24.25,3.0,3.0,0.0,0.0
Malkauns#3,Malkauns,`g `S n d,Malkauns/train_[ssO9fHiDJrg]_chunk0.mp3,ssO9fHiDJrg,13.69,14.12,3.0,3.0,0.0,0.0
Malkauns#3,Malkauns,`g `S n d,Malkauns/train_[ssO9fHiDJrg]_chunk0.mp3,ssO9fHiDJrg,13.96,14.29,3.0,3.0,0.0,0.0
Malkauns#3,Malkauns,`g `S n d,Malkauns/train_[ssO9fHiDJrg]_chunk0.mp3,ssO9fHiDJrg,16.27,17.24,3.0,3.0,0.0,0.0
Malkauns#3,Malkauns,`g `S n d,Malkauns/train_[ssO9fHiDJrg]_chunk0.mp3,ssO9fHiDJrg,14.17,15.45,3.0,3.0,0.0,0.0
Malkauns#3,Malkauns,`g `S n d,Malkauns/train_[ssO9fHiDJrg]_chunk1.mp3,ssO9fHiDJrg,9.53,9.99,3.0,3.0,0.0,0.0
Malkauns#3,Malkauns,`g `S n d,Malkauns/train_[ssO9fHiDJrg]_chunk1.mp3,ssO9fHiDJrg,9.0,9.32,3.0,3.0,0.0,0.0
Malkauns#3,Malkauns,`g `S n d,Malkauns/train_[ssO9fHiDJrg]_chunk1.mp3,ssO9fHiDJrg,9.37,9.65,3.0,3.0,0.0,0.0
Malkauns#3,Malkauns,`g `S n d,Malkauns/train_[ssO9fHiDJrg]_chunk1.mp3,ssO9fHiDJrg,22.81,23.73,3.0,3.0,0.0,0.0
Malkauns#3,Malkauns,`g `S n d,Malkauns/train_[ssO9fHiDJrg]_chunk2.mp3,ssO9fHiDJrg,0.12,0.57,3.0,3.0,0.0,0.0
Malkauns#3,Malkauns,`g `S n d,Malkauns/train_[ssO9fHiDJrg]_chunk2.mp3,ssO9fHiDJrg,2.03,2.54,3.0,3.0,0.0,0.0
Malkauns#3,Malkauns,`g `S n d,Malkauns/train_[ssO9fHiDJrg]_chunk2.mp3,ssO9fHiDJrg,0.94,1.28,3.0,3.0,0.0,0.0
Malkauns#3,Malkauns,`g `S n d,Malkauns/train_[ssO9fHiDJrg]_chunk2.mp3,ssO9fHiDJrg,9.26,9.65,3.0,3.0,0.0,0.0
Malkauns#3,Malkauns,`g `S n d,Malkauns/train_[ssO9fHiDJrg]_chunk3.mp3,ssO9fHiDJrg,11.04,11.48,3.0,3.0,0.0,0.0
Malkauns#3,Malkauns,`g `S n d,Malkauns/train_[ssO9fHiDJrg]_chunk3.mp3,ssO9fHiDJrg,9.94,10.26,3.0,3.0,0.0,0.0
Malkauns#3,Malkauns,`g `S n d,Malkauns/train_[ssO9fHiDJrg]_chunk3.mp3,ssO9fHiDJrg,11.34,11.66,3.0,3.0,0.0,0.0
Malkauns#3,Malkauns,`g `S n d,Malkauns/train_[ssO9fHiDJrg]_chunk4.mp3,ssO9fHiDJrg,2.51,2.79,3.0,3.0,0.0,0.0
Malkauns#3,Malkauns,`g `S n d,Malkauns/train_[ssO9fHiDJrg]_chunk4.mp3,ssO9fHiDJrg,18.15,18.52,3.0,3.0,0.0,0.0
Malkauns#3,Malkauns,`g `S n d,Malkauns/train_[ssO9fHiDJrg]_chunk4.mp3,ssO9fHiDJrg,4.6,4.89,3.0,3.0,0.0,0.0
Malkauns#3,Malkauns,`g `S n d,Malkauns/train_[u10S3f-p3Wk]_chunk0.mp3,u10S3f-p3Wk,1.55,2.08,3.0,3.0,0.0,0.0
Malkauns#3,Malkauns,`g `S n d,Malkauns/train_[u10S3f-p3Wk]_chunk0.mp3,u10S3f-p3Wk,10.86,11.15,3.0,3.0,0.0,0.0
Malkauns#3,Malkauns,`g `S n d,Malkauns/train_[u10S3f-p3Wk]_chunk0.mp3,u10S3f-p3Wk,12.27,12.55,3.0,3.0,0.0,0.0
Malkauns#3,Malkauns,`g `S n d,Malkauns/train_[u10S3f-p3Wk]_chunk0.mp3,u10S3f-p3Wk,7.88,8.16,3.0,3.0,0.0,0.0
Malkauns#3,Malkauns,`g `S n d,Malkauns/train_[u10S3f-p3Wk]_chunk1.mp3,u10S3f-p3Wk,17.17,17.56,3.0,3.0,0.0,0.0
Malkauns#3,Malkauns,`g `S n d,Malkauns/train_[u10S3f-p3Wk]_chunk1.mp3,u10S3f-p3Wk,3.48,3.84,3.0,3.0,0.0,0.0
Malkauns#3,Malkauns,`g `S n d,Malkauns/train_[u10S3f-p3Wk]_chunk2.mp3,u10S3f-p3Wk,10.65,11.32,3.0,3.0,0.0,0.0
Malkauns#3,Malkauns,`g `S n d,Malkauns/train_[u10S3f-p3Wk]_chunk2.mp3,u10S3f-p3Wk,14.99,15.31,3.0,3.0,0.0,0.0
Malkauns#3,Malkauns,`g `S n d,Malkauns/train_[u10S3f-p3Wk]_chunk2.mp3,u10S3f-p3Wk,0.5,1.01,3.0,3.0,0.0,0.0
Malkauns#3,Malkauns,`g `S n d,Malkauns/train_[u10S3f-p3Wk]_chunk2.mp3,u10S3f-p3Wk,5.46,5.74,3.0,3.0,0.0,0.0
Malkauns#3,Malkauns,`g `S n d,Malkauns/train_[u10S3f-p3Wk]_chunk3.mp3,u10S3f-p3Wk,0.27,0.69,3.0,3.0,0.0,0.0
Malkauns#3,Malkauns,`g `S n d,Malkauns/train_[u10S3f-p3Wk]_chunk4.mp3,u10S3f-p3Wk,11.61,11.95,3.0,3.0,0.0,0.0
Malkauns#3,Malkauns,`g `S n d,Malkauns/train_[u10S3f-p3Wk]_chunk4.mp3,u10S3f-p3Wk,7.11,7.43,3.0,3.0,0.0,0.0
Malkauns#3,Malkauns,`g `S n d,Malkauns/train_[xGBsWT5199U]_chunk0.mp3,xGBsWT5199U,11.91,13.1,3.0,3.0,0.0,0.0
Malkauns#3,Malkauns,`g `S n d,Malkauns/train_[xGBsWT5199U]_chunk0.mp3,xGBsWT5199U,10.54,10.84,3.0,3.0,0.0,0.0
Malkauns#3,Malkauns,`g `S n d,Malkauns/train_[xGBsWT5199U]_chunk3.mp3,xGBsWT5199U,4.44,4.78,3.0,3.0,0.0,0.0
Malkauns#3,Malkauns,`g `S n d,Malkauns/train_[xGBsWT5199U]_chunk3.mp3,xGBsWT5199U,17.23,17.51,3.0,3.0,0.0,0.0
Malkauns#3,Malkauns,`g `S n d,Malkauns/train_[xGBsWT5199U]_chunk4.mp3,xGBsWT5199U,14.61,14.92,3.0,3.0,0.0,0.0
Malkauns#3,Malkauns,`g `S n d,Malkauns/train_[xGBsWT5199U]_chunk4.mp3,xGBsWT5199U,12.76,13.8,3.0,3.0,0.0,0.0
Malkauns#3,Malkauns,`g `S n d,Malkauns/train_[xGBsWT5199U]_chunk4.mp3,xGBsWT5199U,15.56,15.88,3.0,3.0,0.0,0.0
Malkauns#3,Malkauns,`g `S n d,Malkauns/train_[ssO9fHiDJrg]_chunk4.mp3,ssO9fHiDJrg,19.08,24.3,3.014,3.0,0.0,0.014
Malkauns#3,Malkauns,`g `S n d,Malkauns/train_[LTFMaLfEmEk]_chunk3.mp3,LTFMaLfEmEk,4.16,4.73,3.031,3.0,0.031,0.0
Malkauns#3,Malkauns,`g `S n d,Malkauns/train_[u10S3f-p3Wk]_chunk1.mp3,u10S3f-p3Wk,17.71,18.15,3.04,3.0,0.04,0.0
Malkauns#3,Malkauns,`g `S n d,Malkauns/train_[4DQZkKgACeA]_chunk2.mp3,4DQZkKgACeA,11.56,11.98,3.042,3.0,0.042,0.0
Malkauns#3,Malkauns,`g `S n d,Malkauns/train_[ivUt1A4kb58]_chunk2.mp3,ivUt1A4kb58,5.12,5.49,3.048,3.0,0.048,0.0
Malkauns#3,Malkauns,`g `S n d,Malkauns/train_[ssO9fHiDJrg]_chunk3.mp3,ssO9fHiDJrg,0.2,1.56,3.052,3.0,0.0,0.052
Malkauns#3,Malkauns,`g `S n d,Malkauns/train_[HTXm4asuA4s]_chunk2.mp3,HTXm4asuA4s,1.14,1.46,3.056,3.0,0.056,0.0
Malkauns#3,Malkauns,`g `S n d,Malkauns/train_[LTFMaLfEmEk]_chunk3.mp3,LTFMaLfEmEk,3.98,4.28,3.059,3.0,0.059,0.0
Malkauns#3,Malkauns,`g `S n d,Malkauns/train_[xGBsWT5199U]_chunk0.mp3,xGBsWT5199U,17.4,18.45,3.059,3.0,0.0,0.059
Malkauns#3,Malkauns,`g `S n d,Malkauns/train_[4DQZkKgACeA]_chunk2.mp3,4DQZkKgACeA,26.17,26.45,3.062,3.0,0.0,0.062
Malkauns#3,Malkauns,`g `S n d,Malkauns/train_[g8Su1mShMKc]_chunk2.mp3,g8Su1mShMKc,1.62,1.9,3.062,3.0,0.0,0.062
Malkauns#3,Malkauns,`g `S n d,Malkauns/train_[xGBsWT5199U]_chunk0.mp3,xGBsWT5199U,17.4,18.44,3.062,3.0,0.0,0.062
Malkauns#3,Malkauns,`g `S n d,Malkauns/train_[xGBsWT5199U]_chunk3.mp3,xGBsWT5199U,18.04,19.88,3.068,3.0,0.0,0.068
Malkauns#3,Malkauns,`g `S n d,Malkauns/train_[xGBsWT5199U]_chunk3.mp3,xGBsWT5199U,5.35,9.94,3.081,3.0,0.035,0.047
Malkauns#3,Malkauns,`g `S n d,Malkauns/train_[g8Su1mShMKc]_chunk3.mp3,g8Su1mShMKc,14.45,14.84,3.091,3.0,0.0,0.091
Malkauns#3,Malkauns,`g `S n d,Malkauns/train_[g8Su1mShMKc]_chunk4.mp3,g8Su1mShMKc,36.84,37.78,3.096,3.0,0.019,0.077
Malkauns#3,Malkauns,`g `S n d,Malkauns/train_[ivUt1A4kb58]_chunk2.mp3,ivUt1A4kb58,14.26,14.99,3.098,3.0,0.0,0.098
Malkauns#3,Malkauns,`g `S n d,Malkauns/train_[c1j0EsO-MgE]_chunk2.mp3,c1j0EsO-MgE,18.24,18.58,3.105,3.0,0.0,0.105
Malkauns#3,Malkauns,`g `S n d,Malkauns/train_[g8Su1mShMKc]_chunk3.mp3,g8Su1mShMKc,22.83,23.5,3.105,3.0,0.053,0.053
Malkauns#3,Malkauns,`g `S n d,Malkauns/train_[HTXm4asuA4s]_chunk3.mp3,HTXm4asuA4s,5.23,5.9,3.111,3.0,0.0,0.111
Malkauns#3,Malkauns,`g `S n d,Malkauns/train_[HTXm4asuA4s]_chunk3.mp3,HTXm4asuA4s,10.47,11.11,3.111,3.0,0.0,0.111
Malkauns#3,Malkauns,`g `S n d,Malkauns/train_[ssO9fHiDJrg]_chunk3.mp3,ssO9fHiDJrg,19.61,19.93,3.111,3.0,0.0,0.111
Malkauns#3,Malkauns,`g `S n d,Malkauns/train_[c1j0EsO-MgE]_chunk3.mp3,c1j0EsO-MgE,2.33,3.59,3.113,3.0,0.0,0.113
Malkauns#3,Malkauns,`g `S n d,Malkauns/train_[c1j0EsO-MgE]_chunk0.mp3,c1j0EsO-MgE,13.44,13.9,3.125,3.0,0.0,0.125
Malkauns#3,Malkauns,`g `S n d,Malkauns/train_[c1j0EsO-MgE]_chunk2.mp3,c1j0EsO-MgE,14.45,14.86,3.13,3.0,0.0,0.13
Malkauns#3,Malkauns,`g `S n d,Malkauns/train_[xGBsWT5199U]_chunk2.mp3,xGBsWT5199U,10.24,10.61,3.143,3.0,0.0,0.143
Malkauns#3,Malkauns,`g `S n d,Malkauns/train_[ivUt1A4kb58]_chunk3.mp3,ivUt1A4kb58,18.19,21.24,3.145,3.0,0.099,0.047
Malkauns#3,Malkauns,`g `S n d,Malkauns/train_[ssO9fHiDJrg]_chunk1.mp3,ssO9fHiDJrg,17.12,17.83,3.15,3.0,0.05,0.1
Malkauns#3,Malkauns,`g `S n d,Malkauns/train_[g8Su1mShMKc]_chunk2.mp3,g8Su1mShMKc,34.88,35.47,3.152,3.0,0.152,0.0
Malkauns#3,Malkauns,`g `S n d,Malkauns/train_[g8Su1mShMKc]_chunk4.mp3,g8Su1mShMKc,18.33,18.79,3.154,3.0,0.0,0.154
Malkauns#3,Malkauns,`g `S n d,Malkauns/train_[g8Su1mShMKc]_chunk2.mp3,g8Su1mShMKc,15.18,15.63,3.16,3.0,0.0,0.16
Malkauns#3,Malkauns,`g `S n d,Malkauns/train_[ivUt1A4kb58]_chunk3.mp3,ivUt1A4kb58,24.12,24.57,3.16,3.0,0.0,0.16
Malkauns#3,Malkauns,`g `S n d,Malkauns/train_[ivUt1A4kb58]_chunk3.mp3,ivUt1A4kb58,21.67,24.18,3.163,3.0,0.135,0.028
Malkauns#3,Malkauns,`g `S n d,Malkauns/train_[g8Su1mShMKc]_chunk3.mp3,g8Su1mShMKc,17.6,18.45,3.167,3.0,0.0,0.167
Malkauns#3,Malkauns,`g `S n d,Malkauns/train_[u10S3f-p3Wk]_chunk3.mp3,u10S3f-p3Wk,5.48,5.97,3.174,3.0,0.0,0.174
Malkauns#3,Malkauns,`g `S n d,Malkauns/train_[g8Su1mShMKc]_chunk2.mp3,g8Su1mShMKc,24.66,24.96,3.176,3.0,0.0,0.176
Malkauns#3,Malkauns,`g `S n d,Malkauns/train_[c1j0EsO-MgE]_chunk4.mp3,c1j0EsO-MgE,13.33,13.72,3.182,3.0,0.0,0.182
Malkauns#3,Malkauns,`g `S n d,Malkauns/train_[c1j0EsO-MgE]_chunk1.mp3,c1j0EsO-MgE,7.36,7.93,3.188,3.0,0.0,0.188
Malkauns#3,Malkauns,`g `S n d,Malkauns/train_[c1j0EsO-MgE]_chunk3.mp3,c1j0EsO-MgE,2.33,2.7,3.19,3.0,0.0,0.19
Malkauns#3,Malkauns,`g `S n d,Malkauns/train_[xGBsWT5199U]_chunk3.mp3,xGBsWT5199U,5.35,6.54,3.194,3.0,0.134,0.06
Malkauns#3,Malkauns,`g `S n d,Malkauns/train_[xGBsWT5199U]_chunk1.mp3,xGBsWT5199U,8.09,8.78,3.205,3.0,0.0,0.205
Malkauns#3,Malkauns,`g `S n d,Malkauns/train_[c1j0EsO-MgE]_chunk4.mp3,c1j0EsO-MgE,7.31,8.04,3.207,3.0,0.0,0.207
Malkauns#3,Malkauns,`g `S n d,Malkauns/train_[xGBsWT5199U]_chunk2.mp3,xGBsWT5199U,17.94,18.9,3.209,3.0,0.0,0.209
Malkauns#3,Malkauns,`g `S n d,Malkauns/train_[c1j0EsO-MgE]_chunk2.mp3,c1j0EsO-MgE,12.21,12.62,3.217,3.0,0.0,0.217
Malkauns#3,Malkauns,`g `S n d,Malkauns/train_[c1j0EsO-MgE]_chunk3.mp3,c1j0EsO-MgE,17.37,18.01,3.222,3.0,0.0,0.222
Malkauns#3,Malkauns,`g `S n d,Malkauns/train_[c1j0EsO-MgE]_chunk2.mp3,c1j0EsO-MgE,1.53,1.92,3.227,3.0,0.0,0.227
Malkauns#3,Malkauns,`g `S n d,Malkauns/train_[u10S3f-p3Wk]_chunk3.mp3,u10S3f-p3Wk,18.35,18.72,3.238,3.0,0.048,0.19
Malkauns#3,Malkauns,`g `S n d,Malkauns/train_[xGBsWT5199U]_chunk2.mp3,xGBsWT5199U,7.25,8.18,3.255,3.0,0.176,0.078
Malkauns#3,Malkauns,`g `S n d,Malkauns/train_[xGBsWT5199U]_chunk2.mp3,xGBsWT5199U,17.07,17.69,3.257,3.0,0.029,0.229
Malkauns#3,Malkauns,`g `S n d,Malkauns/train_[xGBsWT5199U]_chunk1.mp3,xGBsWT5199U,18.61,19.41,3.267,3.0,0.0,0.267
Malkauns#3,Malkauns,`g `S n d,Malkauns/train_[u10S3f-p3Wk]_chunk3.mp3,u10S3f-p3Wk,17.94,18.36,3.292,3.0,0.042,0.25
Malkauns#3,Malkauns,`g `S n d,Malkauns/train_[c1j0EsO-MgE]_chunk1.mp3,c1j0EsO-MgE,16.84,17.32,3.296,3.0,0.0,0.296
Malkauns#3,Malkauns,`g `S n d,Malkauns/train_[c1j0EsO-MgE]_chunk2.mp3,c1j0EsO-MgE,15.68,16.3,3.314,3.0,0.0,0.314
Malkauns#3,Malkauns,`g `S n d,Malkauns/train_[xGBsWT5199U]_chunk1.mp3,xGBsWT5199U,19.41,20.07,3.324,3.0,0.0,0.324
Malkauns#3,Malkauns,`g `S n d,Malkauns/train_[c1j0EsO-MgE]_chunk4.mp3,c1j0EsO-MgE,6.2,6.74,3.367,3.0,0.0,0.367
Malkauns#3,Malkauns,`g `S n d,Malkauns/train_[c1j0EsO-MgE]_chunk3.mp3,c1j0EsO-MgE,19.56,19.84,3.375,3.0,0.0,0.375
Malkauns#3,Malkauns,`g `S n d,Malkauns/train_[c1j0EsO-MgE]_chunk1.mp3,c1j0EsO-MgE,7.86,8.18,3.389,3.0,0.0,0.389
Malkauns#3,Malkauns,`g `S n d,Malkauns/train_[c1j0EsO-MgE]_chunk4.mp3,c1j0EsO-MgE,12.85,13.17,3.389,3.0,0.0,0.389
Malkauns#3,Malkauns,`g `S n d,Malkauns/train_[c1j0EsO-MgE]_chunk4.mp3,c1j0EsO-MgE,0.92,1.28,3.389,3.0,0.0,0.389
Malkauns#3,Malkauns,`g `S n d,Malkauns/train_[c1j0EsO-MgE]_chunk3.mp3,c1j0EsO-MgE,10.86,11.38,3.414,3.0,0.0,0.414
Malkauns#3,Malkauns,`g `S n d,Malkauns/train_[c1j0EsO-MgE]_chunk1.mp3,c1j0EsO-MgE,16.52,16.8,3.438,3.0,0.0,0.438
Malkauns#3,Malkauns,`g `S n d,Malkauns/train_[xGBsWT5199U]_chunk1.mp3,xGBsWT5199U,5.12,5.6,3.444,3.0,0.074,0.37
Malkauns#3,Malkauns,`g `S n d,Malkauns/train_[c1j0EsO-MgE]_chunk1.mp3,c1j0EsO-MgE,2.74,3.2,3.462,3.0,0.0,0.462
Malkauns#3,Malkauns,`g `S n d,Malkauns/train_[xGBsWT5199U]_chunk1.mp3,xGBsWT5199U,9.64,10.08,3.48,3.0,0.0,0.48
PuriyaDhanashri#0,PuriyaDhanashri,",N r G M P",PuriyaDhanashri/train_[bxI-gMlmf-E]_chunk1.mp3,bxI-gMlmf-E,3.64,4.27,0.091,0.0,0.091,0.0
PuriyaDhanashri#0,PuriyaDhanashri,",N r G M P",PuriyaDhanashri/train_[0VB7jujlb5o]_chunk3.mp3,0VB7jujlb5o,15.36,15.96,0.394,0.3,0.094,0.0
PuriyaDhanashri#0,PuriyaDhanashri,",N r G M P",PuriyaDhanashri/train_[KP6Sz7Gxwtg]_chunk4.mp3,KP6Sz7Gxwtg,16.21,17.05,0.399,0.058,0.319,0.021
PuriyaDhanashri#0,PuriyaDhanashri,",N r G M P",PuriyaDhanashri/train_[KP6Sz7Gxwtg]_chunk4.mp3,KP6Sz7Gxwtg,3.4,3.82,0.625,0.542,0.083,0.0
PuriyaDhanashri#0,PuriyaDhanashri,",N r G M P",PuriyaDhanashri/train_[0VB7jujlb5o]_chunk0.mp3,0VB7jujlb5o,10.17,10.52,0.66,0.66,0.0,0.0
PuriyaDhanashri#0,PuriyaDhanashri,",N r G M P",PuriyaDhanashri/train_[KP6Sz7Gxwtg]_chunk1.mp3,KP6Sz7Gxwtg,18.93,19.31,0.667,0.667,0.0,0.0
PuriyaDhanashri#0,PuriyaDhanashri,",N r G M P",PuriyaDhanashri/train_[KP6Sz7Gxwtg]_chunk4.mp3,KP6Sz7Gxwtg,1.21,1.71,0.781,0.633,0.148,0.0
PuriyaDhanashri#0,PuriyaDhanashri,",N r G M P",PuriyaDhanashri/train_[jPIl2G88w_A]_chunk1.mp3,jPIl2G88w_A,9.49,9.99,0.798,0.798,0.0,0.0
PuriyaDhanashri#0,PuriyaDhanashri,",N r G M P",PuriyaDhanashri/train_[GOdO8EKn-rs]_chunk2.mp3,GOdO8EKn-rs,0.27,0.94,0.845,0.567,0.194,0.083
PuriyaDhanashri#0,PuriyaDhanashri,",N r G M P",PuriyaDhanashri/train_[jPIl2G88w_A]_chunk0.mp3,jPIl2G88w_A,0.52,0.94,0.948,0.948,0.0,0.0
PuriyaDhanashri#0,PuriyaDhanashri,",N r G M P",PuriyaDhanashri/train_[jPIl2G88w_A]_chunk0.mp3,jPIl2G88w_A,0.52,1.94,0.948,0.948,0.0,0.0
PuriyaDhanashri#0,PuriyaDhanashri,",N r G M P",PuriyaDhanashri/train_[0VB7jujlb5o]_chunk3.mp3,0VB7jujlb5o,11.64,12.28,1.028,0.889,0.139,0.0
PuriyaDhanashri#0,PuriyaDhanashri,",N r G M P",PuriyaDhanashri/train_[9X3vjQXx7xw]_chunk2.mp3,9X3vjQXx7xw,18.28,18.93,1.059,1.0,0.059,0.0
PuriyaDhanashri#0,PuriyaDhanashri,",N r G M P",PuriyaDhanashri/train_[GOdO8EKn-rs]_chunk4.mp3,GOdO8EKn-rs,18.22,18.97,1.067,1.067,0.0,0.0
PuriyaDhanashri#0,PuriyaDhanashri,",N r G M P",PuriyaDhanashri/train_[weCnFtHhPWo]_chunk1.mp3,weCnFtHhPWo,4.76,5.24,1.109,0.85,0.259,0.0
PuriyaDhanashri#0,PuriyaDhanashri,",N r G M P",PuriyaDhanashri/train_[jPIl2G88w_A]_chunk0.mp3,jPIl2G88w_A,9.69,10.19,1.241,1.098,0.143,0.0
PuriyaDhanashri#0,PuriyaDhanashri,",N r G M P",PuriyaDhanashri/train_[KP6Sz7Gxwtg]_chunk4.mp3,KP6Sz7Gxwtg,14.35,14.77,1.245,1.158,0.087,0.0
PuriyaDhanashri#0,PuriyaDhanashri,",N r G M P",PuriyaDhanashri/train_[9X3vjQXx7xw]_chunk0.mp3,9X3vjQXx7xw,19.27,20.0,1.29,1.262,0.028,0.0
PuriyaDhanashri#0,PuriyaDhanashri,",N r G M P",PuriyaDhanashri/train_[weCnFtHhPWo]_chunk0.mp3,weCnFtHhPWo,5.8,6.22,1.352,1.352,0.0,0.0
PuriyaDhanashri#0,PuriyaDhanashri,",N r G M P",PuriyaDhanashri/train_[9X3vjQXx7xw]_chunk0.mp3,9X3vjQXx7xw,11.64,12.28,1.38,0.019,0.361,0.0
PuriyaDhanashri#0,PuriyaDhanashri,",N r G M P",PuriyaDhanashri/train_[KP6Sz7Gxwtg]_chunk1.mp3,KP6Sz7Gxwtg,1.55,2.29,1.383,1.383,0.0,0.0
PuriyaDhanashri#0,PuriyaDhanashri,",N r G M P",PuriyaDhanashri/train_[weCnFtHhPWo]_chunk0.mp3,weCnFtHhPWo,6.44,7.8,1.452,1.452,0.0,0.0
PuriyaDhanashri#0,PuriyaDhanashri,",N r G M P",PuriyaDhanashri/train_[weCnFtHhPWo]_chunk0.mp3,weCnFtHhPWo,6.44,6.84,1.452,1.452,0.0,0.0
PuriyaDhanashri#0,PuriyaDhanashri,",N r G M P",PuriyaDhanashri/train_[jPIl2G88w_A]_chunk4.mp3,jPIl2G88w_A,12.23,12.68,1.462,1.302,0.16,0.0
PuriyaDhanashri#0,PuriyaDhanashri,",N r G M P",PuriyaDhanashri/train_[KP6Sz7Gxwtg]_chunk4.mp3,KP6Sz7Gxwtg,14.35,15.84,1.471,1.158,0.312,0.0
PuriyaDhanashri#0,PuriyaDhanashri,",N r G M P",PuriyaDhanashri/train_[bxI-gMlmf-E]_chunk4.mp3,bxI-gMlmf-E,17.53,17.94,1.505,1.201,0.0,0.304
PuriyaDhanashri#0,PuriyaDhanashri,",N r G M P",PuriyaDhanashri/train_[GOdO8EKn-rs]_chunk0.mp3,GOdO8EKn-rs,6.22,7.57,1.666,1.666,0.0,0.0
PuriyaDhanashri#0,PuriyaDhanashri,",N r G M P",PuriyaDhanashri/train_[GOdO8EKn-rs]_chunk0.mp3,GOdO8EKn-rs,6.22,7.59,1.666,1.666,0.0,0.0
PuriyaDhanashri#0,PuriyaDhanashri,",N r G M P",PuriyaDhanashri/train_[GOdO8EKn-rs]_chunk0.mp3,GOdO8EKn-rs,6.22,7.61,1.666,1.666,0.0,0.0
PuriyaDhanashri#0,PuriyaDhanashri,",N r G M P",PuriyaDhanashri/train_[GOdO8EKn-rs]_chunk0.mp3,GOdO8EKn-rs,6.2,7.56,1.666,1.666,0.0,0.0
PuriyaDhanashri#0,PuriyaDhanashri,",N r G M P",PuriyaDhanashri/train_[GOdO8EKn-rs]_chunk0.mp3,GOdO8EKn-rs,6.19,7.54,1.666,1.666,0.0,0.0
PuriyaDhanashri#0,PuriyaDhanashri,",N r G M P",PuriyaDhanashri/train_[jPIl2G88w_A]_chunk0.mp3,jPIl2G88w_A,7.86,8.3,1.701,1.701,0.0,0.0
PuriyaDhanashri#0,PuriyaDhanashri,",N r G M P",PuriyaDhanashri/train_[weCnFtHhPWo]_chunk4.mp3,weCnFtHhPWo,6.93,7.52,1.783,0.752,0.03,0.0
PuriyaDhanashri#0,PuriyaDhanashri,",N r G M P",PuriyaDhanashri/train_[9X3vjQXx7xw]_chunk0.mp3,9X3vjQXx7xw,7.98,8.59,1.794,1.5,0.294,0.0
PuriyaDhanashri#0,PuriyaDhanashri,",N r G M P",PuriyaDhanashri/train_[jPIl2G88w_A]_chunk1.mp3,jPIl2G88w_A,6.74,7.45,1.848,1.848,0.0,0.0
PuriyaDhanashri#0,PuriyaDhanashri,",N r G M P",PuriyaDhanashri/train_[bxI-gMlmf-E]_chunk3.mp3,bxI-gMlmf-E,0.53,1.14,1.85,1.85,0.0,0.0
PuriyaDhanashri#0,PuriyaDhanashri,",N r G M P",PuriyaDhanashri/train_[bxI-gMlmf-E]_chunk4.mp3,bxI-gMlmf-E,17.53,18.95,1.895,1.701,0.104,0.091
PuriyaDhanashri#0,PuriyaDhanashri,",N r G M P",PuriyaDhanashri/train_[9X3vjQXx7xw]_chunk1.mp3,9X3vjQXx7xw,16.5,17.12,1.897,1.781,0.115,0.0
PuriyaDhanashri#0,PuriyaDhanashri,",N r G M P",PuriyaDhanashri/train_[jPIl2G88w_A]_chunk3.mp3,jPIl2G88w_A,5.6,6.12,2.051,2.051,0.0,0.0
PuriyaDhanashri#0,PuriyaDhanashri,",N r G M P",PuriyaDhanashri/train_[0VB7jujlb5o]_chunk4.mp3,0VB7jujlb5o,10.49,10.93,2.071,0.911,0.0,0.16
PuriyaDhanashri#0,PuriyaDhanashri,",N r G M P",PuriyaDhanashri/train_[weCnFtHhPWo]_chunk3.mp3,weCnFtHhPWo,5.03,5.62,2.166,0.802,0.364,0.0
PuriyaDhanashri#0,PuriyaDhanashri,",N r G M P",PuriyaDhanashri/train_[jPIl2G88w_A]_chunk4.mp3,jPIl2G88w_A,17.97,18.63,2.329,1.901,0.429,0.0
PuriyaDhanashri#0,PuriyaDhanashri,",N r G M P",PuriyaDhanashri/train_[GOdO8EKn-rs]_chunk4.mp3,GOdO8EKn-rs,14.52,15.89,2.483,1.483,0.0,0.0
PuriyaDhanashri#0,PuriyaDhanashri,",N r G M P",PuriyaDhanashri/train_[GOdO8EKn-rs]_chunk4.mp3,GOdO8EKn-rs,14.52,15.89,2.483,1.483,0.0,0.0
PuriyaDhanashri#0,PuriyaDhanashri,",N r G M P",PuriyaDhanashri/train_[GOdO8EKn-rs]_chunk4.mp3,GOdO8EKn-rs,14.52,14.92,2.483,1.483,0.0,0.0
PuriyaDhanashri#0,PuriyaDhanashri,",N r G M P",PuriyaDhanashri/train_[jPIl2G88w_A]_chunk4.mp3,jPIl2G88w_A,17.64,18.01,2.549,2.501,0.048,0.0
PuriyaDhanashri#0,PuriyaDhanashri,",N r G M P",PuriyaDhanashri/train_[bxI-gMlmf-E]_chunk0.mp3,bxI-gMlmf-E,2.81,3.18,2.55,2.55,0.0,0.0
PuriyaDhanashri#0,PuriyaDhanashri,",N r G M P",PuriyaDhanashri/train_[9X3vjQXx7xw]_chunk3.mp3,9X3vjQXx7xw,9.4,9.78,2.637,1.637,0.0,0.0
PuriyaDhanashri#0,PuriyaDhanashri,",N r G M P",PuriyaDhanashri/train_[jPIl2G88w_A]_chunk3.mp3,jPIl2G88w_A,6.26,6.63,2.648,1.648,0.0,0.0
PuriyaDhanashri#0,PuriyaDhanashri,",N r G M P",PuriyaDhanashri/train_[9X3vjQXx7xw]_chunk0.mp3,9X3vjQXx7xw,17.08,17.69,2.657,2.569,0.088,0.0
PuriyaDhanashri#0,PuriyaDhanashri,",N r G M P",PuriyaDhanashri/train_[bxI-gMlmf-E]_chunk4.mp3,bxI-gMlmf-E,12.52,12.92,2.748,2.701,0.0,0.048
PuriyaDhanashri#0,PuriyaDhanashri,",N r G M P",PuriyaDhanashri/train_[bxI-gMlmf-E]_chunk0.mp3,bxI-gMlmf-E,2.81,4.05,2.778,2.55,0.229,0.0
PuriyaDhanashri#0,PuriyaDhanashri,",N r G M P",PuriyaDhanashri/train_[9X3vjQXx7xw]_chunk1.mp3,9X3vjQXx7xw,4.59,5.03,2.831,1.831,0.0,0.0
PuriyaDhanashri#0,PuriyaDhanashri,",N r G M P",PuriyaDhanashri/train_[0VB7jujlb5o]_chunk0.mp3,0VB7jujlb5o,16.46,16.89,3.0,3.0,0.0,0.0
PuriyaDhanashri#0,PuriyaDhanashri,",N r G M P",PuriyaDhanashri/train_[0VB7jujlb5o]_chunk0.mp3,0VB7jujlb5o,5.14,5.71,3.0,3.0,0.0,0.0
PuriyaDhanashri#0,PuriyaDhanashri,",N r G M P",PuriyaDhanashri/train_[0VB7jujlb5o]_chunk0.mp3,0VB7jujlb5o,3.5,3.89,3.0,3.0,0.0,0.0
PuriyaDhanashri#0,PuriyaDhanashri,",N r G M P",PuriyaDhanashri/train_[0VB7jujlb5o]_chunk0.mp3,0VB7jujlb5o,3.84,4.2,3.0,3.0,0.0,0.0
PuriyaDhanashri#0,PuriyaDhanashri,",N r G M P",PuriyaDhanashri/train_[0VB7jujlb5o]_chunk2.mp3,0VB7jujlb5o,11.36,11.89,3.0,3.0,0.0,0.0
PuriyaDhanashri#0,PuriyaDhanashri,",N r G M P",PuriyaDhanashri/train_[0VB7jujlb5o]_chunk2.mp3,0VB7jujlb5o,5.88,6.28,3.0,3.0,0.0,0.0
PuriyaDhanashri#0,PuriyaDhanashri,",N r G M P",PuriyaDhanashri/train_[0VB7jujlb5o]_chunk2.mp3,0VB7jujlb5o,10.79,11.43,3.0,3.0,0.0,0.0
PuriyaDhanashri#0,PuriyaDhanashri,",N r G M P",PuriyaDhanashri/train_[0VB7jujlb5o]_chunk2.mp3,0VB7jujlb5o,1.32,1.67,3.0,3.0,0.0,0.0
PuriyaDhanashri#0,PuriyaDhanashri,",N r G M P",PuriyaDhanashri/train_[0VB7jujlb5o]_chunk2.mp3,0VB7jujlb5o,10.31,10.67,3.0,3.0,0.0,0.0
PuriyaDhanashri#0,PuriyaDhanashri,",N r G M P",PuriyaDhanashri/train_[0VB7jujlb5o]_chunk3.mp3,0VB7jujlb5o,2.88,3.29,3.0,3.0,0.0,0.0
PuriyaDhanashri#0,PuriyaDhanashri,",N r G M P",PuriyaDhanashri/train_[0VB7jujlb5o]_chunk3.mp3,0VB7jujlb5o,16.76,17.3,3.0,3.0,0.0,0.0
PuriyaDhanashri#0,PuriyaDhanashri,",N r G M P",PuriyaDhanashri/train_[0VB7jujlb5o]_chunk3.mp3,0VB7jujlb5o,16.76,18.68,3.0,3.0,0.0,0.0
PuriyaDhanashri#0,PuriyaDhanashri,",N r G M P",PuriyaDhanashri/train_[0VB7jujlb5o]_chunk4.mp3,0VB7jujlb5o,7.0,7.4,3.0,3.0,0.0,0.0
PuriyaDhanashri#0,PuriyaDhanashri,",N r G M P",PuriyaDhanashri/train_[0VB7jujlb5o]_chunk4.mp3,0VB7jujlb5o,8.59,9.0,3.0,3.0,0.0,0.0
PuriyaDhanashri#0,PuriyaDhanashri,",N r G M P",PuriyaDhanashri/train_[0VB7jujlb5o]_chunk4.mp3,0VB7jujlb5o,17.87,18.29,3.0,3.0,0.0,0.0
PuriyaDhanashri#0,PuriyaDhanashri,",N r G M P",PuriyaDhanashri/train_[9X3vjQXx7xw]_chunk1.mp3,9X3vjQXx7xw,6.68,7.11,3.0,3.0,0.0,0.0
PuriyaDhanashri#0,PuriyaDhanashri,",N r G M P",PuriyaDhanashri/train_[9X3vjQXx7xw]_chunk1.mp3,9X3vjQXx7xw,9.49,9.88,3.0,3.0,0.0,0.0
PuriyaDhanashri#0,PuriyaDhanashri,",N r G M P",PuriyaDhanashri/train_[9X3vjQXx7xw]_chunk1.mp3,9X3vjQXx7xw,14.47,14.83,3.0,3.0,0.0,0.0
PuriyaDhanashri#0,PuriyaDhanashri,",N r G M P",PuriyaDhanashri/train_[9X3vjQXx7xw]_chunk2.mp3,9X3vjQXx7xw,8.36,9.07,3.0,3.0,0.0,0.0
PuriyaDhanashri#0,PuriyaDhanashri,",N r G M P",PuriyaDhanashri/train_[9X3vjQXx7xw]_chunk2.mp3,9X3vjQXx7xw,14.68,15.11,3.0,3.0,0.0,0.0
PuriyaDhanashri#0,PuriyaDhanashri,",N r G M P",PuriyaDhanashri/train_[9X3vjQXx7xw]_chunk2.mp3,9X3vjQXx7xw,16.78,17.49,3.0,3.0,0.0,0.0
PuriyaDhanashri#0,PuriyaDhanashri,",N r G M P",PuriyaDhanashri/train_[9X3vjQXx7xw]_chunk2.mp3,9X3vjQXx7xw,18.99,19.52,3.0,3.0,0.0,0.0
PuriyaDhanashri#0,PuriyaDhanashri,",N r G M P",PuriyaDhanashri/train_[9X3vjQXx7xw]_chunk3.mp3,9X3vjQXx7xw,16.62,16.98,3.0,3.0,0.0,0.0
PuriyaDhanashri#0,PuriyaDhanashri,",N r G M P",PuriyaDhanashri/train_[9X3vjQXx7xw]_chunk3.mp3,9X3vjQXx7xw,9.14,9.55,3.0,3.0,0.0,0.0
PuriyaDhanashri#0,PuriyaDhanashri,",N r G M P",PuriyaDhanashri/train_[9X3vjQXx7xw]_chunk4.mp3,9X3vjQXx7xw,12.75,13.14,3.0,3.0,0.0,0.0
PuriyaDhanashri#0,PuriyaDhanashri,",N r G M P",PuriyaDhanashri/train_[9X3vjQXx7xw]_chunk4.mp3,9X3vjQXx7xw,18.95,19.31,3.0,3.0,0.0,0.0
PuriyaDhanashri#0,PuriyaDhanashri,",N r G M P",PuriyaDhanashri/train_[9X3vjQXx7xw]_chunk4.mp3,9X3vjQXx7xw,8.37,8.8,3.0,3.0,0.0,0.0
PuriyaDhanashri#0,PuriyaDhanashri,",N r G M P",PuriyaDhanashri/train_[9X3vjQXx7xw]_chunk4.mp3,9X3vjQXx7xw,19.36,19.75,3.0,3.0,0.0,0.0
PuriyaDhanashri#0,PuriyaDhanashri,",N r G M P",PuriyaDhanashri/train_[9X3vjQXx7xw]_chunk4.mp3,9X3vjQXx7xw,10.58,10.93,3.0,3.0,0.0,0.0
PuriyaDhanashri#0,PuriyaDhanashri,",N r G M P",PuriyaDhanashri/train_[GOdO8EKn-rs]_chunk1.mp3,GOdO8EKn-rs,11.06,11.45,3.0,3.0,0.0,0.0
PuriyaDhanashri#0,PuriyaDhanashri,",N r G M P",PuriyaDhanashri/train_[GOdO8EKn-rs]_chunk1.mp3,GOdO8EKn-rs,4.27,4.62,3.0,3.0,0.0,0.0
PuriyaDhanashri#0,PuriyaDhanashri,",N r G M P",PuriyaDhanashri/train_[GOdO8EKn-rs]_chunk1.mp3,GOdO8EKn-rs,10.86,11.29,3.0,3.0,0.0,0.0
PuriyaDhanashri#0,PuriyaDhanashri,",N r G M P",PuriyaDhanashri/train_[GOdO8EKn-rs]_chunk2.mp3,GOdO8EKn-rs,15.36,15.8,3.0,3.0,0.0,0.0
PuriyaDhanashri#0,PuriyaDhanashri,",N r G M P",PuriyaDhanashri/train_[GOdO8EKn-rs]_chunk2.mp3,GOdO8EKn-rs,14.97,15.34,3.0,3.0,0.0,0.0
PuriyaDhanashri#0,PuriyaDhanashri,",N r G M P",PuriyaDhanashri/train_[GOdO8EKn-rs]_chunk2.mp3,GOdO8EKn-rs,17.16,17.53,3.0,3.0,0.0,0.0
PuriyaDhanashri#0,PuriyaDhanashri,",N r G M P",PuriyaDhanashri/train_[GOdO8EKn-rs]_chunk2.mp3,GOdO8EKn-rs,5.14,5.49,3.0,3.0,0.0,0.0
PuriyaDhanashri#0,PuriyaDhanashri,",N r G M P",PuriyaDhanashri/train_[GOdO8EKn-rs]_chunk3.mp3,GOdO8EKn-rs,3.95,4.3,3.0,3.0,0.0,0.0
PuriyaDhanashri#0,PuriyaDhanashri,",N r G M P",PuriyaDhanashri/train_[GOdO8EKn-rs]_chunk3.mp3,GOdO8EKn-rs,0.18,0.53,3.0,3.0,0.0,0.0
PuriyaDhanashri#0,PuriyaDhanashri,",N r G M P",PuriyaDhanashri/train_[GOdO8EKn-rs]_chunk3.mp3,GOdO8EKn-rs,16.75,17.1,3.0,3.0,0.0,0.0
PuriyaDhanashri#0,PuriyaDhanashri,",N r G M P",PuriyaDhanashri/train_[GOdO8EKn-rs]_chunk3.mp3,GOdO8EKn-rs,15.63,15.98,3.0,3.0,0.0,0.0
PuriyaDhanashri#0,PuriyaDhanashri,",N r G M P",PuriyaDhanashri/train_[GOdO8EKn-rs]_chunk3.mp3,GOdO8EKn-rs,12.85,13.21,3.0,3.0,0.0,0.0
PuriyaDhanashri#0,PuriyaDhanashri,",N r G M P",PuriyaDhanashri/train_[GOdO8EKn-rs]_chunk4.mp3,GOdO8EKn-rs,5.72,6.08,3.0,3.0,0.0,0.0
PuriyaDhanashri#0,PuriyaDhanashri,",N r G M P",PuriyaDhanashri/train_[KP6Sz7Gxwtg]_chunk0.mp3,KP6Sz7Gxwtg,6.74,7.36,3.0,3.0,0.0,0.0
PuriyaDhanashri#0,PuriyaDhanashri,",N r G M P",PuriyaDhanashri/train_[KP6Sz7Gxwtg]_chunk0.mp3,KP6Sz7Gxwtg,11.93,13.32,3.0,3.0,0.0,0.0
PuriyaDhanashri#0,PuriyaDhanashri,",N r G M P",PuriyaDhanashri/train_[KP6Sz7Gxwtg]_chunk0.mp3,KP6Sz7Gxwtg,11.93,13.33,3.0,3.0,0.0,0.0
PuriyaDhanashri#0,PuriyaDhanashri,",N r G M P",PuriyaDhanashri/train_[KP6Sz7Gxwtg]_chunk0.mp3,KP6Sz7Gxwtg,11.93,13.35,3.0,3.0,0.0,0.0
PuriyaDhanashri#0,PuriyaDhanashri,",N r G M P",PuriyaDhanashri/train_[KP6Sz7Gxwtg]_chunk0.mp3,KP6Sz7Gxwtg,11.93,13.37,3.0,3.0,0.0,0.0
PuriyaDhanashri#0,PuriyaDhanashri,",N r G M P",PuriyaDhanashri/train_[KP6Sz7Gxwtg]_chunk1.mp3,KP6Sz7Gxwtg,9.55,10.12,3.0,3.0,0.0,0.0
PuriyaDhanashri#0,PuriyaDhanashri,",N r G M P",PuriyaDhanashri/train_[KP6Sz7Gxwtg]_chunk1.mp3,KP6Sz7Gxwtg,1.05,1.44,3.0,3.0,0.0,0.0
PuriyaDhanashri#0,PuriyaDhanashri,",N r G M P",PuriyaDhanashri/train_[KP6Sz7Gxwtg]_chunk1.mp3,KP6Sz7Gxwtg,13.87,14.38,3.0,3.0,0.0,0.0
PuriyaDhanashri#0,PuriyaDhanashri,",N r G M P",PuriyaDhanashri/train_[KP6Sz7Gxwtg]_chunk2.mp3,KP6Sz7Gxwtg,5.51,6.35,3.0,3.0,0.0,0.0
PuriyaDhanashri#0,PuriyaDhanashri,",N r G M P",PuriyaDhanashri/train_[KP6Sz7Gxwtg]_chunk2.mp3,KP6Sz7Gxwtg,5.03,5.39,3.0,3.0,0.0,0.0
PuriyaDhanashri#0,PuriyaDhanashri,",N r G M P",PuriyaDhanashri/train_[KP6Sz7Gxwtg]_chunk2.mp3,KP6Sz7Gxwtg,11.09,11.72,3.0,3.0,0.0,0.0
PuriyaDhanashri#0,PuriyaDhanashri,",N r G M P",PuriyaDhanashri/train_[KP6Sz7Gxwtg]_chunk2.mp3,KP6Sz7Gxwtg,8.02,8.53,3.0,3.0,0.0,0.0
PuriyaDhanashri#0,PuriyaDhanashri,",N r G M P",PuriyaDhanashri/train_[KP6Sz7Gxwtg]_chunk2.mp3,KP6Sz7Gxwtg,4.46,4.82,3.0,3.0,0.0,0.0
PuriyaDhanashri#0,PuriyaDhanashri,",N r G M P",PuriyaDhanashri/train_[KP6Sz7Gxwtg]_chunk3.mp3,KP6Sz7Gxwtg,2.2,2.72,3.0,3.0,0.0,0.0
PuriyaDhanashri#0,PuriyaDhanashri,",N r G M P",PuriyaDhanashri/train_[KP6Sz7Gxwtg]_chunk3.mp3,KP6Sz7Gxwtg,11.45,11.93,3.0,3.0,0.0,0.0
PuriyaDhanashri#0,PuriyaDhanashri,",N r G M P",PuriyaDhanashri/train_[KP6Sz7Gxwtg]_chunk3.mp3,KP6Sz7Gxwtg,19.41,19.89,3.0,3.0,0.0,0.0
PuriyaDhanashri#0,PuriyaDhanashri,",N r G M P",PuriyaDhanashri/train_[KP6Sz7Gxwtg]_chunk3.mp3,KP6Sz7Gxwtg,6.63,7.02,3.0,3.0,0.0,0.0
PuriyaDhanashri#0,PuriyaDhanashri,",N r G M P",PuriyaDhanashri/train_[KP6Sz7Gxwtg]_chunk3.mp3,KP6Sz7Gxwtg,14.12,14.58,3.0,3.0,0.0,0.0
PuriyaDhanashri#0,PuriyaDhanashri,",N r G M P",PuriyaDhanashri/train_[bxI-gMlmf-E]_chunk0.mp3,bxI-gMlmf-E,1.1,1.46,3.0,3.0,0.0,0.0
PuriyaDhanashri#0,PuriyaDhanashri,",N r G M P",PuriyaDhanashri/train_[bxI-gMlmf-E]_chunk0.mp3,bxI-gMlmf-E,10.03,10.4,3.0,3.0,0.0,0.0
PuriyaDhanashri#0,PuriyaDhanashri,",N r G M P",PuriyaDhanashri/train_[bxI-gMlmf-E]_chunk0.mp3,bxI-gMlmf-E,19.04,19.43,3.0,3.0,0.0,0.0
PuriyaDhanashri#0,PuriyaDhanashri,",N r G M P",PuriyaDhanashri/train_[bxI-gMlmf-E]_chunk1.mp3,bxI-gMlmf-E,7.98,8.37,3.0,3.0,0.0,0.0
PuriyaDhanashri#0,PuriyaDhanashri,",N r G M P",PuriyaDhanashri/train_[bxI-gMlmf-E]_chunk1.mp3,bxI-gMlmf-E,13.21,13.56,3.0,3.0,0.0,0.0
PuriyaDhanashri#0,PuriyaDhanashri,",N r G M P",PuriyaDhanashri/train_[bxI-gMlmf-E]_chunk1.mp3,bxI-gMlmf-E,1.08,1.46,3.0,3.0,0.0,0.0
PuriyaDhanashri#0,PuriyaDhanashri,",N r G M P",PuriyaDhanashri/train_[bxI-gMlmf-E]_chunk2.mp3,bxI-gMlmf-E,14.92,15.27,3.0,3.0,0.0,0.0
PuriyaDhanashri#0,PuriyaDhanashri,",N r G M P",PuriyaDhanashri/train_[bxI-gMlmf-E]_chunk2.mp3,bxI-gMlmf-E,11.29,11.68,3.0,3.0,0.0,0.0
PuriyaDhanashri#0,PuriyaDhanashri,",N r G M P",PuriyaDhanashri/train_[bxI-gMlmf-E]_chunk2.mp3,bxI-gMlmf-E,17.05,17.4,3.0,3.0,0.0,0.0
PuriyaDhanashri#0,PuriyaDhanashri,",N r G M P",PuriyaDhanashri/train_[bxI-gMlmf-E]_chunk2.mp3,bxI-gMlmf-E,15.45,15.84,3.0,3.0,0.0,0.0
PuriyaDhanashri#0,PuriyaDhanashri,",N r G M P",PuriyaDhanashri/train_[bxI-gMlmf-E]_chunk2.mp3,bxI-gMlmf-E,17.65,18.01,3.0,3.0,0.0,0.0
PuriyaDhanashri#0,PuriyaDhanashri,",N r G M P",PuriyaDhanashri/train_[bxI-gMlmf-E]_chunk3.mp3,bxI-gMlmf-E,4.09,4.44,3.0,3.0,0.0,0.0
PuriyaDhanashri#0,PuriyaDhanashri,",N r G M P",PuriyaDhanashri/train_[bxI-gMlmf-E]_chunk3.mp3,bxI-gMlmf-E,3.52,3.88,3.0,3.0,0.0,0.0
PuriyaDhanashri#0,PuriyaDhanashri,",N r G M P",PuriyaDhanashri/train_[bxI-gMlmf-E]_chunk3.mp3,bxI-gMlmf-E,5.62,6.01,3.0,3.0,0.0,0.0
PuriyaDhanashri#0,PuriyaDhanashri,",N r G M P",PuriyaDhanashri/train_[bxI-gMlmf-E]_chunk3.mp3,bxI-gMlmf-E,3.89,4.25,3.0,3.0,0.0,0.0
PuriyaDhanashri#0,PuriyaDhanashri,",N r G M P",PuriyaDhanashri/train_[bxI-gMlmf-E]_chunk4.mp3,bxI-gMlmf-E,14.67,15.04,3.0,3.0,0.0,0.0
PuriyaDhanashri#0,PuriyaDhanashri,",N r G M P",PuriyaDhanashri/train_[bxI-gMlmf-E]_chunk4.mp3,bxI-gMlmf-E,2.33,2.83,3.0,3.0,0.0,0.0
PuriyaDhanashri#0,PuriyaDhanashri,",N r G M P",PuriyaDhanashri/train_[jPIl2G88w_A]_chunk1.mp3,jPIl2G88w_A,7.84,8.46,3.0,3.0,0.0,0.0
PuriyaDhanashri#0,PuriyaDhanashri,",N r G M P",PuriyaDhanashri/train_[jPIl2G88w_A]_chunk1.mp3,jPIl2G88w_A,16.41,17.28,3.0,3.0,0.0,0.0
PuriyaDhanashri#0,PuriyaDhanashri,",N r G M P",PuriyaDhanashri/train_[jPIl2G88w_A]_chunk1.mp3,jPIl2G88w_A,5.64,5.99,3.0,3.0,0.0,0.0
PuriyaDhanashri#0,PuriyaDhanashri,",N r G M P",PuriyaDhanashri/train_[jPIl2G88w_A]_chunk2.mp3,jPIl2G88w_A,6.72,7.15,3.0,3.0,0.0,0.0
PuriyaDhanashri#0,PuriyaDhanashri,",N r G M P",PuriyaDhanashri/train_[jPIl2G88w_A]_chunk2.mp3,jPIl2G88w_A,1.39,1.76,3.0,3.0,0.0,0.0
PuriyaDhanashri#0,PuriyaDhanashri,",N r G M P",PuriyaDhanashri/train_[jPIl2G88w_A]_chunk2.mp3,jPIl2G88w_A,1.94,2.29,3.0,3.0,0.0,0.0
PuriyaDhanashri#0,PuriyaDhanashri,",N r G M P",PuriyaDhanashri/train_[jPIl2G88w_A]_chunk2.mp3,jPIl2G88w_A,4.2,4.57,3.0,3.0,0.0,0.0
PuriyaDhanashri#0,PuriyaDhanashri,",N r G M P",PuriyaDhanashri/train_[jPIl2G88w_A]_chunk2.mp3,jPIl2G88w_A,2.49,2.84,3.0,3.0,0.0,0.0
PuriyaDhanashri#0,PuriyaDhanashri,",N r G M P",PuriyaDhanashri/train_[jPIl2G88w_A]_chunk3.mp3,jPIl2G88w_A,15.86,16.21,3.0,3.0,0.0,0.0
PuriyaDhanashri#0,PuriyaDhanashri,",N r G M P",PuriyaDhanashri/train_[jPIl2G88w_A]_chunk3.mp3,jPIl2G88w_A,4.39,4.85,3.0,3.0,0.0,0.0
PuriyaDhanashri#0,PuriyaDhanashri,",N r G M P",PuriyaDhanashri/train_[jPIl2G88w_A]_chunk3.mp3,jPIl2G88w_A,8.98,9.33,3.0,3.0,0.0,0.0
PuriyaDhanashri#0,PuriyaDhanashri,",N r G M P",PuriyaDhanashri/train_[jPIl2G88w_A]_chunk4.mp3,jPIl2G88w_A,18.38,18.84,3.0,3.0,0.0,0.0
PuriyaDhanashri#0,PuriyaDhanashri,",N r G M P",PuriyaDhanashri/train_[jPIl2G88w_A]_chunk4.mp3,jPIl2G88w_A,6.51,6.88,3.0,3.0,0.0,0.0
PuriyaDhanashri#0,PuriyaDhanashri,",N r G M P",PuriyaDhanashri/train_[weCnFtHhPWo]_chunk0.mp3,weCnFtHhPWo,16.28,16.64,3.0,3.0,0.0,0.0
PuriyaDhanashri#0,PuriyaDhanashri,",N r G M P",PuriyaDhanashri/train_[weCnFtHhPWo]_chunk0.mp3,weCnFtHhPWo,9.94,11.29,3.0,3.0,0.0,0.0
PuriyaDhanashri#0,PuriyaDhanashri,",N r G M P",PuriyaDhanashri/train_[weCnFtHhPWo]_chunk1.mp3,weCnFtHhPWo,7.89,8.25,3.0,3.0,0.0,0.0
PuriyaDhanashri#0,PuriyaDhanashri,",N r G M P",PuriyaDhanashri/train_[weCnFtHhPWo]_chunk1.mp3,weCnFtHhPWo,10.72,11.09,3.0,3.0,0.0,0.0
PuriyaDhanashri#0,PuriyaDhanashri,",N r G M P",PuriyaDhanashri/train_[weCnFtHhPWo]_chunk1.mp3,weCnFtHhPWo,14.61,14.97,3.0,3.0,0.0,0.0
PuriyaDhanashri#0,PuriyaDhanashri,",N r G M P",PuriyaDhanashri/train_[weCnFtHhPWo]_chunk1.mp3,weCnFtHhPWo,0.11,0.46,3.0,3.0,0.0,0.0
PuriyaDhanashri#0,PuriyaDhanashri,",N r G M P",PuriyaDhanashri/train_[weCnFtHhPWo]_chunk2.mp3,weCnFtHhPWo,15.32,15.72,3.0,3.0,0.0,0.0
PuriyaDhanashri#0,PuriyaDhanashri,",N r G M P",PuriyaDhanashri/train_[weCnFtHhPWo]_chunk2.mp3,weCnFtHhPWo,18.86,19.22,3.0,3.0,0.0,0.0
PuriyaDhanashri#0,PuriyaDhanashri,",N r G M P",PuriyaDhanashri/train_[weCnFtHhPWo]_chunk2.mp3,weCnFtHhPWo,10.83,11.2,3.0,3.0,0.0,0.0
PuriyaDhanashri#0,PuriyaDhanashri,",N r G M P",PuriyaDhanashri/train_[weCnFtHhPWo]_chunk2.mp3,weCnFtHhPWo,2.15,2.51,3.0,3.0,0.0,0.0
PuriyaDhanashri#0,PuriyaDhanashri,",N r G M P",PuriyaDhanashri/train_[weCnFtHhPWo]_chunk2.mp3,weCnFtHhPWo,16.94,17.3,3.0,3.0,0.0,0.0
PuriyaDhanashri#0,PuriyaDhanashri,",N r G M P",PuriyaDhanashri/train_[weCnFtHhPWo]_chunk4.mp3,weCnFtHhPWo,14.56,14.93,3.0,3.0,0.0,0.0
PuriyaDhanashri#0,PuriyaDhanashri,",N r G M P",PuriyaDhanashri/train_[0VB7jujlb5o]_chunk4.mp3,0VB7jujlb5o,1.6,2.06,3.038,3.0,0.038,0.0
PuriyaDhanashri#0,PuriyaDhanashri,",N r G M P",PuriyaDhanashri/train_[GOdO8EKn-rs]_chunk1.mp3,GOdO8EKn-rs,13.99,14.44,3.048,3.0,0.048,0.0
PuriyaDhanashri#0,PuriyaDhanashri,",N r G M P",PuriyaDhanashri/train_[GOdO8EKn-rs]_chunk1.mp3,GOdO8EKn-rs,19.57,19.95,3.048,3.0,0.048,0.0
PuriyaDhanashri#0,PuriyaDhanashri,",N r G M P",PuriyaDhanashri/train_[bxI-gMlmf-E]_chunk1.mp3,bxI-gMlmf-E,8.57,9.28,3.075,3.0,0.025,0.05
PuriyaDhanashri#0,PuriyaDhanashri,",N r G M P",PuriyaDhanashri/train_[9X3vjQXx7xw]_chunk0.mp3,9X3vjQXx7xw,1.74,2.1,3.1,3.0,0.0,0.1
PuriyaDhanashri#0,PuriyaDhanashri,",N r G M P",PuriyaDhanashri/train_[jPIl2G88w_A]_chunk0.mp3,jPIl2G88w_A,10.77,11.25,3.148,3.0,0.148,0.0
PuriyaDhanashri#0,PuriyaDhanashri,",N r G M P",PuriyaDhanashri/train_[9X3vjQXx7xw]_chunk3.mp3,9X3vjQXx7xw,3.7,4.05,3.15,3.0,0.0,0.15
PuriyaDhanashri#0,PuriyaDhanashri,",N r G M P",PuriyaDhanashri/train_[9X3vjQXx7xw]_chunk3.mp3,9X3vjQXx7xw,1.94,2.29,3.15,3.0,0.0,0.15
PuriyaDhanashri#0,PuriyaDhanashri,",N r G M P",PuriyaDhanashri/train_[weCnFtHhPWo]_chunk3.mp3,weCnFtHhPWo,9.33,10.81,3.205,3.0,0.084,0.12
PuriyaDhanashri#0,PuriyaDhanashri,",N r G M P",PuriyaDhanashri/train_[weCnFtHhPWo]_chunk3.mp3,weCnFtHhPWo,0.2,0.76,3.219,3.0,0.031,0.188
PuriyaDhanashri#0,PuriyaDhanashri,",N r G M P",PuriyaDhanashri/train_[weCnFtHhPWo]_chunk4.mp3,weCnFtHhPWo,3.27,3.98,3.25,3.0,0.0,0.25
PuriyaDhanashri#0,PuriyaDhanashri,",N r G M P",PuriyaDhanashri/train_[weCnFtHhPWo]_chunk4.mp3,weCnFtHhPWo,9.0,9.35,3.25,3.0,0.0,0.25
PuriyaDhanashri#0,PuriyaDhanashri,",N r G M P",PuriyaDhanashri/train_[weCnFtHhPWo]_chunk4.mp3,weCnFtHhPWo,13.28,13.69,3.261,3.0,0.0,0.261
PuriyaDhanashri#0,PuriyaDhanashri,",N r G M P",PuriyaDhanashri/train_[0VB7jujlb5o]_chunk1.mp3,0VB7jujlb5o,19.22,19.88,3.306,3.0,0.083,0.222
PuriyaDhanashri#0,PuriyaDhanashri,",N r G M P",PuriyaDhanashri/train_[weCnFtHhPWo]_chunk3.mp3,weCnFtHhPWo,10.7,11.36,3.351,3.0,0.027,0.324
PuriyaDhanashri#0,PuriyaDhanashri,",N r G M P",PuriyaDhanashri/train_[weCnFtHhPWo]_chunk3.mp3,weCnFtHhPWo,13.72,14.38,3.378,3.0,0.054,0.324
PuriyaDhanashri#0,PuriyaDhanashri,",N r G M P",PuriyaDhanashri/train_[0VB7jujlb5o]_chunk1.mp3,0VB7jujlb5o,2.44,3.79,3.4,3.0,0.0,0.4
PuriyaDhanashri#0,PuriyaDhanashri,",N r G M P",PuriyaDhanashri/train_[0VB7jujlb5o]_chunk1.mp3,0VB7jujlb5o,4.84,5.8,3.45,3.0,0.0,0.45
PuriyaDhanashri#0,PuriyaDhanashri,",N r G M P",PuriyaDhanashri/train_[0VB7jujlb5o]_chunk1.mp3,0VB7jujlb5o,4.84,5.87,3.45,3.0,0.0,0.45
PuriyaDhanashri#0,PuriyaDhanashri,",N r G M P",PuriyaDhanashri/train_[0VB7jujlb5o]_chunk1.mp3,0VB7jujlb5o,2.45,3.8,3.45,3.0,0.0,0.45
PuriyaDhanashri#1,PuriyaDhanashri,P M G M r G,PuriyaDhanashri/train_[KP6Sz7Gxwtg]_chunk2.mp3,KP6Sz7Gxwtg,4.75,6.22,0.142,0.142,0.0,0.0
PuriyaDhanashri#1,PuriyaDhanashri,P M G M r G,PuriyaDhanashri/train_[9X3vjQXx7xw]_chunk0.mp3,9X3vjQXx7xw,1.62,2.38,0.166,0.069,0.049,0.049
PuriyaDhanashri#1,PuriyaDhanashri,P M G M r G,PuriyaDhanashri/train_[KP6Sz7Gxwtg]_chunk1.mp3,KP6Sz7Gxwtg,1.35,2.84,0.333,0.092,0.241,0.0
PuriyaDhanashri#1,PuriyaDhanashri,P M G M r G,PuriyaDhanashri/train_[0VB7jujlb5o]_chunk0.mp3,0VB7jujlb5o,15.77,17.33,0.431,0.26,0.136,0.034
PuriyaDhanashri#1,PuriyaDhanashri,P M G M r G,PuriyaDhanashri/train_[9X3vjQXx7xw]_chunk1.mp3,9X3vjQXx7xw,7.0,8.14,0.523,0.281,0.21,0.032
PuriyaDhanashri#1,PuriyaDhanashri,P M G M r G,PuriyaDhanashri/train_[9X3vjQXx7xw]_chunk0.mp3,9X3vjQXx7xw,11.88,12.44,0.88,0.719,0.161,0.0
PuriyaDhanashri#1,PuriyaDhanashri,P M G M r G,PuriyaDhanashri/train_[9X3vjQXx7xw]_chunk0.mp3,9X3vjQXx7xw,9.19,9.78,1.132,0.95,0.121,0.061
PuriyaDhanashri#1,PuriyaDhanashri,P M G M r G,PuriyaDhanashri/train_[bxI-gMlmf-E]_chunk1.mp3,bxI-gMlmf-E,7.95,9.0,1.205,0.9,0.261,0.043
PuriyaDhanashri#1,PuriyaDhanashri,P M G M r G,PuriyaDhanashri/train_[0VB7jujlb5o]_chunk2.mp3,0VB7jujlb5o,11.32,12.39,1.456,1.41,0.045,0.0
PuriyaDhanashri#1,PuriyaDhanashri,P M G M r G,PuriyaDhanashri/train_[0VB7jujlb5o]_chunk2.mp3,0VB7jujlb5o,18.2,18.95,1.524,1.5,0.0,0.024
PuriyaDhanashri#1,PuriyaDhanashri,P M G M r G,PuriyaDhanashri/train_[KP6Sz7Gxwtg]_chunk4.mp3,KP6Sz7Gxwtg,5.87,7.34,1.694,0.292,0.402,0.0
PuriyaDhanashri#1,PuriyaDhanashri,P M G M r G,PuriyaDhanashri/train_[9X3vjQXx7xw]_chunk0.mp3,9X3vjQXx7xw,7.63,8.3,1.757,1.5,0.257,0.0
PuriyaDhanashri#1,PuriyaDhanashri,P M G M r G,PuriyaDhanashri/train_[0VB7jujlb5o]_chunk4.mp3,0VB7jujlb5o,5.46,6.15,2.367,2.11,0.256,0.0
PuriyaDhanashri#1,PuriyaDhanashri,P M G M r G,PuriyaDhanashri/train_[KP6Sz7Gxwtg]_chunk4.mp3,KP6Sz7Gxwtg,2.92,3.7,2.554,2.383,0.171,0.0
PuriyaDhanashri#1,PuriyaDhanashri,P M G M r G,PuriyaDhanashri/train_[0VB7jujlb5o]_chunk4.mp3,0VB7jujlb5o,8.25,8.8,2.577,2.48,0.065,0.032
PuriyaDhanashri#1,PuriyaDhanashri,P M G M r G,PuriyaDhanashri/train_[0VB7jujlb5o]_chunk0.mp3,0VB7jujlb5o,10.17,10.6,3.0,3.0,0.0,0.0
PuriyaDhanashri#1,PuriyaDhanashri,P M G M r G,PuriyaDhanashri/train_[0VB7jujlb5o]_chunk0.mp3,0VB7jujlb5o,5.37,5.8,3.0,3.0,0.0,0.0
PuriyaDhanashri#1,PuriyaDhanashri,P M G M r G,PuriyaDhanashri/train_[0VB7jujlb5o]_chunk0.mp3,0VB7jujlb5o,3.4,3.82,3.0,3.0,0.0,0.0
PuriyaDhanashri#1,PuriyaDhanashri,P M G M r G,PuriyaDhanashri/train_[0VB7jujlb5o]_chunk0.mp3,0VB7jujlb5o,3.13,3.56,3.0,3.0,0.0,0.0
PuriyaDhanashri#1,PuriyaDhanashri,P M G M r G,PuriyaDhanashri/train_[0VB7jujlb5o]_chunk1.mp3,0VB7jujlb5o,18.49,18.92,3.0,3.0,0.0,0.0
PuriyaDhanashri#1,PuriyaDhanashri,P M G M r G,PuriyaDhanashri/train_[0VB7jujlb5o]_chunk1.mp3,0VB7jujlb5o,1.65,2.08,3.0,3.0,0.0,0.0
PuriyaDhanashri#1,PuriyaDhanashri,P M G M r G,PuriyaDhanashri/train_[0VB7jujlb5o]_chunk1.mp3,0VB7jujlb5o,17.71,18.13,3.0,3.0,0.0,0.0
PuriyaDhanashri#1,PuriyaDhanashri,P M G M r G,PuriyaDhanashri/train_[0VB7jujlb5o]_chunk1.mp3,0VB7jujlb5o,8.23,8.66,3.0,3.0,0.0,0.0
PuriyaDhanashri#1,PuriyaDhanashri,P M G M r G,PuriyaDhanashri/train_[0VB7jujlb5o]_chunk1.mp3,0VB7jujlb5o,7.8,8.23,3.0,3.0,0.0,0.0
PuriyaDhanashri#1,PuriyaDhanashri,P M G M r G,PuriyaDhanashri/train_[0VB7jujlb5o]_chunk2.mp3,0VB7jujlb5o,3.63,4.91,3.0,3.0,0.0,0.0
PuriyaDhanashri#1,PuriyaDhanashri,P M G M r G,PuriyaDhanashri/train_[0VB7jujlb5o]_chunk2.mp3,0VB7jujlb5o,3.59,4.02,3.0,3.0,0.0,0.0
PuriyaDhanashri#1,PuriyaDhanashri,P M G M r G,PuriyaDhanashri/train_[0VB7jujlb5o]_chunk2.mp3,0VB7jujlb5o,7.61,8.04,3.0,3.0,0.0,0.0
PuriyaDhanashri#1,PuriyaDhanashri,P M G M r G,PuriyaDhanashri/train_[0VB7jujlb5o]_chunk3.mp3,0VB7jujlb5o,12.16,13.19,3.0,3.0,0.0,0.0
PuriyaDhanashri#1,PuriyaDhanashri,P M G M r G,PuriyaDhanashri/train_[0VB7jujlb5o]_chunk3.mp3,0VB7jujlb5o,11.88,12.37,3.0,3.0,0.0,0.0
PuriyaDhanashri#1,PuriyaDhanashri,P M G M r G,PuriyaDhanashri/train_[0VB7jujlb5o]_chunk3.mp3,0VB7jujlb5o,15.86,16.32,3.0,3.0,0.0,0.0
PuriyaDhanashri#1,PuriyaDhanashri,P M G M r G,PuriyaDhanashri/train_[0VB7jujlb5o]_chunk3.mp3,0VB7jujlb5o,3.18,3.7,3.0,3.0,0.0,0.0
PuriyaDhanashri#1,PuriyaDhanashri,P M G M r G,PuriyaDhanashri/train_[0VB7jujlb5o]_chunk3.mp3,0VB7jujlb5o,2.93,3.45,3.0,3.0,0.0,0.0
PuriyaDhanashri#1,PuriyaDhanashri,P M G M r G,PuriyaDhanashri/train_[0VB7jujlb5o]_chunk4.mp3,0VB7jujlb5o,6.79,7.22,3.0,3.0,0.0,0.0
PuriyaDhanashri#1,PuriyaDhanashri,P M G M r G,PuriyaDhanashri/train_[0VB7jujlb5o]_chunk4.mp3,0VB7jujlb5o,17.97,18.4,3.0,3.0,0.0,0.0
PuriyaDhanashri#1,PuriyaDhanashri,P M G M r G,PuriyaDhanashri/train_[9X3vjQXx7xw]_chunk0.mp3,9X3vjQXx7xw,1.46,1.94,3.0,3.0,0.0,0.0
PuriyaDhanashri#1,PuriyaDhanashri,P M G M r G,PuriyaDhanashri/train_[9X3vjQXx7xw]_chunk1.mp3,9X3vjQXx7xw,14.76,15.32,3.0,3.0,0.0,0.0
PuriyaDhanashri#1,PuriyaDhanashri,P M G M r G,PuriyaDhanashri/train_[9X3vjQXx7xw]_chunk1.mp3,9X3vjQXx7xw,14.4,14.9,3.0,3.0,0.0,0.0
PuriyaDhanashri#1,PuriyaDhanashri,P M G M r G,PuriyaDhanashri/train_[9X3vjQXx7xw]_chunk1.mp3,9X3vjQXx7xw,9.44,9.92,3.0,3.0,0.0,0.0
PuriyaDhanashri#1,PuriyaDhanashri,P M G M r G,PuriyaDhanashri/train_[9X3vjQXx7xw]_chunk1.mp3,9X3vjQXx7xw,4.05,4.53,3.0,3.0,0.0,0.0
PuriyaDhanashri#1,PuriyaDhanashri,P M G M r G,PuriyaDhanashri/train_[9X3vjQXx7xw]_chunk2.mp3,9X3vjQXx7xw,5.67,6.24,3.0,3.0,0.0,0.0
PuriyaDhanashri#1,PuriyaDhanashri,P M G M r G,PuriyaDhanashri/train_[9X3vjQXx7xw]_chunk2.mp3,9X3vjQXx7xw,8.53,8.98,3.0,3.0,0.0,0.0
PuriyaDhanashri#1,PuriyaDhanashri,P M G M r G,PuriyaDhanashri/train_[9X3vjQXx7xw]_chunk2.mp3,9X3vjQXx7xw,10.38,10.93,3.0,3.0,0.0,0.0
PuriyaDhanashri#1,PuriyaDhanashri,P M G M r G,PuriyaDhanashri/train_[9X3vjQXx7xw]_chunk2.mp3,9X3vjQXx7xw,16.55,16.98,3.0,3.0,0.0,0.0
PuriyaDhanashri#1,PuriyaDhanashri,P M G M r G,PuriyaDhanashri/train_[9X3vjQXx7xw]_chunk2.mp3,9X3vjQXx7xw,10.74,12.04,3.0,3.0,0.0,0.0
PuriyaDhanashri#1,PuriyaDhanashri,P M G M r G,PuriyaDhanashri/train_[9X3vjQXx7xw]_chunk3.mp3,9X3vjQXx7xw,11.06,11.5,3.0,3.0,0.0,0.0
PuriyaDhanashri#1,PuriyaDhanashri,P M G M r G,PuriyaDhanashri/train_[9X3vjQXx7xw]_chunk4.mp3,9X3vjQXx7xw,11.04,11.47,3.0,3.0,0.0,0.0
PuriyaDhanashri#1,PuriyaDhanashri,P M G M r G,PuriyaDhanashri/train_[9X3vjQXx7xw]_chunk4.mp3,9X3vjQXx7xw,13.69,14.12,3.0,3.0,0.0,0.0
PuriyaDhanashri#1,PuriyaDhanashri,P M G M r G,PuriyaDhanashri/train_[9X3vjQXx7xw]_chunk4.mp3,9X3vjQXx7xw,10.81,11.31,3.0,3.0,0.0,0.0
PuriyaDhanashri#1,PuriyaDhanashri,P M G M r G,PuriyaDhanashri/train_[GOdO8EKn-rs]_chunk0.mp3,GOdO8EKn-rs,6.38,6.81,3.0,3.0,0.0,0.0
PuriyaDhanashri#1,PuriyaDhanashri,P M G M r G,PuriyaDhanashri/train_[GOdO8EKn-rs]_chunk0.mp3,GOdO8EKn-rs,7.86,9.28,3.0,3.0,0.0,0.0
PuriyaDhanashri#1,PuriyaDhanashri,P M G M r G,PuriyaDhanashri/train_[GOdO8EKn-rs]_chunk0.mp3,GOdO8EKn-rs,7.88,9.3,3.0,3.0,0.0,0.0
PuriyaDhanashri#1,PuriyaDhanashri,P M G M r G,PuriyaDhanashri/train_[GOdO8EKn-rs]_chunk0.mp3,GOdO8EKn-rs,7.84,9.26,3.0,3.0,0.0,0.0
PuriyaDhanashri#1,PuriyaDhanashri,P M G M r G,PuriyaDhanashri/train_[GOdO8EKn-rs]_chunk0.mp3,GOdO8EKn-rs,7.68,9.1,3.0,3.0,0.0,0.0
PuriyaDhanashri#1,PuriyaDhanashri,P M G M r G,PuriyaDhanashri/train_[GOdO8EKn-rs]_chunk1.mp3,GOdO8EKn-rs,13.67,14.13,3.0,3.0,0.0,0.0
PuriyaDhanashri#1,PuriyaDhanashri,P M G M r G,PuriyaDhanashri/train_[GOdO8EKn-rs]_chunk1.mp3,GOdO8EKn-rs,0.32,0.76,3.0,3.0,0.0,0.0
PuriyaDhanashri#1,PuriyaDhanashri,P M G M r G,PuriyaDhanashri/train_[GOdO8EKn-rs]_chunk1.mp3,GOdO8EKn-rs,12.46,12.89,3.0,3.0,0.0,0.0
PuriyaDhanashri#1,PuriyaDhanashri,P M G M r G,PuriyaDhanashri/train_[GOdO8EKn-rs]_chunk1.mp3,GOdO8EKn-rs,12.87,13.33,3.0,3.0,0.0,0.0
PuriyaDhanashri#1,PuriyaDhanashri,P M G M r G,PuriyaDhanashri/train_[GOdO8EKn-rs]_chunk2.mp3,GOdO8EKn-rs,14.97,15.57,3.0,3.0,0.0,0.0
PuriyaDhanashri#1,PuriyaDhanashri,P M G M r G,PuriyaDhanashri/train_[GOdO8EKn-rs]_chunk2.mp3,GOdO8EKn-rs,0.25,0.8,3.0,3.0,0.0,0.0
PuriyaDhanashri#1,PuriyaDhanashri,P M G M r G,PuriyaDhanashri/train_[GOdO8EKn-rs]_chunk2.mp3,GOdO8EKn-rs,6.08,6.51,3.0,3.0,0.0,0.0
PuriyaDhanashri#1,PuriyaDhanashri,P M G M r G,PuriyaDhanashri/train_[GOdO8EKn-rs]_chunk2.mp3,GOdO8EKn-rs,3.68,4.11,3.0,3.0,0.0,0.0
PuriyaDhanashri#1,PuriyaDhanashri,P M G M r G,PuriyaDhanashri/train_[GOdO8EKn-rs]_chunk2.mp3,GOdO8EKn-rs,3.0,3.43,3.0,3.0,0.0,0.0
PuriyaDhanashri#1,PuriyaDhanashri,P M G M r G,PuriyaDhanashri/train_[GOdO8EKn-rs]_chunk3.mp3,GOdO8EKn-rs,17.58,18.01,3.0,3.0,0.0,0.0
PuriyaDhanashri#1,PuriyaDhanashri,P M G M r G,PuriyaDhanashri/train_[GOdO8EKn-rs]_chunk4.mp3,GOdO8EKn-rs,11.75,12.34,3.0,3.0,0.0,0.0
PuriyaDhanashri#1,PuriyaDhanashri,P M G M r G,PuriyaDhanashri/train_[GOdO8EKn-rs]_chunk4.mp3,GOdO8EKn-rs,19.43,19.86,3.0,3.0,0.0,0.0
PuriyaDhanashri#1,PuriyaDhanashri,P M G M r G,PuriyaDhanashri/train_[GOdO8EKn-rs]_chunk4.mp3,GOdO8EKn-rs,18.9,19.34,3.0,3.0,0.0,0.0
PuriyaDhanashri#1,PuriyaDhanashri,P M G M r G,PuriyaDhanashri/train_[GOdO8EKn-rs]_chunk4.mp3,GOdO8EKn-rs,18.56,18.99,3.0,3.0,0.0,0.0
PuriyaDhanashri#1,PuriyaDhanashri,P M G M r G,PuriyaDhanashri/train_[GOdO8EKn-rs]_chunk4.mp3,GOdO8EKn-rs,14.93,15.36,3.0,3.0,0.0,0.0
PuriyaDhanashri#1,PuriyaDhanashri,P M G M r G,PuriyaDhanashri/train_[KP6Sz7Gxwtg]_chunk0.mp3,KP6Sz7Gxwtg,12.96,13.44,3.0,3.0,0.0,0.0
PuriyaDhanashri#1,PuriyaDhanashri,P M G M r G,PuriyaDhanashri/train_[KP6Sz7Gxwtg]_chunk0.mp3,KP6Sz7Gxwtg,5.87,6.35,3.0,3.0,0.0,0.0
PuriyaDhanashri#1,PuriyaDhanashri,P M G M r G,PuriyaDhanashri/train_[KP6Sz7Gxwtg]_chunk0.mp3,KP6Sz7Gxwtg,14.24,14.95,3.0,3.0,0.0,0.0
PuriyaDhanashri#1,PuriyaDhanashri,P M G M r G,PuriyaDhanashri/train_[KP6Sz7Gxwtg]_chunk0.mp3,KP6Sz7Gxwtg,18.12,18.54,3.0,3.0,0.0,0.0
PuriyaDhanashri#1,PuriyaDhanashri,P M G M r G,PuriyaDhanashri/train_[KP6Sz7Gxwtg]_chunk0.mp3,KP6Sz7Gxwtg,7.09,7.54,3.0,3.0,0.0,0.0
PuriyaDhanashri#1,PuriyaDhanashri,P M G M r G,PuriyaDhanashri/train_[KP6Sz7Gxwtg]_chunk1.mp3,KP6Sz7Gxwtg,19.34,19.89,3.0,3.0,0.0,0.0
PuriyaDhanashri#1,PuriyaDhanashri,P M G M r G,PuriyaDhanashri/train_[KP6Sz7Gxwtg]_chunk1.mp3,KP6Sz7Gxwtg,7.95,9.39,3.0,3.0,0.0,0.0
PuriyaDhanashri#1,PuriyaDhanashri,P M G M r G,PuriyaDhanashri/train_[KP6Sz7Gxwtg]_chunk1.mp3,KP6Sz7Gxwtg,0.07,1.49,3.0,3.0,0.0,0.0
PuriyaDhanashri#1,PuriyaDhanashri,P M G M r G,PuriyaDhanashri/train_[KP6Sz7Gxwtg]_chunk1.mp3,KP6Sz7Gxwtg,7.95,9.37,3.0,3.0,0.0,0.0
PuriyaDhanashri#1,PuriyaDhanashri,P M G M r G,PuriyaDhanashri/train_[KP6Sz7Gxwtg]_chunk2.mp3,KP6Sz7Gxwtg,4.75,5.26,3.0,3.0,0.0,0.0
PuriyaDhanashri#1,PuriyaDhanashri,P M G M r G,PuriyaDhanashri/train_[KP6Sz7Gxwtg]_chunk2.mp3,KP6Sz7Gxwtg,8.3,8.94,3.0,3.0,0.0,0.0
PuriyaDhanashri#1,PuriyaDhanashri,P M G M r G,PuriyaDhanashri/train_[KP6Sz7Gxwtg]_chunk2.mp3,KP6Sz7Gxwtg,1.33,1.76,3.0,3.0,0.0,0.0
PuriyaDhanashri#1,PuriyaDhanashri,P M G M r G,PuriyaDhanashri/train_[KP6Sz7Gxwtg]_chunk2.mp3,KP6Sz7Gxwtg,11.02,11.45,3.0,3.0,0.0,0.0
PuriyaDhanashri#1,PuriyaDhanashri,P M G M r G,PuriyaDhanashri/train_[KP6Sz7Gxwtg]_chunk3.mp3,KP6Sz7Gxwtg,0.71,1.72,3.0,3.0,0.0,0.0
PuriyaDhanashri#1,PuriyaDhanashri,P M G M r G,PuriyaDhanashri/train_[KP6Sz7Gxwtg]_chunk3.mp3,KP6Sz7Gxwtg,3.22,3.64,3.0,3.0,0.0,0.0
PuriyaDhanashri#1,PuriyaDhanashri,P M G M r G,PuriyaDhanashri/train_[KP6Sz7Gxwtg]_chunk3.mp3,KP6Sz7Gxwtg,0.6,1.03,3.0,3.0,0.0,0.0
PuriyaDhanashri#1,PuriyaDhanashri,P M G M r G,PuriyaDhanashri/train_[KP6Sz7Gxwtg]_chunk3.mp3,KP6Sz7Gxwtg,5.16,5.62,3.0,3.0,0.0,0.0
PuriyaDhanashri#1,PuriyaDhanashri,P M G M r G,PuriyaDhanashri/train_[KP6Sz7Gxwtg]_chunk3.mp3,KP6Sz7Gxwtg,18.84,19.31,3.0,3.0,0.0,0.0
PuriyaDhanashri#1,PuriyaDhanashri,P M G M r G,PuriyaDhanashri/train_[KP6Sz7Gxwtg]_chunk4.mp3,KP6Sz7Gxwtg,18.79,19.57,3.0,3.0,0.0,0.0
PuriyaDhanashri#1,PuriyaDhanashri,P M G M r G,PuriyaDhanashri/train_[KP6Sz7Gxwtg]_chunk4.mp3,KP6Sz7Gxwtg,5.85,6.33,3.0,3.0,0.0,0.0
PuriyaDhanashri#1,PuriyaDhanashri,P M G M r G,PuriyaDhanashri/train_[KP6Sz7Gxwtg]_chunk4.mp3,KP6Sz7Gxwtg,2.03,2.51,3.0,3.0,0.0,0.0
PuriyaDhanashri#1,PuriyaDhanashri,P M G M r G,PuriyaDhanashri/train_[bxI-gMlmf-E]_chunk0.mp3,bxI-gMlmf-E,1.42,1.87,3.0,3.0,0.0,0.0
PuriyaDhanashri#1,PuriyaDhanashri,P M G M r G,PuriyaDhanashri/train_[bxI-gMlmf-E]_chunk0.mp3,bxI-gMlmf-E,3.61,4.12,3.0,3.0,0.0,0.0
PuriyaDhanashri#1,PuriyaDhanashri,P M G M r G,PuriyaDhanashri/train_[bxI-gMlmf-E]_chunk0.mp3,bxI-gMlmf-E,3.22,3.66,3.0,3.0,0.0,0.0
PuriyaDhanashri#1,PuriyaDhanashri,P M G M r G,PuriyaDhanashri/train_[bxI-gMlmf-E]_chunk0.mp3,bxI-gMlmf-E,16.69,18.12,3.0,3.0,0.0,0.0
PuriyaDhanashri#1,PuriyaDhanashri,P M G M r G,PuriyaDhanashri/train_[bxI-gMlmf-E]_chunk0.mp3,bxI-gMlmf-E,16.68,18.1,3.0,3.0,0.0,0.0
PuriyaDhanashri#1,PuriyaDhanashri,P M G M r G,PuriyaDhanashri/train_[bxI-gMlmf-E]_chunk1.mp3,bxI-gMlmf-E,6.7,7.15,3.0,3.0,0.0,0.0
PuriyaDhanashri#1,PuriyaDhanashri,P M G M r G,PuriyaDhanashri/train_[bxI-gMlmf-E]_chunk1.mp3,bxI-gMlmf-E,6.28,6.7,3.0,3.0,0.0,0.0
PuriyaDhanashri#1,PuriyaDhanashri,P M G M r G,PuriyaDhanashri/train_[bxI-gMlmf-E]_chunk2.mp3,bxI-gMlmf-E,9.17,9.6,3.0,3.0,0.0,0.0
PuriyaDhanashri#1,PuriyaDhanashri,P M G M r G,PuriyaDhanashri/train_[bxI-gMlmf-E]_chunk2.mp3,bxI-gMlmf-E,12.62,13.05,3.0,3.0,0.0,0.0
PuriyaDhanashri#1,PuriyaDhanashri,P M G M r G,PuriyaDhanashri/train_[bxI-gMlmf-E]_chunk2.mp3,bxI-gMlmf-E,11.08,11.5,3.0,3.0,0.0,0.0
PuriyaDhanashri#1,PuriyaDhanashri,P M G M r G,PuriyaDhanashri/train_[bxI-gMlmf-E]_chunk2.mp3,bxI-gMlmf-E,13.23,13.65,3.0,3.0,0.0,0.0
PuriyaDhanashri#1,PuriyaDhanashri,P M G M r G,PuriyaDhanashri/train_[bxI-gMlmf-E]_chunk2.mp3,bxI-gMlmf-E,7.68,8.11,3.0,3.0,0.0,0.0
PuriyaDhanashri#1,PuriyaDhanashri,P M G M r G,PuriyaDhanashri/train_[bxI-gMlmf-E]_chunk3.mp3,bxI-gMlmf-E,2.88,3.96,3.0,3.0,0.0,0.0
PuriyaDhanashri#1,PuriyaDhanashri,P M G M r G,PuriyaDhanashri/train_[bxI-gMlmf-E]_chunk3.mp3,bxI-gMlmf-E,3.75,4.8,3.0,3.0,0.0,0.0
PuriyaDhanashri#1,PuriyaDhanashri,P M G M r G,PuriyaDhanashri/train_[bxI-gMlmf-E]_chunk3.mp3,bxI-gMlmf-E,0.76,1.51,3.0,3.0,0.0,0.0
PuriyaDhanashri#1,PuriyaDhanashri,P M G M r G,PuriyaDhanashri/train_[bxI-gMlmf-E]_chunk3.mp3,bxI-gMlmf-E,17.53,17.96,3.0,3.0,0.0,0.0
PuriyaDhanashri#1,PuriyaDhanashri,P M G M r G,PuriyaDhanashri/train_[bxI-gMlmf-E]_chunk3.mp3,bxI-gMlmf-E,7.18,7.61,3.0,3.0,0.0,0.0
PuriyaDhanashri#1,PuriyaDhanashri,P M G M r G,PuriyaDhanashri/train_[bxI-gMlmf-E]_chunk4.mp3,bxI-gMlmf-E,16.16,16.76,3.0,3.0,0.0,0.0
PuriyaDhanashri#1,PuriyaDhanashri,P M G M r G,PuriyaDhanashri/train_[bxI-gMlmf-E]_chunk4.mp3,bxI-gMlmf-E,8.66,9.08,3.0,3.0,0.0,0.0
PuriyaDhanashri#1,PuriyaDhanashri,P M G M r G,PuriyaDhanashri/train_[bxI-gMlmf-E]_chunk4.mp3,bxI-gMlmf-E,5.71,6.13,3.0,3.0,0.0,0.0
PuriyaDhanashri#1,PuriyaDhanashri,P M G M r G,PuriyaDhanashri/train_[bxI-gMlmf-E]_chunk4.mp3,bxI-gMlmf-E,15.77,16.23,3.0,3.0,0.0,0.0
PuriyaDhanashri#1,PuriyaDhanashri,P M G M r G,PuriyaDhanashri/train_[jPIl2G88w_A]_chunk0.mp3,jPIl2G88w_A,2.24,2.76,3.0,3.0,0.0,0.0
PuriyaDhanashri#1,PuriyaDhanashri,P M G M r G,PuriyaDhanashri/train_[jPIl2G88w_A]_chunk0.mp3,jPIl2G88w_A,11.0,11.45,3.0,3.0,0.0,0.0
PuriyaDhanashri#1,PuriyaDhanashri,P M G M r G,PuriyaDhanashri/train_[jPIl2G88w_A]_chunk0.mp3,jPIl2G88w_A,0.84,1.26,3.0,3.0,0.0,0.0
PuriyaDhanashri#1,PuriyaDhanashri,P M G M r G,PuriyaDhanashri/train_[jPIl2G88w_A]_chunk1.mp3,jPIl2G88w_A,16.6,17.42,3.0,3.0,0.0,0.0
PuriyaDhanashri#1,PuriyaDhanashri,P M G M r G,PuriyaDhanashri/train_[jPIl2G88w_A]_chunk1.mp3,jPIl2G88w_A,6.97,7.4,3.0,3.0,0.0,0.0
PuriyaDhanashri#1,PuriyaDhanashri,P M G M r G,PuriyaDhanashri/train_[jPIl2G88w_A]_chunk1.mp3,jPIl2G88w_A,5.44,5.87,3.0,3.0,0.0,0.0
PuriyaDhanashri#1,PuriyaDhanashri,P M G M r G,PuriyaDhanashri/train_[jPIl2G88w_A]_chunk1.mp3,jPIl2G88w_A,4.98,5.44,3.0,3.0,0.0,0.0
PuriyaDhanashri#1,PuriyaDhanashri,P M G M r G,PuriyaDhanashri/train_[jPIl2G88w_A]_chunk1.mp3,jPIl2G88w_A,15.5,15.93,3.0,3.0,0.0,0.0
PuriyaDhanashri#1,PuriyaDhanashri,P M G M r G,PuriyaDhanashri/train_[jPIl2G88w_A]_chunk2.mp3,jPIl2G88w_A,6.28,6.7,3.0,3.0,0.0,0.0
PuriyaDhanashri#1,PuriyaDhanashri,P M G M r G,PuriyaDhanashri/train_[jPIl2G88w_A]_chunk2.mp3,jPIl2G88w_A,6.04,6.47,3.0,3.0,0.0,0.0
PuriyaDhanashri#1,PuriyaDhanashri,P M G M r G,PuriyaDhanashri/train_[jPIl2G88w_A]_chunk2.mp3,jPIl2G88w_A,1.19,1.62,3.0,3.0,0.0,0.0
PuriyaDhanashri#1,PuriyaDhanashri,P M G M r G,PuriyaDhanashri/train_[jPIl2G88w_A]_chunk2.mp3,jPIl2G88w_A,2.28,2.7,3.0,3.0,0.0,0.0
PuriyaDhanashri#1,PuriyaDhanashri,P M G M r G,PuriyaDhanashri/train_[jPIl2G88w_A]_chunk2.mp3,jPIl2G88w_A,14.12,14.54,3.0,3.0,0.0,0.0
PuriyaDhanashri#1,PuriyaDhanashri,P M G M r G,PuriyaDhanashri/train_[jPIl2G88w_A]_chunk3.mp3,jPIl2G88w_A,5.81,6.28,3.0,3.0,0.0,0.0
PuriyaDhanashri#1,PuriyaDhanashri,P M G M r G,PuriyaDhanashri/train_[jPIl2G88w_A]_chunk3.mp3,jPIl2G88w_A,3.15,3.59,3.0,3.0,0.0,0.0
PuriyaDhanashri#1,PuriyaDhanashri,P M G M r G,PuriyaDhanashri/train_[jPIl2G88w_A]_chunk3.mp3,jPIl2G88w_A,7.41,7.84,3.0,3.0,0.0,0.0
PuriyaDhanashri#1,PuriyaDhanashri,P M G M r G,PuriyaDhanashri/train_[jPIl2G88w_A]_chunk3.mp3,jPIl2G88w_A,1.19,1.62,3.0,3.0,0.0,0.0
PuriyaDhanashri#1,PuriyaDhanashri,P M G M r G,PuriyaDhanashri/train_[jPIl2G88w_A]_chunk3.mp3,jPIl2G88w_A,5.39,5.81,3.0,3.0,0.0,0.0
PuriyaDhanashri#1,PuriyaDhanashri,P M G M r G,PuriyaDhanashri/train_[jPIl2G88w_A]_chunk4.mp3,jPIl2G88w_A,4.05,4.48,3.0,3.0,0.0,0.0
PuriyaDhanashri#1,PuriyaDhanashri,P M G M r G,PuriyaDhanashri/train_[jPIl2G88w_A]_chunk4.mp3,jPIl2G88w_A,12.59,13.01,3.0,3.0,0.0,0.0
PuriyaDhanashri#1,PuriyaDhanashri,P M G M r G,PuriyaDhanashri/train_[jPIl2G88w_A]_chunk4.mp3,jPIl2G88w_A,6.17,6.6,3.0,3.0,0.0,0.0
PuriyaDhanashri#1,PuriyaDhanashri,P M G M r G,PuriyaDhanashri/train_[jPIl2G88w_A]_chunk4.mp3,jPIl2G88w_A,6.72,7.15,3.0,3.0,0.0,0.0
PuriyaDhanashri#1,PuriyaDhanashri,P M G M r G,PuriyaDhanashri/train_[weCnFtHhPWo]_chunk0.mp3,weCnFtHhPWo,6.15,6.72,3.0,3.0,0.0,0.0
PuriyaDhanashri#1,PuriyaDhanashri,P M G M r G,PuriyaDhanashri/train_[weCnFtHhPWo]_chunk0.mp3,weCnFtHhPWo,17.65,18.63,3.0,3.0,0.0,0.0
PuriyaDhanashri#1,PuriyaDhanashri,P M G M r G,PuriyaDhanashri/train_[weCnFtHhPWo]_chunk0.mp3,weCnFtHhPWo,16.39,16.82,3.0,3.0,0.0,0.0
PuriyaDhanashri#1,PuriyaDhanashri,P M G M r G,PuriyaDhanashri/train_[weCnFtHhPWo]_chunk0.mp3,weCnFtHhPWo,9.46,10.51,3.0,3.0,0.0,0.0
PuriyaDhanashri#1,PuriyaDhanashri,P M G M r G,PuriyaDhanashri/train_[weCnFtHhPWo]_chunk0.mp3,weCnFtHhPWo,10.22,10.65,3.0,3.0,0.0,0.0
PuriyaDhanashri#1,PuriyaDhanashri,P M G M r G,PuriyaDhanashri/train_[weCnFtHhPWo]_chunk1.mp3,weCnFtHhPWo,0.09,0.66,3.0,3.0,0.0,0.0
PuriyaDhanashri#1,PuriyaDhanashri,P M G M r G,PuriyaDhanashri/train_[weCnFtHhPWo]_chunk1.mp3,weCnFtHhPWo,11.59,12.02,3.0,3.0,0.0,0.0
PuriyaDhanashri#1,PuriyaDhanashri,P M G M r G,PuriyaDhanashri/train_[weCnFtHhPWo]_chunk1.mp3,weCnFtHhPWo,13.99,14.42,3.0,3.0,0.0,0.0
PuriyaDhanashri#1,PuriyaDhanashri,P M G M r G,PuriyaDhanashri/train_[weCnFtHhPWo]_chunk1.mp3,weCnFtHhPWo,4.6,5.03,3.0,3.0,0.0,0.0
PuriyaDhanashri#1,PuriyaDhanashri,P M G M r G,PuriyaDhanashri/train_[weCnFtHhPWo]_chunk1.mp3,weCnFtHhPWo,11.36,11.79,3.0,3.0,0.0,0.0
PuriyaDhanashri#1,PuriyaDhanashri,P M G M r G,PuriyaDhanashri/train_[weCnFtHhPWo]_chunk2.mp3,weCnFtHhPWo,19.57,20.0,3.0,3.0,0.0,0.0
PuriyaDhanashri#1,PuriyaDhanashri,P M G M r G,PuriyaDhanashri/train_[weCnFtHhPWo]_chunk2.mp3,weCnFtHhPWo,19.09,19.52,3.0,3.0,0.0,0.0
PuriyaDhanashri#1,PuriyaDhanashri,P M G M r G,PuriyaDhanashri/train_[weCnFtHhPWo]_chunk2.mp3,weCnFtHhPWo,10.93,11.36,3.0,3.0,0.0,0.0
PuriyaDhanashri#1,PuriyaDhanashri,P M G M r G,PuriyaDhanashri/train_[weCnFtHhPWo]_chunk2.mp3,weCnFtHhPWo,10.7,11.13,3.0,3.0,0.0,0.0
PuriyaDhanashri#1,PuriyaDhanashri,P M G M r G,PuriyaDhanashri/train_[weCnFtHhPWo]_chunk2.mp3,weCnFtHhPWo,17.33,17.76,3.0,3.0,0.0,0.0
PuriyaDhanashri#1,PuriyaDhanashri,P M G M r G,PuriyaDhanashri/train_[weCnFtHhPWo]_chunk4.mp3,weCnFtHhPWo,18.61,19.2,3.0,3.0,0.0,0.0
PuriyaDhanashri#1,PuriyaDhanashri,P M G M r G,PuriyaDhanashri/train_[bxI-gMlmf-E]_chunk4.mp3,bxI-gMlmf-E,17.83,18.9,3.017,3.0,0.0,0.017
PuriyaDhanashri#1,PuriyaDhanashri,P M G M r G,PuriyaDhanashri/train_[weCnFtHhPWo]_chunk4.mp3,weCnFtHhPWo,7.24,7.77,3.034,3.0,0.034,0.0
PuriyaDhanashri#1,PuriyaDhanashri,P M G M r G,PuriyaDhanashri/train_[GOdO8EKn-rs]_chunk3.mp3,GOdO8EKn-rs,0.2,0.68,3.037,3.0,0.037,0.0
PuriyaDhanashri#1,PuriyaDhanashri,P M G M r G,PuriyaDhanashri/train_[bxI-gMlmf-E]_chunk1.mp3,bxI-gMlmf-E,12.68,13.28,3.037,3.0,0.037,0.0
PuriyaDhanashri#1,PuriyaDhanashri,P M G M r G,PuriyaDhanashri/train_[0VB7jujlb5o]_chunk4.mp3,0VB7jujlb5o,1.99,2.49,3.038,3.0,0.038,0.0
PuriyaDhanashri#1,PuriyaDhanashri,P M G M r G,PuriyaDhanashri/train_[GOdO8EKn-rs]_chunk3.mp3,GOdO8EKn-rs,14.56,15.0,3.04,3.0,0.04,0.0
PuriyaDhanashri#1,PuriyaDhanashri,P M G M r G,PuriyaDhanashri/train_[jPIl2G88w_A]_chunk4.mp3,jPIl2G88w_A,4.48,5.26,3.08,3.0,0.0,0.08
PuriyaDhanashri#1,PuriyaDhanashri,P M G M r G,PuriyaDhanashri/train_[9X3vjQXx7xw]_chunk4.mp3,9X3vjQXx7xw,0.0,0.62,3.083,3.0,0.0,0.083
PuriyaDhanashri#1,PuriyaDhanashri,P M G M r G,PuriyaDhanashri/train_[GOdO8EKn-rs]_chunk1.mp3,GOdO8EKn-rs,11.2,11.63,3.083,3.0,0.0,0.083
PuriyaDhanashri#1,PuriyaDhanashri,P M G M r G,PuriyaDhanashri/train_[bxI-gMlmf-E]_chunk1.mp3,bxI-gMlmf-E,3.25,3.68,3.083,3.0,0.0,0.083
PuriyaDhanashri#1,PuriyaDhanashri,P M G M r G,PuriyaDhanashri/train_[9X3vjQXx7xw]_chunk3.mp3,9X3vjQXx7xw,3.56,3.98,3.125,3.0,0.0,0.125
PuriyaDhanashri#1,PuriyaDhanashri,P M G M r G,PuriyaDhanashri/train_[weCnFtHhPWo]_chunk3.mp3,weCnFtHhPWo,15.22,16.02,3.133,3.0,0.089,0.044
PuriyaDhanashri#1,PuriyaDhanashri,P M G M r G,PuriyaDhanashri/train_[9X3vjQXx7xw]_chunk3.mp3,9X3vjQXx7xw,11.29,11.72,3.167,3.0,0.0,0.167
PuriyaDhanashri#1,PuriyaDhanashri,P M G M r G,PuriyaDhanashri/train_[GOdO8EKn-rs]_chunk3.mp3,GOdO8EKn-rs,15.22,15.64,3.167,3.0,0.0,0.167
PuriyaDhanashri#1,PuriyaDhanashri,P M G M r G,PuriyaDhanashri/train_[jPIl2G88w_A]_chunk0.mp3,jPIl2G88w_A,8.02,8.44,3.167,3.0,0.0,0.167
PuriyaDhanashri#1,PuriyaDhanashri,P M G M r G,PuriyaDhanashri/train_[weCnFtHhPWo]_chunk3.mp3,weCnFtHhPWo,14.26,15.15,3.204,3.0,0.122,0.082
PuriyaDhanashri#1,PuriyaDhanashri,P M G M r G,PuriyaDhanashri/train_[jPIl2G88w_A]_chunk0.mp3,jPIl2G88w_A,9.94,10.4,3.231,3.0,0.077,0.154
PuriyaDhanashri#1,PuriyaDhanashri,P M G M r G,PuriyaDhanashri/train_[9X3vjQXx7xw]_chunk4.mp3,9X3vjQXx7xw,3.68,4.14,3.308,3.0,0.0,0.308
PuriyaDhanashri#1,PuriyaDhanashri,P M G M r G,PuriyaDhanashri/train_[weCnFtHhPWo]_chunk3.mp3,weCnFtHhPWo,15.72,16.27,3.323,3.0,0.0,0.323
PuriyaDhanashri#1,PuriyaDhanashri,P M G M r G,PuriyaDhanashri/train_[GOdO8EKn-rs]_chunk3.mp3,GOdO8EKn-rs,8.87,9.3,3.333,3.0,0.0,0.333
PuriyaDhanashri#1,PuriyaDhanashri,P M G M r G,PuriyaDhanashri/train_[weCnFtHhPWo]_chunk4.mp3,weCnFtHhPWo,10.56,11.15,3.333,3.0,0.0,0.333
PuriyaDhanashri#1,PuriyaDhanashri,P M G M r G,PuriyaDhanashri/train_[weCnFtHhPWo]_chunk3.mp3,weCnFtHhPWo,6.58,7.02,3.36,3.0,0.0,0.36
PuriyaDhanashri#1,PuriyaDhanashri,P M G M r G,PuriyaDhanashri/train_[weCnFtHhPWo]_chunk3.mp3,weCnFtHhPWo,1.32,1.99,3.412,3.0,0.294,0.118
PuriyaDhanashri#1,PuriyaDhanashri,P M G M r G,PuriyaDhanashri/train_[9X3vjQXx7xw]_chunk3.mp3,9X3vjQXx7xw,12.71,13.32,3.467,3.0,0.0,0.467
PuriyaDhanashri#1,PuriyaDhanashri,P M G M r G,PuriyaDhanashri/train_[9X3vjQXx7xw]_chunk3.mp3,9X3vjQXx7xw,5.4,5.83,3.5,3.0,0.0,0.5
PuriyaDhanashri#1,PuriyaDhanashri,P M G M r G,PuriyaDhanashri/train_[weCnFtHhPWo]_chunk4.mp3,weCnFtHhPWo,4.11,4.69,3.515,3.0,0.03,0.485
PuriyaDhanashri#1,PuriyaDhanashri,P M G M r G,PuriyaDhanashri/train_[weCnFtHhPWo]_chunk4.mp3,weCnFtHhPWo,5.76,6.47,3.525,3.0,0.25,0.275
PuriyaDhanashri#2,PuriyaDhanashri,M d P,PuriyaDhanashri/train_[0VB7jujlb5o]_chunk2.mp3,0VB7jujlb5o,10.06,10.56,0.0,0.0,0.0,0.0
PuriyaDhanashri#2,PuriyaDhanashri,M d P,PuriyaDhanashri/train_[9X3vjQXx7xw]_chunk2.mp3,9X3vjQXx7xw,14.95,16.69,0.0,0.0,0.0,0.0
PuriyaDhanashri#2,PuriyaDhanashri,M d P,PuriyaDhanashri/train_[GOdO8EKn-rs]_chunk2.mp3,GOdO8EKn-rs,18.1,19.06,0.0,0.0,0.0,0.0
PuriyaDhanashri#2,PuriyaDhanashri,M d P,PuriyaDhanashri/train_[KP6Sz7Gxwtg]_chunk1.mp3,KP6Sz7Gxwtg,6.79,7.7,0.0,0.0,0.0,0.0
PuriyaDhanashri#2,PuriyaDhanashri,M d P,PuriyaDhanashri/train_[KP6Sz7Gxwtg]_chunk1.mp3,KP6Sz7Gxwtg,14.04,14.38,0.0,0.0,0.0,0.0
PuriyaDhanashri#2,PuriyaDhanashri,M d P,PuriyaDhanashri/train_[KP6Sz7Gxwtg]_chunk1.mp3,KP6Sz7Gxwtg,14.26,14.72,0.0,0.0,0.0,0.0
PuriyaDhanashri#2,PuriyaDhanashri,M d P,PuriyaDhanashri/train_[KP6Sz7Gxwtg]_chunk1.mp3,KP6Sz7Gxwtg,6.79,9.23,0.0,0.0,0.0,0.0
PuriyaDhanashri#2,PuriyaDhanashri,M d P,PuriyaDhanashri/train_[KP6Sz7Gxwtg]_chunk2.mp3,KP6Sz7Gxwtg,10.42,11.09,0.0,0.0,0.0,0.0
PuriyaDhanashri#2,PuriyaDhanashri,M d P,PuriyaDhanashri/train_[KP6Sz7Gxwtg]_chunk4.mp3,KP6Sz7Gxwtg,14.81,15.22,0.0,0.0,0.0,0.0
PuriyaDhanashri#2,PuriyaDhanashri,M d P,PuriyaDhanashri/train_[KP6Sz7Gxwtg]_chunk4.mp3,KP6Sz7Gxwtg,10.29,10.65,0.0,0.0,0.0,0.0
PuriyaDhanashri#2,PuriyaDhanashri,M d P,PuriyaDhanashri/train_[weCnFtHhPWo]_chunk4.mp3,weCnFtHhPWo,10.42,10.63,0.0,0.0,0.0,0.0
PuriyaDhanashri#2,PuriyaDhanashri,M d P,PuriyaDhanashri/train_[KP6Sz7Gxwtg]_chunk3.mp3,KP6Sz7Gxwtg,19.7,19.91,0.008,0.008,0.0,0.0
PuriyaDhanashri#2,PuriyaDhanashri,M d P,PuriyaDhanashri/train_[KP6Sz7Gxwtg]_chunk2.mp3,KP6Sz7Gxwtg,1.4,2.08,0.008,0.008,0.0,0.0
PuriyaDhanashri#2,PuriyaDhanashri,M d P,PuriyaDhanashri/train_[0VB7jujlb5o]_chunk2.mp3,0VB7jujlb5o,9.51,10.08,0.02,0.02,0.0,0.0
PuriyaDhanashri#2,PuriyaDhanashri,M d P,PuriyaDhanashri/train_[9X3vjQXx7xw]_chunk0.mp3,9X3vjQXx7xw,15.77,16.09,0.031,0.031,0.0,0.0
PuriyaDhanashri#2,PuriyaDhanashri,M d P,PuriyaDhanashri/train_[KP6Sz7Gxwtg]_chunk4.mp3,KP6Sz7Gxwtg,3.82,4.09,0.042,0.042,0.0,0.0
PuriyaDhanashri#2,PuriyaDhanashri,M d P,PuriyaDhanashri/train_[KP6Sz7Gxwtg]_chunk4.mp3,KP6Sz7Gxwtg,17.1,17.33,0.042,0.042,0.0,0.0
PuriyaDhanashri#2,PuriyaDhanashri,M d P,PuriyaDhanashri/train_[weCnFtHhPWo]_chunk3.mp3,weCnFtHhPWo,1.46,1.71,0.049,0.049,0.0,0.0
PuriyaDhanashri#2,PuriyaDhanashri,M d P,PuriyaDhanashri/train_[weCnFtHhPWo]_chunk3.mp3,weCnFtHhPWo,19.57,19.88,0.052,0.052,0.0,0.0
PuriyaDhanashri#2,PuriyaDhanashri,M d P,PuriyaDhanashri/train_[KP6Sz7Gxwtg]_chunk3.mp3,KP6Sz7Gxwtg,2.79,3.16,0.058,0.058,0.0,0.0
PuriyaDhanashri#2,PuriyaDhanashri,M d P,PuriyaDhanashri/train_[KP6Sz7Gxwtg]_chunk2.mp3,KP6Sz7Gxwtg,0.3,1.0,0.067,0.067,0.0,0.0
PuriyaDhanashri#2,PuriyaDhanashri,M d P,PuriyaDhanashri/train_[9X3vjQXx7xw]_chunk2.mp3,9X3vjQXx7xw,0.85,1.1,0.069,0.069,0.0,0.0
PuriyaDhanashri#2,PuriyaDhanashri,M d P,PuriyaDhanashri/train_[0VB7jujlb5o]_chunk2.mp3,0VB7jujlb5o,3.36,3.68,0.075,0.02,0.0,0.056
PuriyaDhanashri#2,PuriyaDhanashri,M d P,PuriyaDhanashri/train_[KP6Sz7Gxwtg]_chunk4.mp3,KP6Sz7Gxwtg,6.45,6.68,0.1,0.1,0.0,0.0
PuriyaDhanashri#2,PuriyaDhanashri,M d P,PuriyaDhanashri/train_[weCnFtHhPWo]_chunk4.mp3,weCnFtHhPWo,8.6,8.87,0.1,0.1,0.0,0.0
PuriyaDhanashri#2,PuriyaDhanashri,M d P,PuriyaDhanashri/train_[KP6Sz7Gxwtg]_chunk3.mp3,KP6Sz7Gxwtg,1.8,2.1,0.104,0.042,0.062,0.0
PuriyaDhanashri#2,PuriyaDhanashri,M d P,PuriyaDhanashri/train_[KP6Sz7Gxwtg]_chunk2.mp3,KP6Sz7Gxwtg,8.84,9.12,0.118,0.042,0.077,0.0
PuriyaDhanashri#2,PuriyaDhanashri,M d P,PuriyaDhanashri/train_[9X3vjQXx7xw]_chunk2.mp3,9X3vjQXx7xw,18.67,18.93,0.119,0.119,0.0,0.0
PuriyaDhanashri#2,PuriyaDhanashri,M d P,PuriyaDhanashri/train_[0VB7jujlb5o]_chunk4.mp3,0VB7jujlb5o,4.71,4.96,0.147,0.07,0.077,0.0
PuriyaDhanashri#2,PuriyaDhanashri,M d P,PuriyaDhanashri/train_[weCnFtHhPWo]_chunk3.mp3,weCnFtHhPWo,11.84,12.18,0.149,0.149,0.0,0.0
PuriyaDhanashri#2,PuriyaDhanashri,M d P,PuriyaDhanashri/train_[9X3vjQXx7xw]_chunk0.mp3,9X3vjQXx7xw,0.57,1.1,0.15,0.15,0.0,0.0
PuriyaDhanashri#2,PuriyaDhanashri,M d P,PuriyaDhanashri/train_[9X3vjQXx7xw]_chunk3.mp3,9X3vjQXx7xw,16.92,17.17,0.151,0.079,0.071,0.0
PuriyaDhanashri#2,PuriyaDhanashri,M d P,PuriyaDhanashri/train_[weCnFtHhPWo]_chunk3.mp3,weCnFtHhPWo,5.46,5.88,0.152,0.099,0.053,0.0
PuriyaDhanashri#2,PuriyaDhanashri,M d P,PuriyaDhanashri/train_[9X3vjQXx7xw]_chunk2.mp3,9X3vjQXx7xw,16.84,17.1,0.153,0.081,0.071,0.0
PuriyaDhanashri#2,PuriyaDhanashri,M d P,PuriyaDhanashri/train_[KP6Sz7Gxwtg]_chunk2.mp3,KP6Sz7Gxwtg,13.53,13.9,0.167,0.167,0.0,0.0
PuriyaDhanashri#2,PuriyaDhanashri,M d P,PuriyaDhanashri/train_[9X3vjQXx7xw]_chunk1.mp3,9X3vjQXx7xw,6.68,7.11,0.169,0.169,0.0,0.0
PuriyaDhanashri#2,PuriyaDhanashri,M d P,PuriyaDhanashri/train_[bxI-gMlmf-E]_chunk1.mp3,bxI-gMlmf-E,13.44,13.69,0.172,0.101,0.071,0.0
PuriyaDhanashri#2,PuriyaDhanashri,M d P,PuriyaDhanashri/train_[weCnFtHhPWo]_chunk1.mp3,weCnFtHhPWo,14.04,14.95,0.18,0.0,0.18,0.0
PuriyaDhanashri#2,PuriyaDhanashri,M d P,PuriyaDhanashri/train_[9X3vjQXx7xw]_chunk2.mp3,9X3vjQXx7xw,10.08,10.29,0.185,0.019,0.0,0.167
PuriyaDhanashri#2,PuriyaDhanashri,M d P,PuriyaDhanashri/train_[weCnFtHhPWo]_chunk4.mp3,weCnFtHhPWo,16.66,17.03,0.188,0.0,0.062,0.125
PuriyaDhanashri#2,PuriyaDhanashri,M d P,PuriyaDhanashri/train_[KP6Sz7Gxwtg]_chunk3.mp3,KP6Sz7Gxwtg,3.29,3.79,0.2,0.0,0.2,0.0
PuriyaDhanashri#2,PuriyaDhanashri,M d P,PuriyaDhanashri/train_[9X3vjQXx7xw]_chunk0.mp3,9X3vjQXx7xw,7.4,7.75,0.211,0.0,0.211,0.0
PuriyaDhanashri#2,PuriyaDhanashri,M d P,PuriyaDhanashri/train_[0VB7jujlb5o]_chunk4.mp3,0VB7jujlb5o,6.63,7.02,0.223,0.08,0.143,0.0
PuriyaDhanashri#2,PuriyaDhanashri,M d P,PuriyaDhanashri/train_[0VB7jujlb5o]_chunk4.mp3,0VB7jujlb5o,8.36,8.62,0.247,0.18,0.0,0.067
PuriyaDhanashri#2,PuriyaDhanashri,M d P,PuriyaDhanashri/train_[weCnFtHhPWo]_chunk4.mp3,weCnFtHhPWo,2.36,2.63,0.251,0.051,0.2,0.0
PuriyaDhanashri#2,PuriyaDhanashri,M d P,PuriyaDhanashri/train_[weCnFtHhPWo]_chunk4.mp3,weCnFtHhPWo,12.66,12.91,0.286,0.0,0.143,0.143
PuriyaDhanashri#2,PuriyaDhanashri,M d P,PuriyaDhanashri/train_[0VB7jujlb5o]_chunk2.mp3,0VB7jujlb5o,6.1,6.31,0.289,0.289,0.0,0.0
PuriyaDhanashri#2,PuriyaDhanashri,M d P,PuriyaDhanashri/train_[9X3vjQXx7xw]_chunk4.mp3,9X3vjQXx7xw,11.91,12.23,0.3,0.237,0.062,0.0
PuriyaDhanashri#2,PuriyaDhanashri,M d P,PuriyaDhanashri/train_[0VB7jujlb5o]_chunk2.mp3,0VB7jujlb5o,3.11,3.34,0.33,0.33,0.0,0.0
PuriyaDhanashri#2,PuriyaDhanashri,M d P,PuriyaDhanashri/train_[9X3vjQXx7xw]_chunk1.mp3,9X3vjQXx7xw,5.99,6.4,0.336,0.119,0.217,0.0
PuriyaDhanashri#2,PuriyaDhanashri,M d P,PuriyaDhanashri/train_[bxI-gMlmf-E]_chunk4.mp3,bxI-gMlmf-E,9.78,9.99,0.35,0.35,0.0,0.0
PuriyaDhanashri#2,PuriyaDhanashri,M d P,PuriyaDhanashri/train_[0VB7jujlb5o]_chunk4.mp3,0VB7jujlb5o,5.32,5.55,0.4,0.4,0.0,0.0
PuriyaDhanashri#2,PuriyaDhanashri,M d P,PuriyaDhanashri/train_[bxI-gMlmf-E]_chunk1.mp3,bxI-gMlmf-E,16.32,16.66,0.401,0.401,0.0,0.0
PuriyaDhanashri#2,PuriyaDhanashri,M d P,PuriyaDhanashri/train_[9X3vjQXx7xw]_chunk0.mp3,9X3vjQXx7xw,1.12,1.42,0.412,0.412,0.0,0.0
PuriyaDhanashri#2,PuriyaDhanashri,M d P,PuriyaDhanashri/train_[KP6Sz7Gxwtg]_chunk1.mp3,KP6Sz7Gxwtg,19.16,19.41,0.426,0.283,0.143,0.0
PuriyaDhanashri#2,PuriyaDhanashri,M d P,PuriyaDhanashri/train_[weCnFtHhPWo]_chunk0.mp3,weCnFtHhPWo,12.36,12.87,0.436,0.4,0.0,0.036
PuriyaDhanashri#2,PuriyaDhanashri,M d P,PuriyaDhanashri/train_[bxI-gMlmf-E]_chunk1.mp3,bxI-gMlmf-E,6.86,7.38,0.443,0.3,0.143,0.0
PuriyaDhanashri#2,PuriyaDhanashri,M d P,PuriyaDhanashri/train_[KP6Sz7Gxwtg]_chunk3.mp3,KP6Sz7Gxwtg,4.16,4.37,0.467,0.467,0.0,0.0
PuriyaDhanashri#2,PuriyaDhanashri,M d P,PuriyaDhanashri/train_[0VB7jujlb5o]_chunk0.mp3,0VB7jujlb5o,10.54,10.77,0.489,0.489,0.0,0.0
PuriyaDhanashri#2,PuriyaDhanashri,M d P,PuriyaDhanashri/train_[weCnFtHhPWo]_chunk1.mp3,weCnFtHhPWo,5.65,6.1,0.502,0.502,0.0,0.0
PuriyaDhanashri#2,PuriyaDhanashri,M d P,PuriyaDhanashri/train_[0VB7jujlb5o]_chunk4.mp3,0VB7jujlb5o,1.19,1.44,0.507,0.43,0.077,0.0
PuriyaDhanashri#2,PuriyaDhanashri,M d P,PuriyaDhanashri/train_[0VB7jujlb5o]_chunk1.mp3,0VB7jujlb5o,16.04,16.25,0.59,0.59,0.0,0.0
PuriyaDhanashri#2,PuriyaDhanashri,M d P,PuriyaDhanashri/train_[bxI-gMlmf-E]_chunk1.mp3,bxI-gMlmf-E,4.89,5.33,0.601,0.601,0.0,0.0
PuriyaDhanashri#2,PuriyaDhanashri,M d P,PuriyaDhanashri/train_[weCnFtHhPWo]_chunk3.mp3,weCnFtHhPWo,1.21,1.42,0.616,0.449,0.0,0.167
PuriyaDhanashri#2,PuriyaDhanashri,M d P,PuriyaDhanashri/train_[0VB7jujlb5o]_chunk0.mp3,0VB7jujlb5o,10.36,10.58,0.639,0.639,0.0,0.0
PuriyaDhanashri#2,PuriyaDhanashri,M d P,PuriyaDhanashri/train_[bxI-gMlmf-E]_chunk0.mp3,bxI-gMlmf-E,3.31,3.59,0.649,0.649,0.0,0.0
PuriyaDhanashri#2,PuriyaDhanashri,M d P,PuriyaDhanashri/train_[weCnFtHhPWo]_chunk2.mp3,weCnFtHhPWo,19.15,19.8,0.652,0.652,0.0,0.0
PuriyaDhanashri#2,PuriyaDhanashri,M d P,PuriyaDhanashri/train_[bxI-gMlmf-E]_chunk1.mp3,bxI-gMlmf-E,9.17,9.58,0.7,0.7,0.0,0.0
PuriyaDhanashri#2,PuriyaDhanashri,M d P,PuriyaDhanashri/train_[weCnFtHhPWo]_chunk1.mp3,weCnFtHhPWo,5.21,5.6,0.719,0.401,0.227,0.091
PuriyaDhanashri#2,PuriyaDhanashri,M d P,PuriyaDhanashri/train_[jPIl2G88w_A]_chunk0.mp3,jPIl2G88w_A,12.34,12.76,0.729,0.652,0.077,0.0
PuriyaDhanashri#2,PuriyaDhanashri,M d P,PuriyaDhanashri/train_[weCnFtHhPWo]_chunk1.mp3,weCnFtHhPWo,14.04,14.33,0.802,0.802,0.0,0.0
PuriyaDhanashri#2,PuriyaDhanashri,M d P,PuriyaDhanashri/train_[bxI-gMlmf-E]_chunk0.mp3,bxI-gMlmf-E,1.32,1.6,0.826,0.749,0.077,0.0
PuriyaDhanashri#2,PuriyaDhanashri,M d P,PuriyaDhanashri/train_[weCnFtHhPWo]_chunk0.mp3,weCnFtHhPWo,10.15,11.36,0.848,0.848,0.0,0.0
PuriyaDhanashri#2,PuriyaDhanashri,M d P,PuriyaDhanashri/train_[weCnFtHhPWo]_chunk0.mp3,weCnFtHhPWo,10.15,11.36,0.848,0.848,0.0,0.0
PuriyaDhanashri#2,PuriyaDhanashri,M d P,PuriyaDhanashri/train_[weCnFtHhPWo]_chunk0.mp3,weCnFtHhPWo,10.15,11.36,0.848,0.848,0.0,0.0
PuriyaDhanashri#2,PuriyaDhanashri,M d P,PuriyaDhanashri/train_[weCnFtHhPWo]_chunk0.mp3,weCnFtHhPWo,10.15,11.36,0.848,0.848,0.0,0.0
PuriyaDhanashri#2,PuriyaDhanashri,M d P,PuriyaDhanashri/train_[weCnFtHhPWo]_chunk1.mp3,weCnFtHhPWo,5.08,5.3,0.848,0.848,0.0,0.0
PuriyaDhanashri#2,PuriyaDhanashri,M d P,PuriyaDhanashri/train_[0VB7jujlb5o]_chunk1.mp3,0VB7jujlb5o,18.38,19.09,0.853,0.52,0.333,0.0
PuriyaDhanashri#2,PuriyaDhanashri,M d P,PuriyaDhanashri/train_[weCnFtHhPWo]_chunk2.mp3,weCnFtHhPWo,4.27,4.53,0.884,0.598,0.143,0.143
PuriyaDhanashri#2,PuriyaDhanashri,M d P,PuriyaDhanashri/train_[0VB7jujlb5o]_chunk1.mp3,0VB7jujlb5o,17.88,18.17,0.911,0.911,0.0,0.0
PuriyaDhanashri#2,PuriyaDhanashri,M d P,PuriyaDhanashri/train_[bxI-gMlmf-E]_chunk4.mp3,bxI-gMlmf-E,14.9,15.11,0.949,0.949,0.0,0.0
PuriyaDhanashri#2,PuriyaDhanashri,M d P,PuriyaDhanashri/train_[jPIl2G88w_A]_chunk3.mp3,jPIl2G88w_A,16.0,16.21,0.952,0.952,0.0,0.0
PuriyaDhanashri#2,PuriyaDhanashri,M d P,PuriyaDhanashri/train_[GOdO8EKn-rs]_chunk1.mp3,GOdO8EKn-rs,1.71,1.94,0.983,0.983,0.0,0.0
PuriyaDhanashri#2,PuriyaDhanashri,M d P,PuriyaDhanashri/train_[weCnFtHhPWo]_chunk2.mp3,weCnFtHhPWo,4.0,4.23,0.998,0.998,0.0,0.0
PuriyaDhanashri#2,PuriyaDhanashri,M d P,PuriyaDhanashri/train_[jPIl2G88w_A]_chunk4.mp3,jPIl2G88w_A,0.12,0.34,1.002,1.002,0.0,0.0
PuriyaDhanashri#2,PuriyaDhanashri,M d P,PuriyaDhanashri/train_[9X3vjQXx7xw]_chunk3.mp3,9X3vjQXx7xw,16.8,17.01,1.013,1.013,0.0,0.0
PuriyaDhanashri#2,PuriyaDhanashri,M d P,PuriyaDhanashri/train_[0VB7jujlb5o]_chunk1.mp3,0VB7jujlb5o,1.71,2.1,1.061,1.061,0.0,0.0
PuriyaDhanashri#2,PuriyaDhanashri,M d P,PuriyaDhanashri/train_[9X3vjQXx7xw]_chunk1.mp3,9X3vjQXx7xw,6.36,6.6,1.096,1.013,0.0,0.083
PuriyaDhanashri#2,PuriyaDhanashri,M d P,PuriyaDhanashri/train_[weCnFtHhPWo]_chunk2.mp3,weCnFtHhPWo,2.17,2.4,1.098,1.098,0.0,0.0
PuriyaDhanashri#2,PuriyaDhanashri,M d P,PuriyaDhanashri/train_[9X3vjQXx7xw]_chunk1.mp3,9X3vjQXx7xw,9.37,9.58,1.113,1.113,0.0,0.0
PuriyaDhanashri#2,PuriyaDhanashri,M d P,PuriyaDhanashri/train_[9X3vjQXx7xw]_chunk0.mp3,9X3vjQXx7xw,17.37,17.67,1.15,1.15,0.0,0.0
PuriyaDhanashri#2,PuriyaDhanashri,M d P,PuriyaDhanashri/train_[jPIl2G88w_A]_chunk0.mp3,jPIl2G88w_A,1.0,1.32,1.152,1.152,0.0,0.0
PuriyaDhanashri#2,PuriyaDhanashri,M d P,PuriyaDhanashri/train_[jPIl2G88w_A]_chunk1.mp3,jPIl2G88w_A,7.54,7.91,1.152,1.152,0.0,0.0
PuriyaDhanashri#2,PuriyaDhanashri,M d P,PuriyaDhanashri/train_[GOdO8EKn-rs]_chunk2.mp3,GOdO8EKn-rs,15.16,15.38,1.183,1.183,0.0,0.0
PuriyaDhanashri#2,PuriyaDhanashri,M d P,PuriyaDhanashri/train_[jPIl2G88w_A]_chunk1.mp3,jPIl2G88w_A,5.26,5.6,1.198,1.198,0.0,0.0
PuriyaDhanashri#2,PuriyaDhanashri,M d P,PuriyaDhanashri/train_[jPIl2G88w_A]_chunk4.mp3,jPIl2G88w_A,17.87,18.36,1.206,0.902,0.304,0.0
PuriyaDhanashri#2,PuriyaDhanashri,M d P,PuriyaDhanashri/train_[9X3vjQXx7xw]_chunk1.mp3,9X3vjQXx7xw,4.2,4.5,1.213,1.213,0.0,0.0
PuriyaDhanashri#2,PuriyaDhanashri,M d P,PuriyaDhanashri/train_[GOdO8EKn-rs]_chunk1.mp3,GOdO8EKn-rs,12.71,13.0,1.217,1.217,0.0,0.0
PuriyaDhanashri#2,PuriyaDhanashri,M d P,PuriyaDhanashri/train_[GOdO8EKn-rs]_chunk2.mp3,GOdO8EKn-rs,18.1,18.44,1.217,1.217,0.0,0.0
PuriyaDhanashri#2,PuriyaDhanashri,M d P,PuriyaDhanashri/train_[0VB7jujlb5o]_chunk1.mp3,0VB7jujlb5o,0.94,1.28,1.221,1.011,0.211,0.0
PuriyaDhanashri#2,PuriyaDhanashri,M d P,PuriyaDhanashri/train_[GOdO8EKn-rs]_chunk0.mp3,GOdO8EKn-rs,6.44,7.64,1.233,1.233,0.0,0.0
PuriyaDhanashri#2,PuriyaDhanashri,M d P,PuriyaDhanashri/train_[GOdO8EKn-rs]_chunk0.mp3,GOdO8EKn-rs,6.44,7.66,1.233,1.233,0.0,0.0
PuriyaDhanashri#2,PuriyaDhanashri,M d P,PuriyaDhanashri/train_[GOdO8EKn-rs]_chunk0.mp3,GOdO8EKn-rs,6.44,7.68,1.233,1.233,0.0,0.0
PuriyaDhanashri#2,PuriyaDhanashri,M d P,PuriyaDhanashri/train_[GOdO8EKn-rs]_chunk0.mp3,GOdO8EKn-rs,6.44,7.7,1.233,1.233,0.0,0.0
PuriyaDhanashri#2,PuriyaDhanashri,M d P,PuriyaDhanashri/train_[GOdO8EKn-rs]_chunk0.mp3,GOdO8EKn-rs,6.44,7.72,1.233,1.233,0.0,0.0
PuriyaDhanashri#2,PuriyaDhanashri,M d P,PuriyaDhanashri/train_[jPIl2G88w_A]_chunk4.mp3,jPIl2G88w_A,13.3,13.55,1.252,1.252,0.0,0.0
PuriyaDhanashri#2,PuriyaDhanashri,M d P,PuriyaDhanashri/train_[weCnFtHhPWo]_chunk2.mp3,weCnFtHhPWo,15.61,15.84,1.252,1.252,0.0,0.0
PuriyaDhanashri#2,PuriyaDhanashri,M d P,PuriyaDhanashri/train_[GOdO8EKn-rs]_chunk1.mp3,GOdO8EKn-rs,13.51,13.83,1.294,1.217,0.077,0.0
PuriyaDhanashri#2,PuriyaDhanashri,M d P,PuriyaDhanashri/train_[jPIl2G88w_A]_chunk0.mp3,jPIl2G88w_A,10.86,11.11,1.298,1.298,0.0,0.0
PuriyaDhanashri#2,PuriyaDhanashri,M d P,PuriyaDhanashri/train_[jPIl2G88w_A]_chunk4.mp3,jPIl2G88w_A,4.48,5.01,1.298,1.298,0.0,0.0
PuriyaDhanashri#2,PuriyaDhanashri,M d P,PuriyaDhanashri/train_[jPIl2G88w_A]_chunk1.mp3,jPIl2G88w_A,16.89,17.28,1.298,1.298,0.0,0.0
PuriyaDhanashri#2,PuriyaDhanashri,M d P,PuriyaDhanashri/train_[jPIl2G88w_A]_chunk4.mp3,jPIl2G88w_A,17.01,17.32,1.302,1.302,0.0,0.0
PuriyaDhanashri#2,PuriyaDhanashri,M d P,PuriyaDhanashri/train_[GOdO8EKn-rs]_chunk1.mp3,GOdO8EKn-rs,14.24,14.45,1.316,1.233,0.0,0.083
PuriyaDhanashri#2,PuriyaDhanashri,M d P,PuriyaDhanashri/train_[jPIl2G88w_A]_chunk0.mp3,jPIl2G88w_A,1.21,1.83,1.348,1.348,0.0,0.0
PuriyaDhanashri#2,PuriyaDhanashri,M d P,PuriyaDhanashri/train_[jPIl2G88w_A]_chunk1.mp3,jPIl2G88w_A,4.69,4.96,1.352,1.352,0.0,0.0
PuriyaDhanashri#2,PuriyaDhanashri,M d P,PuriyaDhanashri/train_[GOdO8EKn-rs]_chunk1.mp3,GOdO8EKn-rs,13.14,13.4,1.367,1.367,0.0,0.0
PuriyaDhanashri#2,PuriyaDhanashri,M d P,PuriyaDhanashri/train_[jPIl2G88w_A]_chunk1.mp3,jPIl2G88w_A,16.76,17.28,1.398,1.398,0.0,0.0
PuriyaDhanashri#2,PuriyaDhanashri,M d P,PuriyaDhanashri/train_[bxI-gMlmf-E]_chunk4.mp3,bxI-gMlmf-E,9.42,9.64,1.401,1.401,0.0,0.0
PuriyaDhanashri#2,PuriyaDhanashri,M d P,PuriyaDhanashri/train_[9X3vjQXx7xw]_chunk3.mp3,9X3vjQXx7xw,13.42,13.8,1.438,1.438,0.0,0.0
PuriyaDhanashri#2,PuriyaDhanashri,M d P,PuriyaDhanashri/train_[bxI-gMlmf-E]_chunk4.mp3,bxI-gMlmf-E,15.06,15.27,1.449,1.449,0.0,0.0
PuriyaDhanashri#2,PuriyaDhanashri,M d P,PuriyaDhanashri/train_[jPIl2G88w_A]_chunk0.mp3,jPIl2G88w_A,1.99,2.38,1.452,1.452,0.0,0.0
PuriyaDhanashri#2,PuriyaDhanashri,M d P,PuriyaDhanashri/train_[bxI-gMlmf-E]_chunk0.mp3,bxI-gMlmf-E,2.97,3.18,1.501,1.501,0.0,0.0
PuriyaDhanashri#2,PuriyaDhanashri,M d P,PuriyaDhanashri/train_[0VB7jujlb5o]_chunk0.mp3,0VB7jujlb5o,10.76,10.99,1.539,1.539,0.0,0.0
PuriyaDhanashri#2,PuriyaDhanashri,M d P,PuriyaDhanashri/train_[GOdO8EKn-rs]_chunk4.mp3,GOdO8EKn-rs,14.84,15.89,1.541,1.482,0.059,0.0
PuriyaDhanashri#2,PuriyaDhanashri,M d P,PuriyaDhanashri/train_[GOdO8EKn-rs]_chunk4.mp3,GOdO8EKn-rs,14.84,15.89,1.545,1.482,0.062,0.0
PuriyaDhanashri#2,PuriyaDhanashri,M d P,PuriyaDhanashri/train_[GOdO8EKn-rs]_chunk4.mp3,GOdO8EKn-rs,14.84,15.89,1.549,1.482,0.067,0.0
PuriyaDhanashri#2,PuriyaDhanashri,M d P,PuriyaDhanashri/train_[GOdO8EKn-rs]_chunk4.mp3,GOdO8EKn-rs,14.84,15.89,1.554,1.482,0.071,0.0
PuriyaDhanashri#2,PuriyaDhanashri,M d P,PuriyaDhanashri/train_[GOdO8EKn-rs]_chunk4.mp3,GOdO8EKn-rs,14.84,15.89,1.559,1.482,0.077,0.0
PuriyaDhanashri#2,PuriyaDhanashri,M d P,PuriyaDhanashri/train_[bxI-gMlmf-E]_chunk2.mp3,bxI-gMlmf-E,15.11,15.84,1.595,1.201,0.394,0.0
PuriyaDhanashri#2,PuriyaDhanashri,M d P,PuriyaDhanashri/train_[bxI-gMlmf-E]_chunk4.mp3,bxI-gMlmf-E,18.74,18.95,1.601,1.601,0.0,0.0
PuriyaDhanashri#2,PuriyaDhanashri,M d P,PuriyaDhanashri/train_[9X3vjQXx7xw]_chunk3.mp3,9X3vjQXx7xw,1.01,1.23,1.613,1.363,0.0,0.25
PuriyaDhanashri#2,PuriyaDhanashri,M d P,PuriyaDhanashri/train_[GOdO8EKn-rs]_chunk2.mp3,GOdO8EKn-rs,14.79,15.13,1.633,1.633,0.0,0.0
PuriyaDhanashri#2,PuriyaDhanashri,M d P,PuriyaDhanashri/train_[9X3vjQXx7xw]_chunk3.mp3,9X3vjQXx7xw,9.64,9.88,1.637,1.637,0.0,0.0
PuriyaDhanashri#2,PuriyaDhanashri,M d P,PuriyaDhanashri/train_[jPIl2G88w_A]_chunk2.mp3,jPIl2G88w_A,6.35,6.72,1.652,1.652,0.0,0.0
PuriyaDhanashri#2,PuriyaDhanashri,M d P,PuriyaDhanashri/train_[GOdO8EKn-rs]_chunk2.mp3,GOdO8EKn-rs,19.18,19.84,1.733,1.033,0.4,0.3
PuriyaDhanashri#2,PuriyaDhanashri,M d P,PuriyaDhanashri/train_[bxI-gMlmf-E]_chunk2.mp3,bxI-gMlmf-E,11.45,11.68,1.751,1.751,0.0,0.0
PuriyaDhanashri#2,PuriyaDhanashri,M d P,PuriyaDhanashri/train_[jPIl2G88w_A]_chunk2.mp3,jPIl2G88w_A,6.76,7.15,1.752,1.752,0.0,0.0
PuriyaDhanashri#2,PuriyaDhanashri,M d P,PuriyaDhanashri/train_[jPIl2G88w_A]_chunk2.mp3,jPIl2G88w_A,6.76,7.63,1.794,1.102,0.692,0.0
PuriyaDhanashri#2,PuriyaDhanashri,M d P,PuriyaDhanashri/train_[jPIl2G88w_A]_chunk2.mp3,jPIl2G88w_A,6.04,6.35,1.796,1.502,0.294,0.0
PuriyaDhanashri#2,PuriyaDhanashri,M d P,PuriyaDhanashri/train_[bxI-gMlmf-E]_chunk2.mp3,bxI-gMlmf-E,0.0,0.21,1.883,1.8,0.0,0.083
PuriyaDhanashri#2,PuriyaDhanashri,M d P,PuriyaDhanashri/train_[0VB7jujlb5o]_chunk3.mp3,0VB7jujlb5o,15.8,16.02,1.989,1.989,0.0,0.0
PuriyaDhanashri#2,PuriyaDhanashri,M d P,PuriyaDhanashri/train_[9X3vjQXx7xw]_chunk4.mp3,9X3vjQXx7xw,10.26,10.47,2.188,2.188,0.0,0.0
PuriyaDhanashri#2,PuriyaDhanashri,M d P,PuriyaDhanashri/train_[KP6Sz7Gxwtg]_chunk0.mp3,KP6Sz7Gxwtg,9.74,9.96,2.217,2.217,0.0,0.0
PuriyaDhanashri#2,PuriyaDhanashri,M d P,PuriyaDhanashri/train_[bxI-gMlmf-E]_chunk0.mp3,bxI-gMlmf-E,2.65,3.04,2.255,1.801,0.455,0.0
PuriyaDhanashri#2,PuriyaDhanashri,M d P,PuriyaDhanashri/train_[bxI-gMlmf-E]_chunk3.mp3,bxI-gMlmf-E,7.06,7.31,2.5,2.5,0.0,0.0
PuriyaDhanashri#2,PuriyaDhanashri,M d P,PuriyaDhanashri/train_[0VB7jujlb5o]_chunk0.mp3,0VB7jujlb5o,15.93,16.14,2.54,2.54,0.0,0.0
PuriyaDhanashri#2,PuriyaDhanashri,M d P,PuriyaDhanashri/train_[KP6Sz7Gxwtg]_chunk0.mp3,KP6Sz7Gxwtg,2.22,2.44,2.617,2.617,0.0,0.0
PuriyaDhanashri#2,PuriyaDhanashri,M d P,PuriyaDhanashri/train_[0VB7jujlb5o]_chunk3.mp3,0VB7jujlb5o,12.41,12.84,2.689,2.689,0.0,0.0
PuriyaDhanashri#2,PuriyaDhanashri,M d P,PuriyaDhanashri/train_[0VB7jujlb5o]_chunk3.mp3,0VB7jujlb5o,12.73,13.1,2.689,2.689,0.0,0.0
PuriyaDhanashri#2,PuriyaDhanashri,M d P,PuriyaDhanashri/train_[jPIl2G88w_A]_chunk2.mp3,jPIl2G88w_A,10.52,10.74,2.698,2.698,0.0,0.0
PuriyaDhanashri#2,PuriyaDhanashri,M d P,PuriyaDhanashri/train_[0VB7jujlb5o]_chunk0.mp3,0VB7jujlb5o,11.09,11.31,2.79,2.79,0.0,0.0
PuriyaDhanashri#2,PuriyaDhanashri,M d P,PuriyaDhanashri/train_[bxI-gMlmf-E]_chunk3.mp3,bxI-gMlmf-E,0.98,1.19,2.799,2.799,0.0,0.0
PuriyaDhanashri#2,PuriyaDhanashri,M d P,PuriyaDhanashri/train_[0VB7jujlb5o]_chunk3.mp3,0VB7jujlb5o,3.15,3.36,2.839,2.839,0.0,0.0
PuriyaDhanashri#2,PuriyaDhanashri,M d P,PuriyaDhanashri/train_[bxI-gMlmf-E]_chunk0.mp3,bxI-gMlmf-E,10.24,10.45,2.9,2.9,0.0,0.0
PuriyaDhanashri#2,PuriyaDhanashri,M d P,PuriyaDhanashri/train_[bxI-gMlmf-E]_chunk3.mp3,bxI-gMlmf-E,7.43,7.66,2.9,2.9,0.0,0.0
PuriyaDhanashri#2,PuriyaDhanashri,M d P,PuriyaDhanashri/train_[0VB7jujlb5o]_chunk3.mp3,0VB7jujlb5o,12.41,12.75,2.97,2.97,0.0,0.0
PuriyaDhanashri#2,PuriyaDhanashri,M d P,PuriyaDhanashri/train_[bxI-gMlmf-E]_chunk2.mp3,bxI-gMlmf-E,15.11,15.32,3.0,3.0,0.0,0.0
PuriyaDhanashri#2,PuriyaDhanashri,M d P,PuriyaDhanashri/train_[9X3vjQXx7xw]_chunk4.mp3,9X3vjQXx7xw,3.96,4.2,3.0,3.0,0.0,0.0
PuriyaDhanashri#2,PuriyaDhanashri,M d P,PuriyaDhanashri/train_[9X3vjQXx7xw]_chunk4.mp3,9X3vjQXx7xw,19.08,19.29,3.0,3.0,0.0,0.0
PuriyaDhanashri#2,PuriyaDhanashri,M d P,PuriyaDhanashri/train_[9X3vjQXx7xw]_chunk4.mp3,9X3vjQXx7xw,14.86,15.08,3.0,3.0,0.0,0.0
PuriyaDhanashri#2,PuriyaDhanashri,M d P,PuriyaDhanashri/train_[KP6Sz7Gxwtg]_chunk0.mp3,KP6Sz7Gxwtg,2.1,2.31,3.0,3.0,0.0,0.0
PuriyaDhanashri#2,PuriyaDhanashri,M d P,PuriyaDhanashri/train_[KP6Sz7Gxwtg]_chunk0.mp3,KP6Sz7Gxwtg,10.6,10.81,3.0,3.0,0.0,0.0
PuriyaDhanashri#2,PuriyaDhanashri,M d P,PuriyaDhanashri/train_[KP6Sz7Gxwtg]_chunk0.mp3,KP6Sz7Gxwtg,10.7,10.95,3.0,3.0,0.0,0.0
PuriyaDhanashri#2,PuriyaDhanashri,M d P,PuriyaDhanashri/train_[bxI-gMlmf-E]_chunk3.mp3,bxI-gMlmf-E,2.7,2.97,3.0,3.0,0.0,0.0
PuriyaDhanashri#2,PuriyaDhanashri,M d P,PuriyaDhanashri/train_[bxI-gMlmf-E]_chunk3.mp3,bxI-gMlmf-E,7.25,7.47,3.0,3.0,0.0,0.0
PuriyaDhanashri#2,PuriyaDhanashri,M d P,PuriyaDhanashri/train_[jPIl2G88w_A]_chunk3.mp3,jPIl2G88w_A,5.88,6.12,3.0,3.0,0.0,0.0
PuriyaDhanashri#2,PuriyaDhanashri,M d P,PuriyaDhanashri/train_[jPIl2G88w_A]_chunk3.mp3,jPIl2G88w_A,5.72,5.94,3.0,3.0,0.0,0.0
PuriyaDhanashri#2,PuriyaDhanashri,M d P,PuriyaDhanashri/train_[jPIl2G88w_A]_chunk3.mp3,jPIl2G88w_A,3.24,3.45,3.0,3.0,0.0,0.0
PuriyaDhanashri#2,PuriyaDhanashri,M d P,PuriyaDhanashri/train_[GOdO8EKn-rs]_chunk3.mp3,GOdO8EKn-rs,15.24,15.45,3.333,3.0,0.0,0.333
PuriyaDhanashri#2,PuriyaDhanashri,M d P,PuriyaDhanashri/train_[GOdO8EKn-rs]_chunk3.mp3,GOdO8EKn-rs,7.82,8.04,3.333,3.0,0.0,0.333
PuriyaDhanashri#2,PuriyaDhanashri,M d P,PuriyaDhanashri/train_[jPIl2G88w_A]_chunk3.mp3,jPIl2G88w_A,17.08,17.3,3.333,3.0,0.0,0.333
PuriyaDhanashri#2,PuriyaDhanashri,M d P,PuriyaDhanashri/train_[bxI-gMlmf-E]_chunk2.mp3,bxI-gMlmf-E,0.12,0.43,3.412,3.0,0.0,0.412
PuriyaDhanashri#2,PuriyaDhanashri,M d P,PuriyaDhanashri/train_[GOdO8EKn-rs]_chunk3.mp3,GOdO8EKn-rs,8.92,9.14,3.417,3.0,0.0,0.417
PuriyaDhanashri#2,PuriyaDhanashri,M d P,PuriyaDhanashri/train_[GOdO8EKn-rs]_chunk3.mp3,GOdO8EKn-rs,2.35,2.56,3.417,3.0,0.0,0.417
PuriyaDhanashri#2,PuriyaDhanashri,M d P,PuriyaDhanashri/train_[GOdO8EKn-rs]_chunk3.mp3,GOdO8EKn-rs,11.04,11.25,3.417,3.0,0.0,0.417
PuriyaDhanashri#3,PuriyaDhanashri,M d N `S,PuriyaDhanashri/train_[9X3vjQXx7xw]_chunk3.mp3,9X3vjQXx7xw,16.92,20.0,0.056,0.048,0.008,0.0
PuriyaDhanashri#3,PuriyaDhanashri,M d N `S,PuriyaDhanashri/train_[0VB7jujlb5o]_chunk4.mp3,0VB7jujlb5o,8.87,9.19,0.12,0.12,0.0,0.0
PuriyaDhanashri#3,PuriyaDhanashri,M d N `S,PuriyaDhanashri/train_[0VB7jujlb5o]_chunk4.mp3,0VB7jujlb5o,7.73,8.09,0.15,0.15,0.0,0.0
PuriyaDhanashri#3,PuriyaDhanashri,M d N `S,PuriyaDhanashri/train_[9X3vjQXx7xw]_chunk4.mp3,9X3vjQXx7xw,11.91,12.71,0.194,0.031,0.163,0.0
PuriyaDhanashri#3,PuriyaDhanashri,M d N `S,PuriyaDhanashri/train_[9X3vjQXx7xw]_chunk3.mp3,9X3vjQXx7xw,16.92,17.58,0.201,0.162,0.038,0.0
PuriyaDhanashri#3,PuriyaDhanashri,M d N `S,PuriyaDhanashri/train_[9X3vjQXx7xw]_chunk2.mp3,9X3vjQXx7xw,18.67,19.32,0.281,0.119,0.162,0.0
PuriyaDhanashri#3,PuriyaDhanashri,M d N `S,PuriyaDhanashri/train_[KP6Sz7Gxwtg]_chunk4.mp3,KP6Sz7Gxwtg,3.82,4.48,0.292,0.042,0.25,0.0
PuriyaDhanashri#3,PuriyaDhanashri,M d N `S,PuriyaDhanashri/train_[9X3vjQXx7xw]_chunk4.mp3,9X3vjQXx7xw,3.96,5.23,0.312,0.312,0.0,0.0
PuriyaDhanashri#3,PuriyaDhanashri,M d N `S,PuriyaDhanashri/train_[0VB7jujlb5o]_chunk4.mp3,0VB7jujlb5o,7.29,7.63,0.33,0.33,0.0,0.0
PuriyaDhanashri#3,PuriyaDhanashri,M d N `S,PuriyaDhanashri/train_[KP6Sz7Gxwtg]_chunk2.mp3,KP6Sz7Gxwtg,8.84,9.32,0.342,0.092,0.25,0.0
PuriyaDhanashri#3,PuriyaDhanashri,M d N `S,PuriyaDhanashri/train_[KP6Sz7Gxwtg]_chunk3.mp3,KP6Sz7Gxwtg,5.42,6.03,0.349,0.042,0.308,0.0
PuriyaDhanashri#3,PuriyaDhanashri,M d N `S,PuriyaDhanashri/train_[9X3vjQXx7xw]_chunk4.mp3,9X3vjQXx7xw,3.96,4.36,0.362,0.362,0.0,0.0
PuriyaDhanashri#3,PuriyaDhanashri,M d N `S,PuriyaDhanashri/train_[KP6Sz7Gxwtg]_chunk2.mp3,KP6Sz7Gxwtg,1.4,2.26,0.375,0.208,0.167,0.0
PuriyaDhanashri#3,PuriyaDhanashri,M d N `S,PuriyaDhanashri/train_[9X3vjQXx7xw]_chunk4.mp3,9X3vjQXx7xw,14.86,16.2,0.387,0.387,0.0,0.0
PuriyaDhanashri#3,PuriyaDhanashri,M d N `S,PuriyaDhanashri/train_[9X3vjQXx7xw]_chunk4.mp3,9X3vjQXx7xw,14.86,16.2,0.387,0.387,0.0,0.0
PuriyaDhanashri#3,PuriyaDhanashri,M d N `S,PuriyaDhanashri/train_[0VB7jujlb5o]_chunk2.mp3,0VB7jujlb5o,6.4,6.9,0.4,0.4,0.0,0.0
PuriyaDhanashri#3,PuriyaDhanashri,M d N `S,PuriyaDhanashri/train_[0VB7jujlb5o]_chunk1.mp3,0VB7jujlb5o,16.2,16.91,0.505,0.33,0.175,0.0
PuriyaDhanashri#3,PuriyaDhanashri,M d N `S,PuriyaDhanashri/train_[KP6Sz7Gxwtg]_chunk2.mp3,KP6Sz7Gxwtg,6.24,6.92,0.513,0.25,0.263,0.0
PuriyaDhanashri#3,PuriyaDhanashri,M d N `S,PuriyaDhanashri/train_[KP6Sz7Gxwtg]_chunk4.mp3,KP6Sz7Gxwtg,9.0,9.4,0.515,0.342,0.174,0.0
PuriyaDhanashri#3,PuriyaDhanashri,M d N `S,PuriyaDhanashri/train_[KP6Sz7Gxwtg]_chunk4.mp3,KP6Sz7Gxwtg,9.64,10.04,0.55,0.55,0.0,0.0
PuriyaDhanashri#3,PuriyaDhanashri,M d N `S,PuriyaDhanashri/train_[KP6Sz7Gxwtg]_chunk4.mp3,KP6Sz7Gxwtg,6.45,6.84,0.554,0.508,0.045,0.0
PuriyaDhanashri#3,PuriyaDhanashri,M d N `S,PuriyaDhanashri/train_[KP6Sz7Gxwtg]_chunk2.mp3,KP6Sz7Gxwtg,16.75,17.72,0.633,0.633,0.0,0.0
PuriyaDhanashri#3,PuriyaDhanashri,M d N `S,PuriyaDhanashri/train_[bxI-gMlmf-E]_chunk1.mp3,bxI-gMlmf-E,14.35,14.72,0.649,0.649,0.0,0.0
PuriyaDhanashri#3,PuriyaDhanashri,M d N `S,PuriyaDhanashri/train_[weCnFtHhPWo]_chunk1.mp3,weCnFtHhPWo,14.04,14.77,0.698,0.698,0.0,0.0
PuriyaDhanashri#3,PuriyaDhanashri,M d N `S,PuriyaDhanashri/train_[9X3vjQXx7xw]_chunk2.mp3,9X3vjQXx7xw,0.85,1.35,0.705,0.562,0.143,0.0
PuriyaDhanashri#3,PuriyaDhanashri,M d N `S,PuriyaDhanashri/train_[weCnFtHhPWo]_chunk2.mp3,weCnFtHhPWo,4.39,4.87,0.742,0.45,0.292,0.0
PuriyaDhanashri#3,PuriyaDhanashri,M d N `S,PuriyaDhanashri/train_[KP6Sz7Gxwtg]_chunk4.mp3,KP6Sz7Gxwtg,19.54,19.93,0.769,0.542,0.227,0.0
PuriyaDhanashri#3,PuriyaDhanashri,M d N `S,PuriyaDhanashri/train_[0VB7jujlb5o]_chunk1.mp3,0VB7jujlb5o,18.38,19.36,0.774,0.32,0.455,0.0
PuriyaDhanashri#3,PuriyaDhanashri,M d N `S,PuriyaDhanashri/train_[0VB7jujlb5o]_chunk1.mp3,0VB7jujlb5o,16.04,16.43,0.842,0.57,0.273,0.0
PuriyaDhanashri#3,PuriyaDhanashri,M d N `S,PuriyaDhanashri/train_[0VB7jujlb5o]_chunk2.mp3,0VB7jujlb5o,8.76,9.16,0.847,0.62,0.227,0.0
PuriyaDhanashri#3,PuriyaDhanashri,M d N `S,PuriyaDhanashri/train_[KP6Sz7Gxwtg]_chunk3.mp3,KP6Sz7Gxwtg,3.29,3.96,1.053,0.733,0.32,0.0
PuriyaDhanashri#3,PuriyaDhanashri,M d N `S,PuriyaDhanashri/train_[bxI-gMlmf-E]_chunk1.mp3,bxI-gMlmf-E,13.44,14.29,1.07,1.049,0.021,0.0
PuriyaDhanashri#3,PuriyaDhanashri,M d N `S,PuriyaDhanashri/train_[jPIl2G88w_A]_chunk3.mp3,jPIl2G88w_A,16.02,16.69,1.133,0.0,0.133,0.0
PuriyaDhanashri#3,PuriyaDhanashri,M d N `S,PuriyaDhanashri/train_[bxI-gMlmf-E]_chunk2.mp3,bxI-gMlmf-E,15.11,17.03,1.143,0.0,0.143,0.0
PuriyaDhanashri#3,PuriyaDhanashri,M d N `S,PuriyaDhanashri/train_[weCnFtHhPWo]_chunk1.mp3,weCnFtHhPWo,7.59,8.05,1.16,0.899,0.261,0.0
PuriyaDhanashri#3,PuriyaDhanashri,M d N `S,PuriyaDhanashri/train_[0VB7jujlb5o]_chunk1.mp3,0VB7jujlb5o,0.94,1.4,1.189,0.92,0.269,0.0
PuriyaDhanashri#3,PuriyaDhanashri,M d N `S,PuriyaDhanashri/train_[0VB7jujlb5o]_chunk1.mp3,0VB7jujlb5o,1.71,2.31,1.189,1.189,0.0,0.0
PuriyaDhanashri#3,PuriyaDhanashri,M d N `S,PuriyaDhanashri/train_[weCnFtHhPWo]_chunk2.mp3,weCnFtHhPWo,15.61,16.14,1.252,1.152,0.1,0.0
PuriyaDhanashri#3,PuriyaDhanashri,M d N `S,PuriyaDhanashri/train_[0VB7jujlb5o]_chunk4.mp3,0VB7jujlb5o,19.43,19.96,1.297,1.13,0.167,0.0
PuriyaDhanashri#3,PuriyaDhanashri,M d N `S,PuriyaDhanashri/train_[weCnFtHhPWo]_chunk1.mp3,weCnFtHhPWo,5.65,6.44,1.443,1.398,0.045,0.0
PuriyaDhanashri#3,PuriyaDhanashri,M d N `S,PuriyaDhanashri/train_[jPIl2G88w_A]_chunk4.mp3,jPIl2G88w_A,0.32,0.84,1.502,0.452,0.05,0.0
PuriyaDhanashri#3,PuriyaDhanashri,M d N `S,PuriyaDhanashri/train_[KP6Sz7Gxwtg]_chunk2.mp3,KP6Sz7Gxwtg,16.75,17.21,1.583,1.583,0.0,0.0
PuriyaDhanashri#3,PuriyaDhanashri,M d N `S,PuriyaDhanashri/train_[bxI-gMlmf-E]_chunk1.mp3,bxI-gMlmf-E,3.31,3.79,1.646,0.349,0.222,0.074
PuriyaDhanashri#3,PuriyaDhanashri,M d N `S,PuriyaDhanashri/train_[bxI-gMlmf-E]_chunk4.mp3,bxI-gMlmf-E,8.73,9.14,1.701,1.701,0.0,0.0
PuriyaDhanashri#3,PuriyaDhanashri,M d N `S,PuriyaDhanashri/train_[weCnFtHhPWo]_chunk4.mp3,weCnFtHhPWo,3.08,3.41,1.719,0.552,0.111,0.056
PuriyaDhanashri#3,PuriyaDhanashri,M d N `S,PuriyaDhanashri/train_[9X3vjQXx7xw]_chunk1.mp3,9X3vjQXx7xw,18.08,18.49,1.811,1.55,0.261,0.0
PuriyaDhanashri#3,PuriyaDhanashri,M d N `S,PuriyaDhanashri/train_[bxI-gMlmf-E]_chunk2.mp3,bxI-gMlmf-E,8.43,10.33,1.821,1.8,0.0,0.021
PuriyaDhanashri#3,PuriyaDhanashri,M d N `S,PuriyaDhanashri/train_[bxI-gMlmf-E]_chunk2.mp3,bxI-gMlmf-E,8.43,8.94,1.925,1.8,0.0,0.125
PuriyaDhanashri#3,PuriyaDhanashri,M d N `S,PuriyaDhanashri/train_[9X3vjQXx7xw]_chunk0.mp3,9X3vjQXx7xw,9.37,9.85,1.996,0.663,0.259,0.074
PuriyaDhanashri#3,PuriyaDhanashri,M d N `S,PuriyaDhanashri/train_[KP6Sz7Gxwtg]_chunk0.mp3,KP6Sz7Gxwtg,9.81,10.12,2.017,2.017,0.0,0.0
PuriyaDhanashri#3,PuriyaDhanashri,M d N `S,PuriyaDhanashri/train_[KP6Sz7Gxwtg]_chunk3.mp3,KP6Sz7Gxwtg,11.84,14.29,2.067,2.067,0.0,0.0
PuriyaDhanashri#3,PuriyaDhanashri,M d N `S,PuriyaDhanashri/train_[KP6Sz7Gxwtg]_chunk3.mp3,KP6Sz7Gxwtg,11.84,12.5,2.067,2.067,0.0,0.0
PuriyaDhanashri#3,PuriyaDhanashri,M d N `S,PuriyaDhanashri/train_[bxI-gMlmf-E]_chunk4.mp3,bxI-gMlmf-E,6.13,6.83,2.1,2.1,0.0,0.0
PuriyaDhanashri#3,PuriyaDhanashri,M d N `S,PuriyaDhanashri/train_[bxI-gMlmf-E]_chunk0.mp3,bxI-gMlmf-E,1.56,2.06,2.151,1.151,0.0,0.0
PuriyaDhanashri#3,PuriyaDhanashri,M d N `S,PuriyaDhanashri/train_[jPIl2G88w_A]_chunk4.mp3,jPIl2G88w_A,4.16,4.48,2.248,1.248,0.0,0.0
PuriyaDhanashri#3,PuriyaDhanashri,M d N `S,PuriyaDhanashri/train_[jPIl2G88w_A]_chunk4.mp3,jPIl2G88w_A,17.19,17.81,2.327,1.202,0.0,0.125
PuriyaDhanashri#3,PuriyaDhanashri,M d N `S,PuriyaDhanashri/train_[jPIl2G88w_A]_chunk2.mp3,jPIl2G88w_A,6.76,7.45,2.342,1.102,0.24,0.0
PuriyaDhanashri#3,PuriyaDhanashri,M d N `S,PuriyaDhanashri/train_[jPIl2G88w_A]_chunk4.mp3,jPIl2G88w_A,18.22,18.52,2.348,1.348,0.0,0.0
PuriyaDhanashri#3,PuriyaDhanashri,M d N `S,PuriyaDhanashri/train_[bxI-gMlmf-E]_chunk4.mp3,bxI-gMlmf-E,6.58,6.99,2.391,2.2,0.19,0.0
PuriyaDhanashri#3,PuriyaDhanashri,M d N `S,PuriyaDhanashri/train_[KP6Sz7Gxwtg]_chunk1.mp3,KP6Sz7Gxwtg,15.5,15.86,2.417,1.417,0.0,0.0
PuriyaDhanashri#3,PuriyaDhanashri,M d N `S,PuriyaDhanashri/train_[KP6Sz7Gxwtg]_chunk1.mp3,KP6Sz7Gxwtg,9.08,9.72,2.417,1.417,0.0,0.0
PuriyaDhanashri#3,PuriyaDhanashri,M d N `S,PuriyaDhanashri/train_[GOdO8EKn-rs]_chunk1.mp3,GOdO8EKn-rs,9.78,10.52,2.417,1.417,0.0,0.0
PuriyaDhanashri#3,PuriyaDhanashri,M d N `S,PuriyaDhanashri/train_[9X3vjQXx7xw]_chunk0.mp3,9X3vjQXx7xw,12.07,12.73,2.426,0.913,0.514,0.0
PuriyaDhanashri#3,PuriyaDhanashri,M d N `S,PuriyaDhanashri/train_[jPIl2G88w_A]_chunk3.mp3,jPIl2G88w_A,7.41,7.75,2.448,1.448,0.0,0.0
PuriyaDhanashri#3,PuriyaDhanashri,M d N `S,PuriyaDhanashri/train_[GOdO8EKn-rs]_chunk1.mp3,GOdO8EKn-rs,13.83,14.13,2.467,1.467,0.0,0.0
PuriyaDhanashri#3,PuriyaDhanashri,M d N `S,PuriyaDhanashri/train_[KP6Sz7Gxwtg]_chunk1.mp3,KP6Sz7Gxwtg,1.24,1.69,2.47,1.383,0.087,0.0
PuriyaDhanashri#3,PuriyaDhanashri,M d N `S,PuriyaDhanashri/train_[jPIl2G88w_A]_chunk0.mp3,jPIl2G88w_A,10.6,10.88,2.498,1.498,0.0,0.0
PuriyaDhanashri#3,PuriyaDhanashri,M d N `S,PuriyaDhanashri/train_[jPIl2G88w_A]_chunk2.mp3,jPIl2G88w_A,6.03,6.31,2.502,1.502,0.0,0.0
PuriyaDhanashri#3,PuriyaDhanashri,M d N `S,PuriyaDhanashri/train_[jPIl2G88w_A]_chunk4.mp3,jPIl2G88w_A,17.87,18.15,2.502,1.502,0.0,0.0
PuriyaDhanashri#3,PuriyaDhanashri,M d N `S,PuriyaDhanashri/train_[jPIl2G88w_A]_chunk1.mp3,jPIl2G88w_A,17.12,17.46,2.507,1.448,0.059,0.0
PuriyaDhanashri#3,PuriyaDhanashri,M d N `S,PuriyaDhanashri/train_[weCnFtHhPWo]_chunk1.mp3,weCnFtHhPWo,16.68,17.35,2.602,2.602,0.0,0.0
PuriyaDhanashri#3,PuriyaDhanashri,M d N `S,PuriyaDhanashri/train_[KP6Sz7Gxwtg]_chunk0.mp3,KP6Sz7Gxwtg,2.22,2.63,2.617,2.617,0.0,0.0
PuriyaDhanashri#3,PuriyaDhanashri,M d N `S,PuriyaDhanashri/train_[GOdO8EKn-rs]_chunk0.mp3,GOdO8EKn-rs,5.92,6.36,2.617,1.367,0.0,0.25
PuriyaDhanashri#3,PuriyaDhanashri,M d N `S,PuriyaDhanashri/train_[jPIl2G88w_A]_chunk3.mp3,jPIl2G88w_A,6.49,7.0,2.648,1.648,0.0,0.0
PuriyaDhanashri#3,PuriyaDhanashri,M d N `S,PuriyaDhanashri/train_[bxI-gMlmf-E]_chunk0.mp3,bxI-gMlmf-E,3.84,4.52,2.651,1.651,0.0,0.0
PuriyaDhanashri#3,PuriyaDhanashri,M d N `S,PuriyaDhanashri/train_[9X3vjQXx7xw]_chunk2.mp3,9X3vjQXx7xw,19.4,19.82,2.687,2.687,0.0,0.0
PuriyaDhanashri#3,PuriyaDhanashri,M d N `S,PuriyaDhanashri/train_[GOdO8EKn-rs]_chunk1.mp3,GOdO8EKn-rs,11.31,12.12,2.692,1.567,0.0,0.125
PuriyaDhanashri#3,PuriyaDhanashri,M d N `S,PuriyaDhanashri/train_[9X3vjQXx7xw]_chunk2.mp3,9X3vjQXx7xw,4.36,4.85,2.737,2.737,0.0,0.0
PuriyaDhanashri#3,PuriyaDhanashri,M d N `S,PuriyaDhanashri/train_[bxI-gMlmf-E]_chunk2.mp3,bxI-gMlmf-E,11.54,11.95,2.751,1.751,0.0,0.0
PuriyaDhanashri#3,PuriyaDhanashri,M d N `S,PuriyaDhanashri/train_[bxI-gMlmf-E]_chunk2.mp3,bxI-gMlmf-E,11.54,12.91,2.751,1.751,0.0,0.0
PuriyaDhanashri#3,PuriyaDhanashri,M d N `S,PuriyaDhanashri/train_[bxI-gMlmf-E]_chunk0.mp3,bxI-gMlmf-E,10.35,10.67,2.8,1.8,0.0,0.0
PuriyaDhanashri#3,PuriyaDhanashri,M d N `S,PuriyaDhanashri/train_[jPIl2G88w_A]_chunk0.mp3,jPIl2G88w_A,10.03,10.33,2.802,1.802,0.0,0.0
PuriyaDhanashri#3,PuriyaDhanashri,M d N `S,PuriyaDhanashri/train_[jPIl2G88w_A]_chunk0.mp3,jPIl2G88w_A,8.14,8.53,2.935,1.602,0.111,0.222
PuriyaDhanashri#3,PuriyaDhanashri,M d N `S,PuriyaDhanashri/train_[0VB7jujlb5o]_chunk0.mp3,0VB7jujlb5o,8.75,9.12,3.0,3.0,0.0,0.0
PuriyaDhanashri#3,PuriyaDhanashri,M d N `S,PuriyaDhanashri/train_[0VB7jujlb5o]_chunk0.mp3,0VB7jujlb5o,3.93,4.21,3.0,3.0,0.0,0.0
PuriyaDhanashri#3,PuriyaDhanashri,M d N `S,PuriyaDhanashri/train_[0VB7jujlb5o]_chunk0.mp3,0VB7jujlb5o,4.18,4.46,3.0,3.0,0.0,0.0
PuriyaDhanashri#3,PuriyaDhanashri,M d N `S,PuriyaDhanashri/train_[0VB7jujlb5o]_chunk0.mp3,0VB7jujlb5o,10.54,10.84,3.0,3.0,0.0,0.0
PuriyaDhanashri#3,PuriyaDhanashri,M d N `S,PuriyaDhanashri/train_[0VB7jujlb5o]_chunk0.mp3,0VB7jujlb5o,5.16,5.44,3.0,3.0,0.0,0.0
PuriyaDhanashri#3,PuriyaDhanashri,M d N `S,PuriyaDhanashri/train_[0VB7jujlb5o]_chunk2.mp3,0VB7jujlb5o,9.51,10.12,3.0,3.0,0.0,0.0
PuriyaDhanashri#3,PuriyaDhanashri,M d N `S,PuriyaDhanashri/train_[0VB7jujlb5o]_chunk2.mp3,0VB7jujlb5o,10.06,10.38,3.0,3.0,0.0,0.0
PuriyaDhanashri#3,PuriyaDhanashri,M d N `S,PuriyaDhanashri/train_[0VB7jujlb5o]_chunk2.mp3,0VB7jujlb5o,10.58,10.86,3.0,3.0,0.0,0.0
PuriyaDhanashri#3,PuriyaDhanashri,M d N `S,PuriyaDhanashri/train_[0VB7jujlb5o]_chunk3.mp3,0VB7jujlb5o,5.65,5.99,3.0,3.0,0.0,0.0
PuriyaDhanashri#3,PuriyaDhanashri,M d N `S,PuriyaDhanashri/train_[0VB7jujlb5o]_chunk3.mp3,0VB7jujlb5o,15.22,15.5,3.0,3.0,0.0,0.0
PuriyaDhanashri#3,PuriyaDhanashri,M d N `S,PuriyaDhanashri/train_[0VB7jujlb5o]_chunk3.mp3,0VB7jujlb5o,13.42,13.71,3.0,3.0,0.0,0.0
PuriyaDhanashri#3,PuriyaDhanashri,M d N `S,PuriyaDhanashri/train_[0VB7jujlb5o]_chunk3.mp3,0VB7jujlb5o,18.83,19.11,3.0,3.0,0.0,0.0
PuriyaDhanashri#3,PuriyaDhanashri,M d N `S,PuriyaDhanashri/train_[0VB7jujlb5o]_chunk3.mp3,0VB7jujlb5o,12.41,12.89,3.0,3.0,0.0,0.0
PuriyaDhanashri#3,PuriyaDhanashri,M d N `S,PuriyaDhanashri/train_[0VB7jujlb5o]_chunk4.mp3,0VB7jujlb5o,17.62,17.99,3.0,3.0,0.0,0.0
PuriyaDhanashri#3,PuriyaDhanashri,M d N `S,PuriyaDhanashri/train_[9X3vjQXx7xw]_chunk1.mp3,9X3vjQXx7xw,1.4,1.72,3.0,3.0,0.0,0.0
PuriyaDhanashri#3,PuriyaDhanashri,M d N `S,PuriyaDhanashri/train_[9X3vjQXx7xw]_chunk1.mp3,9X3vjQXx7xw,3.34,3.64,3.0,3.0,0.0,0.0
PuriyaDhanashri#3,PuriyaDhanashri,M d N `S,PuriyaDhanashri/train_[9X3vjQXx7xw]_chunk1.mp3,9X3vjQXx7xw,6.68,6.99,3.0,3.0,0.0,0.0
PuriyaDhanashri#3,PuriyaDhanashri,M d N `S,PuriyaDhanashri/train_[9X3vjQXx7xw]_chunk2.mp3,9X3vjQXx7xw,14.95,15.32,3.0,3.0,0.0,0.0
PuriyaDhanashri#3,PuriyaDhanashri,M d N `S,PuriyaDhanashri/train_[9X3vjQXx7xw]_chunk3.mp3,9X3vjQXx7xw,8.84,9.35,3.0,3.0,0.0,0.0
PuriyaDhanashri#3,PuriyaDhanashri,M d N `S,PuriyaDhanashri/train_[9X3vjQXx7xw]_chunk3.mp3,9X3vjQXx7xw,8.5,8.8,3.0,3.0,0.0,0.0
PuriyaDhanashri#3,PuriyaDhanashri,M d N `S,PuriyaDhanashri/train_[9X3vjQXx7xw]_chunk3.mp3,9X3vjQXx7xw,9.28,9.56,3.0,3.0,0.0,0.0
PuriyaDhanashri#3,PuriyaDhanashri,M d N `S,PuriyaDhanashri/train_[GOdO8EKn-rs]_chunk0.mp3,GOdO8EKn-rs,14.99,16.27,3.0,3.0,0.0,0.0
PuriyaDhanashri#3,PuriyaDhanashri,M d N `S,PuriyaDhanashri/train_[GOdO8EKn-rs]_chunk0.mp3,GOdO8EKn-rs,14.99,16.28,3.0,3.0,0.0,0.0
PuriyaDhanashri#3,PuriyaDhanashri,M d N `S,PuriyaDhanashri/train_[GOdO8EKn-rs]_chunk0.mp3,GOdO8EKn-rs,14.99,16.3,3.0,3.0,0.0,0.0
PuriyaDhanashri#3,PuriyaDhanashri,M d N `S,PuriyaDhanashri/train_[GOdO8EKn-rs]_chunk0.mp3,GOdO8EKn-rs,14.99,16.32,3.0,3.0,0.0,0.0
PuriyaDhanashri#3,PuriyaDhanashri,M d N `S,PuriyaDhanashri/train_[GOdO8EKn-rs]_chunk4.mp3,GOdO8EKn-rs,12.52,12.8,3.0,3.0,0.0,0.0
PuriyaDhanashri#3,PuriyaDhanashri,M d N `S,PuriyaDhanashri/train_[GOdO8EKn-rs]_chunk4.mp3,GOdO8EKn-rs,12.21,12.5,3.0,3.0,0.0,0.0
PuriyaDhanashri#3,PuriyaDhanashri,M d N `S,PuriyaDhanashri/train_[KP6Sz7Gxwtg]_chunk0.mp3,KP6Sz7Gxwtg,10.7,11.04,3.0,3.0,0.0,0.0
PuriyaDhanashri#3,PuriyaDhanashri,M d N `S,PuriyaDhanashri/train_[KP6Sz7Gxwtg]_chunk0.mp3,KP6Sz7Gxwtg,5.21,5.49,3.0,3.0,0.0,0.0
PuriyaDhanashri#3,PuriyaDhanashri,M d N `S,PuriyaDhanashri/train_[KP6Sz7Gxwtg]_chunk0.mp3,KP6Sz7Gxwtg,17.42,17.76,3.0,3.0,0.0,0.0
PuriyaDhanashri#3,PuriyaDhanashri,M d N `S,PuriyaDhanashri/train_[KP6Sz7Gxwtg]_chunk1.mp3,KP6Sz7Gxwtg,6.79,7.5,3.0,3.0,0.0,0.0
PuriyaDhanashri#3,PuriyaDhanashri,M d N `S,PuriyaDhanashri/train_[KP6Sz7Gxwtg]_chunk1.mp3,KP6Sz7Gxwtg,17.99,18.83,3.0,3.0,0.0,0.0
PuriyaDhanashri#3,PuriyaDhanashri,M d N `S,PuriyaDhanashri/train_[KP6Sz7Gxwtg]_chunk3.mp3,KP6Sz7Gxwtg,6.42,6.76,3.0,3.0,0.0,0.0
PuriyaDhanashri#3,PuriyaDhanashri,M d N `S,PuriyaDhanashri/train_[bxI-gMlmf-E]_chunk0.mp3,bxI-gMlmf-E,18.77,19.06,3.0,3.0,0.0,0.0
PuriyaDhanashri#3,PuriyaDhanashri,M d N `S,PuriyaDhanashri/train_[bxI-gMlmf-E]_chunk0.mp3,bxI-gMlmf-E,18.4,18.68,3.0,3.0,0.0,0.0
PuriyaDhanashri#3,PuriyaDhanashri,M d N `S,PuriyaDhanashri/train_[bxI-gMlmf-E]_chunk1.mp3,bxI-gMlmf-E,18.33,18.63,3.0,3.0,0.0,0.0
PuriyaDhanashri#3,PuriyaDhanashri,M d N `S,PuriyaDhanashri/train_[bxI-gMlmf-E]_chunk1.mp3,bxI-gMlmf-E,16.32,16.64,3.0,3.0,0.0,0.0
PuriyaDhanashri#3,PuriyaDhanashri,M d N `S,PuriyaDhanashri/train_[bxI-gMlmf-E]_chunk3.mp3,bxI-gMlmf-E,17.23,17.51,3.0,3.0,0.0,0.0
PuriyaDhanashri#3,PuriyaDhanashri,M d N `S,PuriyaDhanashri/train_[bxI-gMlmf-E]_chunk3.mp3,bxI-gMlmf-E,13.01,13.3,3.0,3.0,0.0,0.0
PuriyaDhanashri#3,PuriyaDhanashri,M d N `S,PuriyaDhanashri/train_[bxI-gMlmf-E]_chunk3.mp3,bxI-gMlmf-E,10.12,10.42,3.0,3.0,0.0,0.0
PuriyaDhanashri#3,PuriyaDhanashri,M d N `S,PuriyaDhanashri/train_[bxI-gMlmf-E]_chunk3.mp3,bxI-gMlmf-E,7.06,7.34,3.0,3.0,0.0,0.0
PuriyaDhanashri#3,PuriyaDhanashri,M d N `S,PuriyaDhanashri/train_[bxI-gMlmf-E]_chunk3.mp3,bxI-gMlmf-E,0.98,1.28,3.0,3.0,0.0,0.0
PuriyaDhanashri#3,PuriyaDhanashri,M d N `S,PuriyaDhanashri/train_[bxI-gMlmf-E]_chunk4.mp3,bxI-gMlmf-E,10.88,11.16,3.0,3.0,0.0,0.0
PuriyaDhanashri#3,PuriyaDhanashri,M d N `S,PuriyaDhanashri/train_[bxI-gMlmf-E]_chunk4.mp3,bxI-gMlmf-E,10.54,10.84,3.0,3.0,0.0,0.0
PuriyaDhanashri#3,PuriyaDhanashri,M d N `S,PuriyaDhanashri/train_[jPIl2G88w_A]_chunk1.mp3,jPIl2G88w_A,0.64,0.94,3.0,3.0,0.0,0.0
PuriyaDhanashri#3,PuriyaDhanashri,M d N `S,PuriyaDhanashri/train_[jPIl2G88w_A]_chunk1.mp3,jPIl2G88w_A,18.56,18.99,3.0,3.0,0.0,0.0
PuriyaDhanashri#3,PuriyaDhanashri,M d N `S,PuriyaDhanashri/train_[jPIl2G88w_A]_chunk1.mp3,jPIl2G88w_A,0.8,1.23,3.0,3.0,0.0,0.0
PuriyaDhanashri#3,PuriyaDhanashri,M d N `S,PuriyaDhanashri/train_[jPIl2G88w_A]_chunk1.mp3,jPIl2G88w_A,14.22,14.72,3.0,3.0,0.0,0.0
PuriyaDhanashri#3,PuriyaDhanashri,M d N `S,PuriyaDhanashri/train_[jPIl2G88w_A]_chunk2.mp3,jPIl2G88w_A,5.65,5.96,3.0,3.0,0.0,0.0
PuriyaDhanashri#3,PuriyaDhanashri,M d N `S,PuriyaDhanashri/train_[jPIl2G88w_A]_chunk2.mp3,jPIl2G88w_A,4.18,4.55,3.0,3.0,0.0,0.0
PuriyaDhanashri#3,PuriyaDhanashri,M d N `S,PuriyaDhanashri/train_[jPIl2G88w_A]_chunk2.mp3,jPIl2G88w_A,13.62,13.99,3.0,3.0,0.0,0.0
PuriyaDhanashri#3,PuriyaDhanashri,M d N `S,PuriyaDhanashri/train_[jPIl2G88w_A]_chunk3.mp3,jPIl2G88w_A,4.36,4.68,3.0,3.0,0.0,0.0
PuriyaDhanashri#3,PuriyaDhanashri,M d N `S,PuriyaDhanashri/train_[jPIl2G88w_A]_chunk3.mp3,jPIl2G88w_A,8.84,9.12,3.0,3.0,0.0,0.0
PuriyaDhanashri#3,PuriyaDhanashri,M d N `S,PuriyaDhanashri/train_[weCnFtHhPWo]_chunk0.mp3,weCnFtHhPWo,6.22,6.52,3.0,3.0,0.0,0.0
PuriyaDhanashri#3,PuriyaDhanashri,M d N `S,PuriyaDhanashri/train_[weCnFtHhPWo]_chunk0.mp3,weCnFtHhPWo,10.15,10.44,3.0,3.0,0.0,0.0
PuriyaDhanashri#3,PuriyaDhanashri,M d N `S,PuriyaDhanashri/train_[weCnFtHhPWo]_chunk0.mp3,weCnFtHhPWo,11.61,11.89,3.0,3.0,0.0,0.0
PuriyaDhanashri#3,PuriyaDhanashri,M d N `S,PuriyaDhanashri/train_[weCnFtHhPWo]_chunk0.mp3,weCnFtHhPWo,9.33,9.65,3.0,3.0,0.0,0.0
PuriyaDhanashri#3,PuriyaDhanashri,M d N `S,PuriyaDhanashri/train_[weCnFtHhPWo]_chunk0.mp3,weCnFtHhPWo,12.02,12.3,3.0,3.0,0.0,0.0
PuriyaDhanashri#3,PuriyaDhanashri,M d N `S,PuriyaDhanashri/train_[weCnFtHhPWo]_chunk1.mp3,weCnFtHhPWo,8.11,9.14,3.0,3.0,0.0,0.0
PuriyaDhanashri#3,PuriyaDhanashri,M d N `S,PuriyaDhanashri/train_[weCnFtHhPWo]_chunk2.mp3,weCnFtHhPWo,16.78,17.1,3.0,3.0,0.0,0.0
PuriyaDhanashri#3,PuriyaDhanashri,M d N `S,PuriyaDhanashri/train_[weCnFtHhPWo]_chunk2.mp3,weCnFtHhPWo,18.24,18.92,3.0,3.0,0.0,0.0
PuriyaDhanashri#3,PuriyaDhanashri,M d N `S,PuriyaDhanashri/train_[weCnFtHhPWo]_chunk2.mp3,weCnFtHhPWo,17.92,18.2,3.0,3.0,0.0,0.0
PuriyaDhanashri#3,PuriyaDhanashri,M d N `S,PuriyaDhanashri/train_[GOdO8EKn-rs]_chunk3.mp3,GOdO8EKn-rs,15.29,16.76,3.052,3.0,0.0,0.052
PuriyaDhanashri#3,PuriyaDhanashri,M d N `S,PuriyaDhanashri/train_[9X3vjQXx7xw]_chunk1.mp3,9X3vjQXx7xw,5.99,6.29,3.059,3.0,0.059,0.0
PuriyaDhanashri#3,PuriyaDhanashri,M d N `S,PuriyaDhanashri/train_[GOdO8EKn-rs]_chunk4.mp3,GOdO8EKn-rs,19.66,19.95,3.062,3.0,0.0,0.062
PuriyaDhanashri#3,PuriyaDhanashri,M d N `S,PuriyaDhanashri/train_[GOdO8EKn-rs]_chunk4.mp3,GOdO8EKn-rs,4.66,7.08,3.087,3.0,0.0,0.087
PuriyaDhanashri#3,PuriyaDhanashri,M d N `S,PuriyaDhanashri/train_[GOdO8EKn-rs]_chunk3.mp3,GOdO8EKn-rs,4.89,5.24,3.118,3.0,0.059,0.059
PuriyaDhanashri#3,PuriyaDhanashri,M d N `S,PuriyaDhanashri/train_[9X3vjQXx7xw]_chunk0.mp3,9X3vjQXx7xw,3.29,3.57,3.125,3.0,0.0,0.125
PuriyaDhanashri#3,PuriyaDhanashri,M d N `S,PuriyaDhanashri/train_[GOdO8EKn-rs]_chunk3.mp3,GOdO8EKn-rs,12.62,12.92,3.125,3.0,0.0,0.125
PuriyaDhanashri#3,PuriyaDhanashri,M d N `S,PuriyaDhanashri/train_[jPIl2G88w_A]_chunk0.mp3,jPIl2G88w_A,18.54,19.7,3.141,3.0,0.0,0.141
PuriyaDhanashri#3,PuriyaDhanashri,M d N `S,PuriyaDhanashri/train_[GOdO8EKn-rs]_chunk2.mp3,GOdO8EKn-rs,8.75,10.74,3.155,3.0,0.0,0.155
PuriyaDhanashri#3,PuriyaDhanashri,M d N `S,PuriyaDhanashri/train_[GOdO8EKn-rs]_chunk3.mp3,GOdO8EKn-rs,18.04,19.11,3.167,3.0,0.0,0.167
PuriyaDhanashri#3,PuriyaDhanashri,M d N `S,PuriyaDhanashri/train_[weCnFtHhPWo]_chunk4.mp3,weCnFtHhPWo,16.66,17.14,3.182,3.0,0.091,0.091
PuriyaDhanashri#3,PuriyaDhanashri,M d N `S,PuriyaDhanashri/train_[9X3vjQXx7xw]_chunk0.mp3,9X3vjQXx7xw,17.56,18.01,3.2,3.0,0.0,0.2
PuriyaDhanashri#3,PuriyaDhanashri,M d N `S,PuriyaDhanashri/train_[weCnFtHhPWo]_chunk4.mp3,weCnFtHhPWo,12.11,12.46,3.2,3.0,0.0,0.2
PuriyaDhanashri#3,PuriyaDhanashri,M d N `S,PuriyaDhanashri/train_[GOdO8EKn-rs]_chunk3.mp3,GOdO8EKn-rs,9.92,11.24,3.216,3.0,0.0,0.216
PuriyaDhanashri#3,PuriyaDhanashri,M d N `S,PuriyaDhanashri/train_[9X3vjQXx7xw]_chunk0.mp3,9X3vjQXx7xw,4.16,4.64,3.25,3.0,0.0,0.25
PuriyaDhanashri#3,PuriyaDhanashri,M d N `S,PuriyaDhanashri/train_[GOdO8EKn-rs]_chunk4.mp3,GOdO8EKn-rs,2.35,2.63,3.25,3.0,0.0,0.25
PuriyaDhanashri#3,PuriyaDhanashri,M d N `S,PuriyaDhanashri/train_[jPIl2G88w_A]_chunk0.mp3,jPIl2G88w_A,11.34,11.77,3.25,3.0,0.0,0.25
PuriyaDhanashri#3,PuriyaDhanashri,M d N `S,PuriyaDhanashri/train_[weCnFtHhPWo]_chunk4.mp3,weCnFtHhPWo,12.92,13.55,3.257,3.0,0.0,0.257
PuriyaDhanashri#3,PuriyaDhanashri,M d N `S,PuriyaDhanashri/train_[weCnFtHhPWo]_chunk4.mp3,weCnFtHhPWo,8.94,9.23,3.312,3.0,0.0,0.312
PuriyaDhanashri#3,PuriyaDhanashri,M d N `S,PuriyaDhanashri/train_[GOdO8EKn-rs]_chunk2.mp3,GOdO8EKn-rs,6.76,7.96,3.35,3.0,0.0,0.35
PuriyaDhanashri#3,PuriyaDhanashri,M d N `S,PuriyaDhanashri/train_[GOdO8EKn-rs]_chunk2.mp3,GOdO8EKn-rs,6.76,7.96,3.368,3.0,0.0,0.368
PuriyaDhanashri#3,PuriyaDhanashri,M d N `S,PuriyaDhanashri/train_[GOdO8EKn-rs]_chunk2.mp3,GOdO8EKn-rs,7.95,8.36,3.375,3.0,0.0,0.375
PuriyaDhanashri#3,PuriyaDhanashri,M d N `S,PuriyaDhanashri/train_[weCnFtHhPWo]_chunk3.mp3,weCnFtHhPWo,3.29,3.57,3.375,3.0,0.0,0.375
PuriyaDhanashri#3,PuriyaDhanashri,M d N `S,PuriyaDhanashri/train_[GOdO8EKn-rs]_chunk2.mp3,GOdO8EKn-rs,6.76,7.96,3.389,3.0,0.0,0.389
PuriyaDhanashri#3,PuriyaDhanashri,M d N `S,PuriyaDhanashri/train_[weCnFtHhPWo]_chunk3.mp3,weCnFtHhPWo,12.3,12.69,3.4,3.0,0.0,0.4
PuriyaDhanashri#3,PuriyaDhanashri,M d N `S,PuriyaDhanashri/train_[weCnFtHhPWo]_chunk3.mp3,weCnFtHhPWo,11.96,12.3,3.421,3.0,0.158,0.263
PuriyaDhanashri#3,PuriyaDhanashri,M d N `S,PuriyaDhanashri/train_[GOdO8EKn-rs]_chunk1.mp3,GOdO8EKn-rs,5.71,7.08,3.429,3.0,0.0,0.429
PuriyaDhanashri#3,PuriyaDhanashri,M d N `S,PuriyaDhanashri/train_[GOdO8EKn-rs]_chunk1.mp3,GOdO8EKn-rs,12.14,12.44,3.438,3.0,0.0,0.438
PuriyaDhanashri#3,PuriyaDhanashri,M d N `S,PuriyaDhanashri/train_[weCnFtHhPWo]_chunk3.mp3,weCnFtHhPWo,2.08,2.44,3.444,3.0,0.0,0.444
PuriyaDhanashri#3,PuriyaDhanashri,M d N `S,PuriyaDhanashri/train_[weCnFtHhPWo]_chunk3.mp3,weCnFtHhPWo,6.67,7.0,3.474,3.0,0.0,0.474
PuriyaDhanashri#6,PuriyaDhanashri,P d P M G M r G,PuriyaDhanashri/train_[9X3vjQXx7xw]_chunk1.mp3,9X3vjQXx7xw,6.72,8.14,0.469,0.281,0.163,0.025
PuriyaDhanashri#6,PuriyaDhanashri,P d P M G M r G,PuriyaDhanashri/train_[9X3vjQXx7xw]_chunk0.mp3,9X3vjQXx7xw,1.24,2.38,0.659,0.462,0.161,0.036
PuriyaDhanashri#6,PuriyaDhanashri,P d P M G M r G,PuriyaDhanashri/train_[KP6Sz7Gxwtg]_chunk2.mp3,KP6Sz7Gxwtg,4.57,6.22,0.662,0.633,0.029,0.0
PuriyaDhanashri#6,PuriyaDhanashri,P d P M G M r G,PuriyaDhanashri/train_[bxI-gMlmf-E]_chunk1.mp3,bxI-gMlmf-E,7.75,9.0,1.146,0.9,0.211,0.035
PuriyaDhanashri#6,PuriyaDhanashri,P d P M G M r G,PuriyaDhanashri/train_[KP6Sz7Gxwtg]_chunk1.mp3,KP6Sz7Gxwtg,0.0,2.84,1.188,0.983,0.205,0.0
PuriyaDhanashri#6,PuriyaDhanashri,P d P M G M r G,PuriyaDhanashri/train_[0VB7jujlb5o]_chunk2.mp3,0VB7jujlb5o,10.51,12.39,1.558,1.41,0.148,0.0
PuriyaDhanashri#6,PuriyaDhanashri,P d P M G M r G,PuriyaDhanashri/train_[9X3vjQXx7xw]_chunk0.mp3,9X3vjQXx7xw,7.27,8.3,1.718,1.5,0.164,0.055
PuriyaDhanashri#6,PuriyaDhanashri,P d P M G M r G,PuriyaDhanashri/train_[0VB7jujlb5o]_chunk4.mp3,0VB7jujlb5o,8.25,10.06,1.862,0.47,0.363,0.029
PuriyaDhanashri#6,PuriyaDhanashri,P d P M G M r G,PuriyaDhanashri/train_[bxI-gMlmf-E]_chunk1.mp3,bxI-gMlmf-E,3.29,4.71,2.198,1.801,0.279,0.118
PuriyaDhanashri#6,PuriyaDhanashri,P d P M G M r G,PuriyaDhanashri/train_[9X3vjQXx7xw]_chunk0.mp3,9X3vjQXx7xw,11.8,12.44,2.287,2.231,0.056,0.0
PuriyaDhanashri#6,PuriyaDhanashri,P d P M G M r G,PuriyaDhanashri/train_[0VB7jujlb5o]_chunk4.mp3,0VB7jujlb5o,5.19,6.15,2.314,2.11,0.204,0.0
PuriyaDhanashri#6,PuriyaDhanashri,P d P M G M r G,PuriyaDhanashri/train_[KP6Sz7Gxwtg]_chunk4.mp3,KP6Sz7Gxwtg,2.7,3.7,2.572,2.383,0.189,0.0
PuriyaDhanashri#6,PuriyaDhanashri,P d P M G M r G,PuriyaDhanashri/train_[0VB7jujlb5o]_chunk4.mp3,0VB7jujlb5o,8.11,8.8,2.583,2.48,0.051,0.051
PuriyaDhanashri#6,PuriyaDhanashri,P d P M G M r G,PuriyaDhanashri/train_[KP6Sz7Gxwtg]_chunk4.mp3,KP6Sz7Gxwtg,14.86,16.62,2.993,2.892,0.091,0.01
PuriyaDhanashri#6,PuriyaDhanashri,P d P M G M r G,PuriyaDhanashri/train_[0VB7jujlb5o]_chunk0.mp3,0VB7jujlb5o,10.29,10.86,3.0,3.0,0.0,0.0
PuriyaDhanashri#6,PuriyaDhanashri,P d P M G M r G,PuriyaDhanashri/train_[0VB7jujlb5o]_chunk0.mp3,0VB7jujlb5o,5.16,5.72,3.0,3.0,0.0,0.0
PuriyaDhanashri#6,PuriyaDhanashri,P d P M G M r G,PuriyaDhanashri/train_[0VB7jujlb5o]_chunk0.mp3,0VB7jujlb5o,3.25,3.82,3.0,3.0,0.0,0.0
PuriyaDhanashri#6,PuriyaDhanashri,P d P M G M r G,PuriyaDhanashri/train_[0VB7jujlb5o]_chunk0.mp3,0VB7jujlb5o,2.86,3.43,3.0,3.0,0.0,0.0
PuriyaDhanashri#6,PuriyaDhanashri,P d P M G M r G,PuriyaDhanashri/train_[0VB7jujlb5o]_chunk0.mp3,0VB7jujlb5o,3.75,4.32,3.0,3.0,0.0,0.0
PuriyaDhanashri#6,PuriyaDhanashri,P d P M G M r G,PuriyaDhanashri/train_[0VB7jujlb5o]_chunk1.mp3,0VB7jujlb5o,17.88,18.45,3.0,3.0,0.0,0.0
PuriyaDhanashri#6,PuriyaDhanashri,P d P M G M r G,PuriyaDhanashri/train_[0VB7jujlb5o]_chunk1.mp3,0VB7jujlb5o,7.24,7.8,3.0,3.0,0.0,0.0
PuriyaDhanashri#6,PuriyaDhanashri,P d P M G M r G,PuriyaDhanashri/train_[0VB7jujlb5o]_chunk1.mp3,0VB7jujlb5o,6.79,7.36,3.0,3.0,0.0,0.0
PuriyaDhanashri#6,PuriyaDhanashri,P d P M G M r G,PuriyaDhanashri/train_[0VB7jujlb5o]_chunk1.mp3,0VB7jujlb5o,4.78,5.35,3.0,3.0,0.0,0.0
PuriyaDhanashri#6,PuriyaDhanashri,P d P M G M r G,PuriyaDhanashri/train_[0VB7jujlb5o]_chunk1.mp3,0VB7jujlb5o,6.4,6.97,3.0,3.0,0.0,0.0
PuriyaDhanashri#6,PuriyaDhanashri,P d P M G M r G,PuriyaDhanashri/train_[0VB7jujlb5o]_chunk2.mp3,0VB7jujlb5o,1.07,1.74,3.0,3.0,0.0,0.0
PuriyaDhanashri#6,PuriyaDhanashri,P d P M G M r G,PuriyaDhanashri/train_[0VB7jujlb5o]_chunk2.mp3,0VB7jujlb5o,9.28,9.85,3.0,3.0,0.0,0.0
PuriyaDhanashri#6,PuriyaDhanashri,P d P M G M r G,PuriyaDhanashri/train_[0VB7jujlb5o]_chunk2.mp3,0VB7jujlb5o,6.12,6.72,3.0,3.0,0.0,0.0
PuriyaDhanashri#6,PuriyaDhanashri,P d P M G M r G,PuriyaDhanashri/train_[0VB7jujlb5o]_chunk2.mp3,0VB7jujlb5o,7.38,7.95,3.0,3.0,0.0,0.0
PuriyaDhanashri#6,PuriyaDhanashri,P d P M G M r G,PuriyaDhanashri/train_[0VB7jujlb5o]_chunk3.mp3,0VB7jujlb5o,11.95,13.19,3.0,3.0,0.0,0.0
PuriyaDhanashri#6,PuriyaDhanashri,P d P M G M r G,PuriyaDhanashri/train_[0VB7jujlb5o]_chunk3.mp3,0VB7jujlb5o,3.04,3.7,3.0,3.0,0.0,0.0
PuriyaDhanashri#6,PuriyaDhanashri,P d P M G M r G,PuriyaDhanashri/train_[0VB7jujlb5o]_chunk3.mp3,0VB7jujlb5o,1.48,2.54,3.0,3.0,0.0,0.0
PuriyaDhanashri#6,PuriyaDhanashri,P d P M G M r G,PuriyaDhanashri/train_[0VB7jujlb5o]_chunk3.mp3,0VB7jujlb5o,1.28,2.4,3.0,3.0,0.0,0.0
PuriyaDhanashri#6,PuriyaDhanashri,P d P M G M r G,PuriyaDhanashri/train_[0VB7jujlb5o]_chunk3.mp3,0VB7jujlb5o,0.82,1.69,3.0,3.0,0.0,0.0
PuriyaDhanashri#6,PuriyaDhanashri,P d P M G M r G,PuriyaDhanashri/train_[0VB7jujlb5o]_chunk4.mp3,0VB7jujlb5o,11.66,12.23,3.0,3.0,0.0,0.0
PuriyaDhanashri#6,PuriyaDhanashri,P d P M G M r G,PuriyaDhanashri/train_[9X3vjQXx7xw]_chunk0.mp3,9X3vjQXx7xw,0.91,1.48,3.0,3.0,0.0,0.0
PuriyaDhanashri#6,PuriyaDhanashri,P d P M G M r G,PuriyaDhanashri/train_[9X3vjQXx7xw]_chunk0.mp3,9X3vjQXx7xw,0.21,0.78,3.0,3.0,0.0,0.0
PuriyaDhanashri#6,PuriyaDhanashri,P d P M G M r G,PuriyaDhanashri/train_[9X3vjQXx7xw]_chunk1.mp3,9X3vjQXx7xw,18.52,19.09,3.0,3.0,0.0,0.0
PuriyaDhanashri#6,PuriyaDhanashri,P d P M G M r G,PuriyaDhanashri/train_[9X3vjQXx7xw]_chunk1.mp3,9X3vjQXx7xw,0.07,0.68,3.0,3.0,0.0,0.0
PuriyaDhanashri#6,PuriyaDhanashri,P d P M G M r G,PuriyaDhanashri/train_[9X3vjQXx7xw]_chunk1.mp3,9X3vjQXx7xw,16.57,17.14,3.0,3.0,0.0,0.0
PuriyaDhanashri#6,PuriyaDhanashri,P d P M G M r G,PuriyaDhanashri/train_[9X3vjQXx7xw]_chunk1.mp3,9X3vjQXx7xw,1.33,1.9,3.0,3.0,0.0,0.0
PuriyaDhanashri#6,PuriyaDhanashri,P d P M G M r G,PuriyaDhanashri/train_[9X3vjQXx7xw]_chunk2.mp3,9X3vjQXx7xw,5.32,6.24,3.0,3.0,0.0,0.0
PuriyaDhanashri#6,PuriyaDhanashri,P d P M G M r G,PuriyaDhanashri/train_[9X3vjQXx7xw]_chunk2.mp3,9X3vjQXx7xw,10.2,10.93,3.0,3.0,0.0,0.0
PuriyaDhanashri#6,PuriyaDhanashri,P d P M G M r G,PuriyaDhanashri/train_[9X3vjQXx7xw]_chunk2.mp3,9X3vjQXx7xw,11.32,13.08,3.0,3.0,0.0,0.0
PuriyaDhanashri#6,PuriyaDhanashri,P d P M G M r G,PuriyaDhanashri/train_[9X3vjQXx7xw]_chunk2.mp3,9X3vjQXx7xw,10.74,12.02,3.0,3.0,0.0,0.0
PuriyaDhanashri#6,PuriyaDhanashri,P d P M G M r G,PuriyaDhanashri/train_[9X3vjQXx7xw]_chunk2.mp3,9X3vjQXx7xw,8.52,9.08,3.0,3.0,0.0,0.0
PuriyaDhanashri#6,PuriyaDhanashri,P d P M G M r G,PuriyaDhanashri/train_[9X3vjQXx7xw]_chunk3.mp3,9X3vjQXx7xw,7.57,8.14,3.0,3.0,0.0,0.0
PuriyaDhanashri#6,PuriyaDhanashri,P d P M G M r G,PuriyaDhanashri/train_[9X3vjQXx7xw]_chunk3.mp3,9X3vjQXx7xw,18.83,19.4,3.0,3.0,0.0,0.0
PuriyaDhanashri#6,PuriyaDhanashri,P d P M G M r G,PuriyaDhanashri/train_[9X3vjQXx7xw]_chunk3.mp3,9X3vjQXx7xw,0.37,0.94,3.0,3.0,0.0,0.0
PuriyaDhanashri#6,PuriyaDhanashri,P d P M G M r G,PuriyaDhanashri/train_[9X3vjQXx7xw]_chunk3.mp3,9X3vjQXx7xw,17.9,18.47,3.0,3.0,0.0,0.0
PuriyaDhanashri#6,PuriyaDhanashri,P d P M G M r G,PuriyaDhanashri/train_[9X3vjQXx7xw]_chunk4.mp3,9X3vjQXx7xw,19.08,19.64,3.0,3.0,0.0,0.0
PuriyaDhanashri#6,PuriyaDhanashri,P d P M G M r G,PuriyaDhanashri/train_[9X3vjQXx7xw]_chunk4.mp3,9X3vjQXx7xw,14.79,15.36,3.0,3.0,0.0,0.0
PuriyaDhanashri#6,PuriyaDhanashri,P d P M G M r G,PuriyaDhanashri/train_[9X3vjQXx7xw]_chunk4.mp3,9X3vjQXx7xw,1.69,2.26,3.0,3.0,0.0,0.0
PuriyaDhanashri#6,PuriyaDhanashri,P d P M G M r G,PuriyaDhanashri/train_[9X3vjQXx7xw]_chunk4.mp3,9X3vjQXx7xw,2.81,3.38,3.0,3.0,0.0,0.0
PuriyaDhanashri#6,PuriyaDhanashri,P d P M G M r G,PuriyaDhanashri/train_[9X3vjQXx7xw]_chunk4.mp3,9X3vjQXx7xw,15.64,16.21,3.0,3.0,0.0,0.0
PuriyaDhanashri#6,PuriyaDhanashri,P d P M G M r G,PuriyaDhanashri/train_[GOdO8EKn-rs]_chunk0.mp3,GOdO8EKn-rs,7.57,9.28,3.0,3.0,0.0,0.0
PuriyaDhanashri#6,PuriyaDhanashri,P d P M G M r G,PuriyaDhanashri/train_[GOdO8EKn-rs]_chunk0.mp3,GOdO8EKn-rs,6.49,7.57,3.0,3.0,0.0,0.0
PuriyaDhanashri#6,PuriyaDhanashri,P d P M G M r G,PuriyaDhanashri/train_[GOdO8EKn-rs]_chunk0.mp3,GOdO8EKn-rs,6.49,8.05,3.0,3.0,0.0,0.0
PuriyaDhanashri#6,PuriyaDhanashri,P d P M G M r G,PuriyaDhanashri/train_[GOdO8EKn-rs]_chunk0.mp3,GOdO8EKn-rs,19.09,19.66,3.0,3.0,0.0,0.0
PuriyaDhanashri#6,PuriyaDhanashri,P d P M G M r G,PuriyaDhanashri/train_[GOdO8EKn-rs]_chunk0.mp3,GOdO8EKn-rs,16.89,17.46,3.0,3.0,0.0,0.0
PuriyaDhanashri#6,PuriyaDhanashri,P d P M G M r G,PuriyaDhanashri/train_[GOdO8EKn-rs]_chunk1.mp3,GOdO8EKn-rs,12.6,13.33,3.0,3.0,0.0,0.0
PuriyaDhanashri#6,PuriyaDhanashri,P d P M G M r G,PuriyaDhanashri/train_[GOdO8EKn-rs]_chunk1.mp3,GOdO8EKn-rs,9.44,10.04,3.0,3.0,0.0,0.0
PuriyaDhanashri#6,PuriyaDhanashri,P d P M G M r G,PuriyaDhanashri/train_[GOdO8EKn-rs]_chunk1.mp3,GOdO8EKn-rs,8.55,9.12,3.0,3.0,0.0,0.0
PuriyaDhanashri#6,PuriyaDhanashri,P d P M G M r G,PuriyaDhanashri/train_[GOdO8EKn-rs]_chunk2.mp3,GOdO8EKn-rs,14.97,15.57,3.0,3.0,0.0,0.0
PuriyaDhanashri#6,PuriyaDhanashri,P d P M G M r G,PuriyaDhanashri/train_[GOdO8EKn-rs]_chunk2.mp3,GOdO8EKn-rs,3.56,4.12,3.0,3.0,0.0,0.0
PuriyaDhanashri#6,PuriyaDhanashri,P d P M G M r G,PuriyaDhanashri/train_[GOdO8EKn-rs]_chunk2.mp3,GOdO8EKn-rs,5.88,6.45,3.0,3.0,0.0,0.0
PuriyaDhanashri#6,PuriyaDhanashri,P d P M G M r G,PuriyaDhanashri/train_[GOdO8EKn-rs]_chunk2.mp3,GOdO8EKn-rs,3.09,3.66,3.0,3.0,0.0,0.0
PuriyaDhanashri#6,PuriyaDhanashri,P d P M G M r G,PuriyaDhanashri/train_[GOdO8EKn-rs]_chunk2.mp3,GOdO8EKn-rs,4.96,5.53,3.0,3.0,0.0,0.0
PuriyaDhanashri#6,PuriyaDhanashri,P d P M G M r G,PuriyaDhanashri/train_[GOdO8EKn-rs]_chunk3.mp3,GOdO8EKn-rs,1.21,1.78,3.0,3.0,0.0,0.0
PuriyaDhanashri#6,PuriyaDhanashri,P d P M G M r G,PuriyaDhanashri/train_[GOdO8EKn-rs]_chunk3.mp3,GOdO8EKn-rs,17.16,17.72,3.0,3.0,0.0,0.0
PuriyaDhanashri#6,PuriyaDhanashri,P d P M G M r G,PuriyaDhanashri/train_[GOdO8EKn-rs]_chunk4.mp3,GOdO8EKn-rs,18.92,19.52,3.0,3.0,0.0,0.0
PuriyaDhanashri#6,PuriyaDhanashri,P d P M G M r G,PuriyaDhanashri/train_[GOdO8EKn-rs]_chunk4.mp3,GOdO8EKn-rs,11.61,12.34,3.0,3.0,0.0,0.0
PuriyaDhanashri#6,PuriyaDhanashri,P d P M G M r G,PuriyaDhanashri/train_[GOdO8EKn-rs]_chunk4.mp3,GOdO8EKn-rs,18.58,19.18,3.0,3.0,0.0,0.0
PuriyaDhanashri#6,PuriyaDhanashri,P d P M G M r G,PuriyaDhanashri/train_[GOdO8EKn-rs]_chunk4.mp3,GOdO8EKn-rs,14.84,15.41,3.0,3.0,0.0,0.0
PuriyaDhanashri#6,PuriyaDhanashri,P d P M G M r G,PuriyaDhanashri/train_[GOdO8EKn-rs]_chunk4.mp3,GOdO8EKn-rs,18.28,18.84,3.0,3.0,0.0,0.0
PuriyaDhanashri#6,PuriyaDhanashri,P d P M G M r G,PuriyaDhanashri/train_[KP6Sz7Gxwtg]_chunk0.mp3,KP6Sz7Gxwtg,12.82,13.44,3.0,3.0,0.0,0.0
PuriyaDhanashri#6,PuriyaDhanashri,P d P M G M r G,PuriyaDhanashri/train_[KP6Sz7Gxwtg]_chunk0.mp3,KP6Sz7Gxwtg,5.72,6.35,3.0,3.0,0.0,0.0
PuriyaDhanashri#6,PuriyaDhanashri,P d P M G M r G,PuriyaDhanashri/train_[KP6Sz7Gxwtg]_chunk0.mp3,KP6Sz7Gxwtg,9.74,10.31,3.0,3.0,0.0,0.0
PuriyaDhanashri#6,PuriyaDhanashri,P d P M G M r G,PuriyaDhanashri/train_[KP6Sz7Gxwtg]_chunk0.mp3,KP6Sz7Gxwtg,17.85,18.54,3.0,3.0,0.0,0.0
PuriyaDhanashri#6,PuriyaDhanashri,P d P M G M r G,PuriyaDhanashri/train_[KP6Sz7Gxwtg]_chunk0.mp3,KP6Sz7Gxwtg,14.17,14.95,3.0,3.0,0.0,0.0
PuriyaDhanashri#6,PuriyaDhanashri,P d P M G M r G,PuriyaDhanashri/train_[KP6Sz7Gxwtg]_chunk1.mp3,KP6Sz7Gxwtg,19.2,19.89,3.0,3.0,0.0,0.0
PuriyaDhanashri#6,PuriyaDhanashri,P d P M G M r G,PuriyaDhanashri/train_[KP6Sz7Gxwtg]_chunk1.mp3,KP6Sz7Gxwtg,7.52,9.39,3.0,3.0,0.0,0.0
PuriyaDhanashri#6,PuriyaDhanashri,P d P M G M r G,PuriyaDhanashri/train_[KP6Sz7Gxwtg]_chunk1.mp3,KP6Sz7Gxwtg,0.0,1.44,3.0,3.0,0.0,0.0
PuriyaDhanashri#6,PuriyaDhanashri,P d P M G M r G,PuriyaDhanashri/train_[KP6Sz7Gxwtg]_chunk1.mp3,KP6Sz7Gxwtg,11.41,12.12,3.0,3.0,0.0,0.0
PuriyaDhanashri#6,PuriyaDhanashri,P d P M G M r G,PuriyaDhanashri/train_[KP6Sz7Gxwtg]_chunk2.mp3,KP6Sz7Gxwtg,8.3,8.94,3.0,3.0,0.0,0.0
PuriyaDhanashri#6,PuriyaDhanashri,P d P M G M r G,PuriyaDhanashri/train_[KP6Sz7Gxwtg]_chunk2.mp3,KP6Sz7Gxwtg,1.03,1.62,3.0,3.0,0.0,0.0
PuriyaDhanashri#6,PuriyaDhanashri,P d P M G M r G,PuriyaDhanashri/train_[KP6Sz7Gxwtg]_chunk2.mp3,KP6Sz7Gxwtg,7.91,8.57,3.0,3.0,0.0,0.0
PuriyaDhanashri#6,PuriyaDhanashri,P d P M G M r G,PuriyaDhanashri/train_[KP6Sz7Gxwtg]_chunk2.mp3,KP6Sz7Gxwtg,0.37,1.33,3.0,3.0,0.0,0.0
PuriyaDhanashri#6,PuriyaDhanashri,P d P M G M r G,PuriyaDhanashri/train_[KP6Sz7Gxwtg]_chunk3.mp3,KP6Sz7Gxwtg,3.09,3.66,3.0,3.0,0.0,0.0
PuriyaDhanashri#6,PuriyaDhanashri,P d P M G M r G,PuriyaDhanashri/train_[KP6Sz7Gxwtg]_chunk3.mp3,KP6Sz7Gxwtg,0.52,1.72,3.0,3.0,0.0,0.0
PuriyaDhanashri#6,PuriyaDhanashri,P d P M G M r G,PuriyaDhanashri/train_[KP6Sz7Gxwtg]_chunk3.mp3,KP6Sz7Gxwtg,11.84,12.41,3.0,3.0,0.0,0.0
PuriyaDhanashri#6,PuriyaDhanashri,P d P M G M r G,PuriyaDhanashri/train_[KP6Sz7Gxwtg]_chunk3.mp3,KP6Sz7Gxwtg,18.74,19.31,3.0,3.0,0.0,0.0
PuriyaDhanashri#6,PuriyaDhanashri,P d P M G M r G,PuriyaDhanashri/train_[KP6Sz7Gxwtg]_chunk3.mp3,KP6Sz7Gxwtg,17.32,17.88,3.0,3.0,0.0,0.0
PuriyaDhanashri#6,PuriyaDhanashri,P d P M G M r G,PuriyaDhanashri/train_[KP6Sz7Gxwtg]_chunk4.mp3,KP6Sz7Gxwtg,18.74,19.57,3.0,3.0,0.0,0.0
PuriyaDhanashri#6,PuriyaDhanashri,P d P M G M r G,PuriyaDhanashri/train_[KP6Sz7Gxwtg]_chunk4.mp3,KP6Sz7Gxwtg,18.4,18.99,3.0,3.0,0.0,0.0
PuriyaDhanashri#6,PuriyaDhanashri,P d P M G M r G,PuriyaDhanashri/train_[KP6Sz7Gxwtg]_chunk4.mp3,KP6Sz7Gxwtg,17.12,17.69,3.0,3.0,0.0,0.0
PuriyaDhanashri#6,PuriyaDhanashri,P d P M G M r G,PuriyaDhanashri/train_[bxI-gMlmf-E]_chunk0.mp3,bxI-gMlmf-E,3.5,4.12,3.0,3.0,0.0,0.0
PuriyaDhanashri#6,PuriyaDhanashri,P d P M G M r G,PuriyaDhanashri/train_[bxI-gMlmf-E]_chunk0.mp3,bxI-gMlmf-E,3.08,3.66,3.0,3.0,0.0,0.0
PuriyaDhanashri#6,PuriyaDhanashri,P d P M G M r G,PuriyaDhanashri/train_[bxI-gMlmf-E]_chunk0.mp3,bxI-gMlmf-E,1.33,1.94,3.0,3.0,0.0,0.0
PuriyaDhanashri#6,PuriyaDhanashri,P d P M G M r G,PuriyaDhanashri/train_[bxI-gMlmf-E]_chunk0.mp3,bxI-gMlmf-E,13.44,14.95,3.0,3.0,0.0,0.0
PuriyaDhanashri#6,PuriyaDhanashri,P d P M G M r G,PuriyaDhanashri/train_[bxI-gMlmf-E]_chunk0.mp3,bxI-gMlmf-E,16.96,18.2,3.0,3.0,0.0,0.0
PuriyaDhanashri#6,PuriyaDhanashri,P d P M G M r G,PuriyaDhanashri/train_[bxI-gMlmf-E]_chunk1.mp3,bxI-gMlmf-E,11.63,12.68,3.0,3.0,0.0,0.0
PuriyaDhanashri#6,PuriyaDhanashri,P d P M G M r G,PuriyaDhanashri/train_[bxI-gMlmf-E]_chunk1.mp3,bxI-gMlmf-E,6.22,7.0,3.0,3.0,0.0,0.0
PuriyaDhanashri#6,PuriyaDhanashri,P d P M G M r G,PuriyaDhanashri/train_[bxI-gMlmf-E]_chunk1.mp3,bxI-gMlmf-E,6.7,7.29,3.0,3.0,0.0,0.0
PuriyaDhanashri#6,PuriyaDhanashri,P d P M G M r G,PuriyaDhanashri/train_[bxI-gMlmf-E]_chunk2.mp3,bxI-gMlmf-E,15.77,16.39,3.0,3.0,0.0,0.0
PuriyaDhanashri#6,PuriyaDhanashri,P d P M G M r G,PuriyaDhanashri/train_[bxI-gMlmf-E]_chunk2.mp3,bxI-gMlmf-E,9.03,9.6,3.0,3.0,0.0,0.0
PuriyaDhanashri#6,PuriyaDhanashri,P d P M G M r G,PuriyaDhanashri/train_[bxI-gMlmf-E]_chunk2.mp3,bxI-gMlmf-E,12.48,13.05,3.0,3.0,0.0,0.0
PuriyaDhanashri#6,PuriyaDhanashri,P d P M G M r G,PuriyaDhanashri/train_[bxI-gMlmf-E]_chunk2.mp3,bxI-gMlmf-E,10.93,11.5,3.0,3.0,0.0,0.0
PuriyaDhanashri#6,PuriyaDhanashri,P d P M G M r G,PuriyaDhanashri/train_[bxI-gMlmf-E]_chunk2.mp3,bxI-gMlmf-E,13.08,13.65,3.0,3.0,0.0,0.0
PuriyaDhanashri#6,PuriyaDhanashri,P d P M G M r G,PuriyaDhanashri/train_[bxI-gMlmf-E]_chunk3.mp3,bxI-gMlmf-E,3.61,4.8,3.0,3.0,0.0,0.0
PuriyaDhanashri#6,PuriyaDhanashri,P d P M G M r G,PuriyaDhanashri/train_[bxI-gMlmf-E]_chunk3.mp3,bxI-gMlmf-E,0.62,1.51,3.0,3.0,0.0,0.0
PuriyaDhanashri#6,PuriyaDhanashri,P d P M G M r G,PuriyaDhanashri/train_[bxI-gMlmf-E]_chunk3.mp3,bxI-gMlmf-E,17.32,17.96,3.0,3.0,0.0,0.0
PuriyaDhanashri#6,PuriyaDhanashri,P d P M G M r G,PuriyaDhanashri/train_[bxI-gMlmf-E]_chunk4.mp3,bxI-gMlmf-E,15.86,16.59,3.0,3.0,0.0,0.0
PuriyaDhanashri#6,PuriyaDhanashri,P d P M G M r G,PuriyaDhanashri/train_[bxI-gMlmf-E]_chunk4.mp3,bxI-gMlmf-E,9.23,9.8,3.0,3.0,0.0,0.0
PuriyaDhanashri#6,PuriyaDhanashri,P d P M G M r G,PuriyaDhanashri/train_[bxI-gMlmf-E]_chunk4.mp3,bxI-gMlmf-E,5.56,6.13,3.0,3.0,0.0,0.0
PuriyaDhanashri#6,PuriyaDhanashri,P d P M G M r G,PuriyaDhanashri/train_[jPIl2G88w_A]_chunk0.mp3,jPIl2G88w_A,0.85,1.42,3.0,3.0,0.0,0.0
PuriyaDhanashri#6,PuriyaDhanashri,P d P M G M r G,PuriyaDhanashri/train_[jPIl2G88w_A]_chunk0.mp3,jPIl2G88w_A,0.44,1.03,3.0,3.0,0.0,0.0
PuriyaDhanashri#6,PuriyaDhanashri,P d P M G M r G,PuriyaDhanashri/train_[jPIl2G88w_A]_chunk0.mp3,jPIl2G88w_A,9.33,9.92,3.0,3.0,0.0,0.0
PuriyaDhanashri#6,PuriyaDhanashri,P d P M G M r G,PuriyaDhanashri/train_[jPIl2G88w_A]_chunk0.mp3,jPIl2G88w_A,0.14,0.8,3.0,3.0,0.0,0.0
PuriyaDhanashri#6,PuriyaDhanashri,P d P M G M r G,PuriyaDhanashri/train_[jPIl2G88w_A]_chunk0.mp3,jPIl2G88w_A,3.4,3.96,3.0,3.0,0.0,0.0
PuriyaDhanashri#6,PuriyaDhanashri,P d P M G M r G,PuriyaDhanashri/train_[jPIl2G88w_A]_chunk1.mp3,jPIl2G88w_A,16.6,17.42,3.0,3.0,0.0,0.0
PuriyaDhanashri#6,PuriyaDhanashri,P d P M G M r G,PuriyaDhanashri/train_[jPIl2G88w_A]_chunk1.mp3,jPIl2G88w_A,9.8,10.36,3.0,3.0,0.0,0.0
PuriyaDhanashri#6,PuriyaDhanashri,P d P M G M r G,PuriyaDhanashri/train_[jPIl2G88w_A]_chunk1.mp3,jPIl2G88w_A,4.76,5.4,3.0,3.0,0.0,0.0
PuriyaDhanashri#6,PuriyaDhanashri,P d P M G M r G,PuriyaDhanashri/train_[jPIl2G88w_A]_chunk1.mp3,jPIl2G88w_A,15.36,15.93,3.0,3.0,0.0,0.0
PuriyaDhanashri#6,PuriyaDhanashri,P d P M G M r G,PuriyaDhanashri/train_[jPIl2G88w_A]_chunk1.mp3,jPIl2G88w_A,14.76,15.32,3.0,3.0,0.0,0.0
PuriyaDhanashri#6,PuriyaDhanashri,P d P M G M r G,PuriyaDhanashri/train_[jPIl2G88w_A]_chunk2.mp3,jPIl2G88w_A,5.69,6.31,3.0,3.0,0.0,0.0
PuriyaDhanashri#6,PuriyaDhanashri,P d P M G M r G,PuriyaDhanashri/train_[jPIl2G88w_A]_chunk2.mp3,jPIl2G88w_A,1.05,1.62,3.0,3.0,0.0,0.0
PuriyaDhanashri#6,PuriyaDhanashri,P d P M G M r G,PuriyaDhanashri/train_[jPIl2G88w_A]_chunk2.mp3,jPIl2G88w_A,2.13,2.7,3.0,3.0,0.0,0.0
PuriyaDhanashri#6,PuriyaDhanashri,P d P M G M r G,PuriyaDhanashri/train_[jPIl2G88w_A]_chunk2.mp3,jPIl2G88w_A,13.97,14.54,3.0,3.0,0.0,0.0
PuriyaDhanashri#6,PuriyaDhanashri,P d P M G M r G,PuriyaDhanashri/train_[jPIl2G88w_A]_chunk3.mp3,jPIl2G88w_A,5.69,6.28,3.0,3.0,0.0,0.0
PuriyaDhanashri#6,PuriyaDhanashri,P d P M G M r G,PuriyaDhanashri/train_[jPIl2G88w_A]_chunk3.mp3,jPIl2G88w_A,3.0,3.59,3.0,3.0,0.0,0.0
PuriyaDhanashri#6,PuriyaDhanashri,P d P M G M r G,PuriyaDhanashri/train_[jPIl2G88w_A]_chunk3.mp3,jPIl2G88w_A,1.07,1.64,3.0,3.0,0.0,0.0
PuriyaDhanashri#6,PuriyaDhanashri,P d P M G M r G,PuriyaDhanashri/train_[jPIl2G88w_A]_chunk3.mp3,jPIl2G88w_A,5.24,5.81,3.0,3.0,0.0,0.0
PuriyaDhanashri#6,PuriyaDhanashri,P d P M G M r G,PuriyaDhanashri/train_[jPIl2G88w_A]_chunk3.mp3,jPIl2G88w_A,0.75,1.32,3.0,3.0,0.0,0.0
PuriyaDhanashri#6,PuriyaDhanashri,P d P M G M r G,PuriyaDhanashri/train_[jPIl2G88w_A]_chunk4.mp3,jPIl2G88w_A,15.59,16.16,3.0,3.0,0.0,0.0
PuriyaDhanashri#6,PuriyaDhanashri,P d P M G M r G,PuriyaDhanashri/train_[jPIl2G88w_A]_chunk4.mp3,jPIl2G88w_A,9.9,10.47,3.0,3.0,0.0,0.0
PuriyaDhanashri#6,PuriyaDhanashri,P d P M G M r G,PuriyaDhanashri/train_[jPIl2G88w_A]_chunk4.mp3,jPIl2G88w_A,9.53,10.1,3.0,3.0,0.0,0.0
PuriyaDhanashri#6,PuriyaDhanashri,P d P M G M r G,PuriyaDhanashri/train_[weCnFtHhPWo]_chunk0.mp3,weCnFtHhPWo,6.04,6.72,3.0,3.0,0.0,0.0
PuriyaDhanashri#6,PuriyaDhanashri,P d P M G M r G,PuriyaDhanashri/train_[weCnFtHhPWo]_chunk0.mp3,weCnFtHhPWo,6.74,8.3,3.0,3.0,0.0,0.0
PuriyaDhanashri#6,PuriyaDhanashri,P d P M G M r G,PuriyaDhanashri/train_[weCnFtHhPWo]_chunk0.mp3,weCnFtHhPWo,9.46,10.51,3.0,3.0,0.0,0.0
PuriyaDhanashri#6,PuriyaDhanashri,P d P M G M r G,PuriyaDhanashri/train_[weCnFtHhPWo]_chunk0.mp3,weCnFtHhPWo,12.57,13.21,3.0,3.0,0.0,0.0
PuriyaDhanashri#6,PuriyaDhanashri,P d P M G M r G,PuriyaDhanashri/train_[weCnFtHhPWo]_chunk0.mp3,weCnFtHhPWo,17.51,18.63,3.0,3.0,0.0,0.0
PuriyaDhanashri#6,PuriyaDhanashri,P d P M G M r G,PuriyaDhanashri/train_[weCnFtHhPWo]_chunk1.mp3,weCnFtHhPWo,0.0,0.66,3.0,3.0,0.0,0.0
PuriyaDhanashri#6,PuriyaDhanashri,P d P M G M r G,PuriyaDhanashri/train_[weCnFtHhPWo]_chunk1.mp3,weCnFtHhPWo,14.06,14.63,3.0,3.0,0.0,0.0
PuriyaDhanashri#6,PuriyaDhanashri,P d P M G M r G,PuriyaDhanashri/train_[weCnFtHhPWo]_chunk1.mp3,weCnFtHhPWo,4.64,5.21,3.0,3.0,0.0,0.0
PuriyaDhanashri#6,PuriyaDhanashri,P d P M G M r G,PuriyaDhanashri/train_[weCnFtHhPWo]_chunk1.mp3,weCnFtHhPWo,7.59,8.16,3.0,3.0,0.0,0.0
PuriyaDhanashri#6,PuriyaDhanashri,P d P M G M r G,PuriyaDhanashri/train_[weCnFtHhPWo]_chunk1.mp3,weCnFtHhPWo,10.42,10.99,3.0,3.0,0.0,0.0
PuriyaDhanashri#6,PuriyaDhanashri,P d P M G M r G,PuriyaDhanashri/train_[weCnFtHhPWo]_chunk2.mp3,weCnFtHhPWo,19.15,20.0,3.0,3.0,0.0,0.0
PuriyaDhanashri#6,PuriyaDhanashri,P d P M G M r G,PuriyaDhanashri/train_[weCnFtHhPWo]_chunk2.mp3,weCnFtHhPWo,15.61,16.21,3.0,3.0,0.0,0.0
PuriyaDhanashri#6,PuriyaDhanashri,P d P M G M r G,PuriyaDhanashri/train_[weCnFtHhPWo]_chunk2.mp3,weCnFtHhPWo,10.74,11.31,3.0,3.0,0.0,0.0
PuriyaDhanashri#6,PuriyaDhanashri,P d P M G M r G,PuriyaDhanashri/train_[weCnFtHhPWo]_chunk2.mp3,weCnFtHhPWo,6.4,6.97,3.0,3.0,0.0,0.0
PuriyaDhanashri#6,PuriyaDhanashri,P d P M G M r G,PuriyaDhanashri/train_[weCnFtHhPWo]_chunk2.mp3,weCnFtHhPWo,11.77,12.34,3.0,3.0,0.0,0.0
PuriyaDhanashri#6,PuriyaDhanashri,P d P M G M r G,PuriyaDhanashri/train_[weCnFtHhPWo]_chunk3.mp3,weCnFtHhPWo,5.55,6.17,3.0,3.0,0.0,0.0
PuriyaDhanashri#6,PuriyaDhanashri,P d P M G M r G,PuriyaDhanashri/train_[weCnFtHhPWo]_chunk3.mp3,weCnFtHhPWo,9.44,10.01,3.0,3.0,0.0,0.0
PuriyaDhanashri#6,PuriyaDhanashri,P d P M G M r G,PuriyaDhanashri/train_[weCnFtHhPWo]_chunk4.mp3,weCnFtHhPWo,18.52,19.2,3.0,3.0,0.0,0.0
PuriyaDhanashri#6,PuriyaDhanashri,P d P M G M r G,PuriyaDhanashri/train_[weCnFtHhPWo]_chunk4.mp3,weCnFtHhPWo,18.03,18.67,3.0,3.0,0.0,0.0
PuriyaDhanashri#6,PuriyaDhanashri,P d P M G M r G,PuriyaDhanashri/train_[bxI-gMlmf-E]_chunk4.mp3,bxI-gMlmf-E,9.55,10.26,3.025,3.0,0.025,0.0
PuriyaDhanashri#6,PuriyaDhanashri,P d P M G M r G,PuriyaDhanashri/train_[jPIl2G88w_A]_chunk4.mp3,jPIl2G88w_A,0.07,0.76,3.028,3.0,0.028,0.0
PuriyaDhanashri#6,PuriyaDhanashri,P d P M G M r G,PuriyaDhanashri/train_[GOdO8EKn-rs]_chunk3.mp3,GOdO8EKn-rs,0.05,0.68,3.029,3.0,0.029,0.0
PuriyaDhanashri#6,PuriyaDhanashri,P d P M G M r G,PuriyaDhanashri/train_[9X3vjQXx7xw]_chunk3.mp3,9X3vjQXx7xw,0.0,0.57,3.031,3.0,0.0,0.031
PuriyaDhanashri#6,PuriyaDhanashri,P d P M G M r G,PuriyaDhanashri/train_[GOdO8EKn-rs]_chunk3.mp3,GOdO8EKn-rs,4.39,4.96,3.031,3.0,0.0,0.031
PuriyaDhanashri#6,PuriyaDhanashri,P d P M G M r G,PuriyaDhanashri/train_[jPIl2G88w_A]_chunk2.mp3,jPIl2G88w_A,3.7,4.27,3.031,3.0,0.0,0.031
PuriyaDhanashri#6,PuriyaDhanashri,P d P M G M r G,PuriyaDhanashri/train_[bxI-gMlmf-E]_chunk4.mp3,bxI-gMlmf-E,16.05,17.8,3.041,3.0,0.0,0.041
PuriyaDhanashri#6,PuriyaDhanashri,P d P M G M r G,PuriyaDhanashri/train_[jPIl2G88w_A]_chunk4.mp3,jPIl2G88w_A,16.91,17.49,3.061,3.0,0.0,0.061
PuriyaDhanashri#6,PuriyaDhanashri,P d P M G M r G,PuriyaDhanashri/train_[weCnFtHhPWo]_chunk3.mp3,weCnFtHhPWo,1.21,1.8,3.061,3.0,0.0,0.061
PuriyaDhanashri#6,PuriyaDhanashri,P d P M G M r G,PuriyaDhanashri/train_[GOdO8EKn-rs]_chunk1.mp3,GOdO8EKn-rs,11.02,11.59,3.062,3.0,0.0,0.062
PuriyaDhanashri#6,PuriyaDhanashri,P d P M G M r G,PuriyaDhanashri/train_[0VB7jujlb5o]_chunk4.mp3,0VB7jujlb5o,1.21,1.88,3.079,3.0,0.079,0.0
PuriyaDhanashri#6,PuriyaDhanashri,P d P M G M r G,PuriyaDhanashri/train_[GOdO8EKn-rs]_chunk1.mp3,GOdO8EKn-rs,5.19,5.76,3.094,3.0,0.0,0.094
PuriyaDhanashri#6,PuriyaDhanashri,P d P M G M r G,PuriyaDhanashri/train_[bxI-gMlmf-E]_chunk3.mp3,bxI-gMlmf-E,0.84,2.33,3.11,3.0,0.0,0.11
PuriyaDhanashri#6,PuriyaDhanashri,P d P M G M r G,PuriyaDhanashri/train_[GOdO8EKn-rs]_chunk3.mp3,GOdO8EKn-rs,15.27,15.84,3.125,3.0,0.0,0.125
PuriyaDhanashri#6,PuriyaDhanashri,P d P M G M r G,PuriyaDhanashri/train_[weCnFtHhPWo]_chunk3.mp3,weCnFtHhPWo,13.87,15.15,3.194,3.0,0.083,0.111
PuriyaDhanashri#6,PuriyaDhanashri,P d P M G M r G,PuriyaDhanashri/train_[bxI-gMlmf-E]_chunk3.mp3,bxI-gMlmf-E,2.08,3.34,3.196,3.0,0.036,0.161
PuriyaDhanashri#6,PuriyaDhanashri,P d P M G M r G,PuriyaDhanashri/train_[weCnFtHhPWo]_chunk4.mp3,weCnFtHhPWo,10.36,11.15,3.25,3.0,0.0,0.25
PuriyaDhanashri#6,PuriyaDhanashri,P d P M G M r G,PuriyaDhanashri/train_[weCnFtHhPWo]_chunk3.mp3,weCnFtHhPWo,16.85,17.65,3.267,3.0,0.267,0.0
PuriyaDhanashri#6,PuriyaDhanashri,P d P M G M r G,PuriyaDhanashri/train_[weCnFtHhPWo]_chunk4.mp3,weCnFtHhPWo,2.06,2.84,3.273,3.0,0.091,0.182
PuriyaDhanashri#6,PuriyaDhanashri,P d P M G M r G,PuriyaDhanashri/train_[weCnFtHhPWo]_chunk4.mp3,weCnFtHhPWo,9.48,10.1,3.529,3.0,0.059,0.471
Shree#0,Shree,"S ,N r",Shree/train_[1EcRrZvc52o]_chunk0.mp3,1EcRrZvc52o,4.52,5.4,0.0,0.0,0.0,0.0
Shree#0,Shree,"S ,N r",Shree/train_[1EcRrZvc52o]_chunk0.mp3,1EcRrZvc52o,10.7,11.09,0.0,0.0,0.0,0.0
Shree#0,Shree,"S ,N r",Shree/train_[GM3CVRpZlNI]_chunk0.mp3,GM3CVRpZlNI,15.22,15.91,0.0,0.0,0.0,0.0
Shree#0,Shree,"S ,N r",Shree/train_[GM3CVRpZlNI]_chunk2.mp3,GM3CVRpZlNI,2.68,3.63,0.0,0.0,0.0,0.0
Shree#0,Shree,"S ,N r",Shree/train_[GM3CVRpZlNI]_chunk2.mp3,GM3CVRpZlNI,10.97,11.34,0.0,0.0,0.0,0.0
Shree#0,Shree,"S ,N r",Shree/train_[GM3CVRpZlNI]_chunk2.mp3,GM3CVRpZlNI,13.87,14.33,0.0,0.0,0.0,0.0
Shree#0,Shree,"S ,N r",Shree/train_[GM3CVRpZlNI]_chunk2.mp3,GM3CVRpZlNI,12.71,13.12,0.0,0.0,0.0,0.0
Shree#0,Shree,"S ,N r",Shree/train_[GM3CVRpZlNI]_chunk2.mp3,GM3CVRpZlNI,5.58,5.88,0.0,0.0,0.0,0.0
Shree#0,Shree,"S ,N r",Shree/train_[SCjQC_Bwwdw]_chunk0.mp3,SCjQC_Bwwdw,14.79,15.31,0.0,0.0,0.0,0.0
Shree#0,Shree,"S ,N r",Shree/train_[SCjQC_Bwwdw]_chunk2.mp3,SCjQC_Bwwdw,15.36,15.61,0.0,0.0,0.0,0.0
Shree#0,Shree,"S ,N r",Shree/train_[Ub1m8mVxvT0]_chunk0.mp3,Ub1m8mVxvT0,1.71,2.1,0.0,0.0,0.0,0.0
Shree#0,Shree,"S ,N r",Shree/train_[Ub1m8mVxvT0]_chunk0.mp3,Ub1m8mVxvT0,14.9,16.59,0.0,0.0,0.0,0.0
Shree#0,Shree,"S ,N r",Shree/train_[Ub1m8mVxvT0]_chunk2.mp3,Ub1m8mVxvT0,0.91,1.23,0.0,0.0,0.0,0.0
Shree#0,Shree,"S ,N r",Shree/train_[Ub1m8mVxvT0]_chunk3.mp3,Ub1m8mVxvT0,3.59,3.91,0.0,0.0,0.0,0.0
Shree#0,Shree,"S ,N r",Shree/train_[Ub1m8mVxvT0]_chunk4.mp3,Ub1m8mVxvT0,1.74,2.19,0.0,0.0,0.0,0.0
Shree#0,Shree,"S ,N r",Shree/train_[Ub1m8mVxvT0]_chunk4.mp3,Ub1m8mVxvT0,12.0,12.52,0.0,0.0,0.0,0.0
Shree#0,Shree,"S ,N r",Shree/train_[Ub1m8mVxvT0]_chunk4.mp3,Ub1m8mVxvT0,3.43,3.79,0.0,0.0,0.0,0.0
Shree#0,Shree,"S ,N r",Shree/train_[YyJuFUz-kro]_chunk2.mp3,YyJuFUz-kro,3.16,3.89,0.0,0.0,0.0,0.0
Shree#0,Shree,"S ,N r",Shree/train_[YyJuFUz-kro]_chunk4.mp3,YyJuFUz-kro,19.48,19.72,0.0,0.0,0.0,0.0
Shree#0,Shree,"S ,N r",Shree/train_[cPwiWDJa9OA]_chunk1.mp3,cPwiWDJa9OA,19.54,19.91,0.0,0.0,0.0,0.0
Shree#0,Shree,"S ,N r",Shree/train_[pj--WoH0bow]_chunk0.mp3,pj--WoH0bow,15.47,15.7,0.004,0.004,0.0,0.0
Shree#0,Shree,"S ,N r",Shree/train_[GM3CVRpZlNI]_chunk3.mp3,GM3CVRpZlNI,5.88,6.13,0.01,0.01,0.0,0.0
Shree#0,Shree,"S ,N r",Shree/train_[8xKjNTc8MGI]_chunk4.mp3,8xKjNTc8MGI,5.51,5.72,0.018,0.018,0.0,0.0
Shree#0,Shree,"S ,N r",Shree/train_[8xKjNTc8MGI]_chunk1.mp3,8xKjNTc8MGI,17.6,17.83,0.018,0.018,0.0,0.0
Shree#0,Shree,"S ,N r",Shree/train_[Ub1m8mVxvT0]_chunk3.mp3,Ub1m8mVxvT0,6.95,7.29,0.022,0.022,0.0,0.0
Shree#0,Shree,"S ,N r",Shree/train_[YyJuFUz-kro]_chunk3.mp3,YyJuFUz-kro,2.51,3.24,0.026,0.026,0.0,0.0
Shree#0,Shree,"S ,N r",Shree/train_[Nh9dUYUgf8Y]_chunk0.mp3,Nh9dUYUgf8Y,16.07,18.15,0.042,0.0,0.042,0.0
Shree#0,Shree,"S ,N r",Shree/train_[YyJuFUz-kro]_chunk2.mp3,YyJuFUz-kro,9.56,10.06,0.043,0.0,0.043,0.0
Shree#0,Shree,"S ,N r",Shree/train_[cPwiWDJa9OA]_chunk2.mp3,cPwiWDJa9OA,10.72,11.06,0.044,0.044,0.0,0.0
Shree#0,Shree,"S ,N r",Shree/train_[Ub1m8mVxvT0]_chunk0.mp3,Ub1m8mVxvT0,11.54,12.46,0.048,0.0,0.048,0.0
Shree#0,Shree,"S ,N r",Shree/train_[pj--WoH0bow]_chunk2.mp3,pj--WoH0bow,16.73,17.1,0.054,0.054,0.0,0.0
Shree#0,Shree,"S ,N r",Shree/train_[1EcRrZvc52o]_chunk3.mp3,1EcRrZvc52o,16.07,16.28,0.059,0.059,0.0,0.0
Shree#0,Shree,"S ,N r",Shree/train_[YyJuFUz-kro]_chunk4.mp3,YyJuFUz-kro,4.18,4.41,0.061,0.061,0.0,0.0
Shree#0,Shree,"S ,N r",Shree/train_[YyJuFUz-kro]_chunk1.mp3,YyJuFUz-kro,11.18,11.96,0.061,0.061,0.0,0.0
Shree#0,Shree,"S ,N r",Shree/train_[YyJuFUz-kro]_chunk2.mp3,YyJuFUz-kro,3.16,3.89,0.071,0.0,0.071,0.0
Shree#0,Shree,"S ,N r",Shree/train_[Ub1m8mVxvT0]_chunk3.mp3,Ub1m8mVxvT0,6.08,6.54,0.072,0.072,0.0,0.0
Shree#0,Shree,"S ,N r",Shree/train_[Ub1m8mVxvT0]_chunk3.mp3,Ub1m8mVxvT0,11.7,12.71,0.072,0.072,0.0,0.0
Shree#0,Shree,"S ,N r",Shree/train_[Ub1m8mVxvT0]_chunk3.mp3,Ub1m8mVxvT0,17.39,17.88,0.072,0.072,0.0,0.0
Shree#0,Shree,"S ,N r",Shree/train_[Ub1m8mVxvT0]_chunk4.mp3,Ub1m8mVxvT0,18.6,18.95,0.072,0.072,0.0,0.0
Shree#0,Shree,"S ,N r",Shree/train_[YyJuFUz-kro]_chunk1.mp3,YyJuFUz-kro,8.76,9.78,0.073,0.026,0.048,0.0
Shree#0,Shree,"S ,N r",Shree/train_[8xKjNTc8MGI]_chunk0.mp3,8xKjNTc8MGI,6.58,6.79,0.083,0.0,0.0,0.083
Shree#0,Shree,"S ,N r",Shree/train_[1EcRrZvc52o]_chunk0.mp3,1EcRrZvc52o,11.09,12.41,0.088,0.059,0.029,0.0
Shree#0,Shree,"S ,N r",Shree/train_[GM3CVRpZlNI]_chunk0.mp3,GM3CVRpZlNI,17.28,17.55,0.09,0.09,0.0,0.0
Shree#0,Shree,"S ,N r",Shree/train_[8xKjNTc8MGI]_chunk0.mp3,8xKjNTc8MGI,3.86,4.25,0.091,0.0,0.0,0.091
Shree#0,Shree,"S ,N r",Shree/train_[Nh9dUYUgf8Y]_chunk1.mp3,Nh9dUYUgf8Y,13.83,16.37,0.096,0.0,0.096,0.0
Shree#0,Shree,"S ,N r",Shree/train_[cPwiWDJa9OA]_chunk0.mp3,cPwiWDJa9OA,0.91,1.12,0.105,0.105,0.0,0.0
Shree#0,Shree,"S ,N r",Shree/train_[Ub1m8mVxvT0]_chunk2.mp3,Ub1m8mVxvT0,15.11,15.47,0.118,0.0,0.118,0.0
Shree#0,Shree,"S ,N r",Shree/train_[1EcRrZvc52o]_chunk2.mp3,1EcRrZvc52o,5.85,6.47,0.119,0.119,0.0,0.0
Shree#0,Shree,"S ,N r",Shree/train_[8xKjNTc8MGI]_chunk1.mp3,8xKjNTc8MGI,11.48,11.77,0.125,0.0,0.125,0.0
Shree#0,Shree,"S ,N r",Shree/train_[YyJuFUz-kro]_chunk1.mp3,YyJuFUz-kro,11.18,11.96,0.133,0.061,0.071,0.0
Shree#0,Shree,"S ,N r",Shree/train_[YyJuFUz-kro]_chunk1.mp3,YyJuFUz-kro,11.18,11.96,0.138,0.061,0.077,0.0
Shree#0,Shree,"S ,N r",Shree/train_[YyJuFUz-kro]_chunk2.mp3,YyJuFUz-kro,7.61,8.07,0.15,0.0,0.0,0.15
Shree#0,Shree,"S ,N r",Shree/train_[8xKjNTc8MGI]_chunk3.mp3,8xKjNTc8MGI,15.98,16.2,0.15,0.15,0.0,0.0
Shree#0,Shree,"S ,N r",Shree/train_[cPwiWDJa9OA]_chunk1.mp3,cPwiWDJa9OA,18.1,18.61,0.161,0.094,0.067,0.0
Shree#0,Shree,"S ,N r",Shree/train_[8xKjNTc8MGI]_chunk3.mp3,8xKjNTc8MGI,1.88,2.13,0.168,0.168,0.0,0.0
Shree#0,Shree,"S ,N r",Shree/train_[8xKjNTc8MGI]_chunk3.mp3,8xKjNTc8MGI,12.2,12.43,0.168,0.168,0.0,0.0
Shree#0,Shree,"S ,N r",Shree/train_[8xKjNTc8MGI]_chunk2.mp3,8xKjNTc8MGI,4.52,4.75,0.168,0.168,0.0,0.0
Shree#0,Shree,"S ,N r",Shree/train_[cPwiWDJa9OA]_chunk3.mp3,cPwiWDJa9OA,4.12,4.39,0.177,0.105,0.071,0.0
Shree#0,Shree,"S ,N r",Shree/train_[8xKjNTc8MGI]_chunk3.mp3,8xKjNTc8MGI,16.11,16.36,0.187,0.187,0.0,0.0
Shree#0,Shree,"S ,N r",Shree/train_[GM3CVRpZlNI]_chunk0.mp3,GM3CVRpZlNI,1.8,2.17,0.19,0.0,0.19,0.0
Shree#0,Shree,"S ,N r",Shree/train_[cPwiWDJa9OA]_chunk4.mp3,cPwiWDJa9OA,15.47,15.68,0.211,0.211,0.0,0.0
Shree#0,Shree,"S ,N r",Shree/train_[cPwiWDJa9OA]_chunk3.mp3,cPwiWDJa9OA,9.28,9.49,0.211,0.211,0.0,0.0
Shree#0,Shree,"S ,N r",Shree/train_[YyJuFUz-kro]_chunk4.mp3,YyJuFUz-kro,16.11,16.32,0.223,0.223,0.0,0.0
Shree#0,Shree,"S ,N r",Shree/train_[Ub1m8mVxvT0]_chunk4.mp3,Ub1m8mVxvT0,0.69,1.0,0.228,0.228,0.0,0.0
Shree#0,Shree,"S ,N r",Shree/train_[1EcRrZvc52o]_chunk2.mp3,1EcRrZvc52o,14.22,14.47,0.231,0.231,0.0,0.0
Shree#0,Shree,"S ,N r",Shree/train_[YyJuFUz-kro]_chunk1.mp3,YyJuFUz-kro,11.16,11.96,0.239,0.239,0.0,0.0
Shree#0,Shree,"S ,N r",Shree/train_[SCjQC_Bwwdw]_chunk1.mp3,SCjQC_Bwwdw,6.7,7.02,0.239,0.072,0.0,0.167
Shree#0,Shree,"S ,N r",Shree/train_[cPwiWDJa9OA]_chunk0.mp3,cPwiWDJa9OA,3.45,3.8,0.261,0.205,0.056,0.0
Shree#0,Shree,"S ,N r",Shree/train_[8xKjNTc8MGI]_chunk1.mp3,8xKjNTc8MGI,18.79,19.02,0.268,0.268,0.0,0.0
Shree#0,Shree,"S ,N r",Shree/train_[1EcRrZvc52o]_chunk0.mp3,1EcRrZvc52o,11.09,11.47,0.269,0.269,0.0,0.0
Shree#0,Shree,"S ,N r",Shree/train_[1EcRrZvc52o]_chunk3.mp3,1EcRrZvc52o,3.72,3.95,0.269,0.269,0.0,0.0
Shree#0,Shree,"S ,N r",Shree/train_[cPwiWDJa9OA]_chunk4.mp3,cPwiWDJa9OA,19.09,19.7,0.278,0.145,0.133,0.0
Shree#0,Shree,"S ,N r",Shree/train_[8xKjNTc8MGI]_chunk4.mp3,8xKjNTc8MGI,11.75,11.96,0.287,0.287,0.0,0.0
Shree#0,Shree,"S ,N r",Shree/train_[Ub1m8mVxvT0]_chunk1.mp3,Ub1m8mVxvT0,10.35,11.88,0.296,0.0,0.296,0.0
Shree#0,Shree,"S ,N r",Shree/train_[Nh9dUYUgf8Y]_chunk4.mp3,Nh9dUYUgf8Y,10.56,10.86,0.312,0.312,0.0,0.0
Shree#0,Shree,"S ,N r",Shree/train_[1EcRrZvc52o]_chunk4.mp3,1EcRrZvc52o,16.46,16.68,0.331,0.081,0.0,0.25
Shree#0,Shree,"S ,N r",Shree/train_[1EcRrZvc52o]_chunk3.mp3,1EcRrZvc52o,17.99,18.35,0.333,0.0,0.333,0.0
Shree#0,Shree,"S ,N r",Shree/train_[YyJuFUz-kro]_chunk4.mp3,YyJuFUz-kro,19.27,19.56,0.335,0.273,0.062,0.0
Shree#0,Shree,"S ,N r",Shree/train_[Nh9dUYUgf8Y]_chunk4.mp3,Nh9dUYUgf8Y,15.11,15.32,0.338,0.338,0.0,0.0
Shree#0,Shree,"S ,N r",Shree/train_[YyJuFUz-kro]_chunk4.mp3,YyJuFUz-kro,5.74,5.96,0.339,0.339,0.0,0.0
Shree#0,Shree,"S ,N r",Shree/train_[1EcRrZvc52o]_chunk4.mp3,1EcRrZvc52o,0.57,0.8,0.341,0.341,0.0,0.0
Shree#0,Shree,"S ,N r",Shree/train_[cPwiWDJa9OA]_chunk4.mp3,cPwiWDJa9OA,7.24,7.5,0.344,0.211,0.133,0.0
Shree#0,Shree,"S ,N r",Shree/train_[YyJuFUz-kro]_chunk2.mp3,YyJuFUz-kro,3.16,3.89,0.361,0.361,0.0,0.0
Shree#0,Shree,"S ,N r",Shree/train_[cPwiWDJa9OA]_chunk1.mp3,cPwiWDJa9OA,1.51,1.94,0.388,0.311,0.077,0.0
Shree#0,Shree,"S ,N r",Shree/train_[1EcRrZvc52o]_chunk4.mp3,1EcRrZvc52o,15.98,16.34,0.4,0.2,0.2,0.0
Shree#0,Shree,"S ,N r",Shree/train_[Ub1m8mVxvT0]_chunk1.mp3,Ub1m8mVxvT0,10.35,11.84,0.408,0.128,0.28,0.0
Shree#0,Shree,"S ,N r",Shree/train_[Ub1m8mVxvT0]_chunk0.mp3,Ub1m8mVxvT0,5.97,7.25,0.428,0.428,0.0,0.0
Shree#0,Shree,"S ,N r",Shree/train_[1EcRrZvc52o]_chunk1.mp3,1EcRrZvc52o,17.05,18.74,0.437,0.382,0.056,0.0
Shree#0,Shree,"S ,N r",Shree/train_[8xKjNTc8MGI]_chunk1.mp3,8xKjNTc8MGI,12.78,13.01,0.44,0.363,0.077,0.0
Shree#0,Shree,"S ,N r",Shree/train_[1EcRrZvc52o]_chunk4.mp3,1EcRrZvc52o,5.9,6.13,0.441,0.441,0.0,0.0
Shree#0,Shree,"S ,N r",Shree/train_[pj--WoH0bow]_chunk1.mp3,pj--WoH0bow,16.64,16.85,0.454,0.454,0.0,0.0
Shree#0,Shree,"S ,N r",Shree/train_[pj--WoH0bow]_chunk1.mp3,pj--WoH0bow,12.25,12.5,0.454,0.454,0.0,0.0
Shree#0,Shree,"S ,N r",Shree/train_[cPwiWDJa9OA]_chunk3.mp3,cPwiWDJa9OA,12.16,12.37,0.455,0.455,0.0,0.0
Shree#0,Shree,"S ,N r",Shree/train_[cPwiWDJa9OA]_chunk0.mp3,cPwiWDJa9OA,0.05,0.46,0.461,0.461,0.0,0.0
Shree#0,Shree,"S ,N r",Shree/train_[GM3CVRpZlNI]_chunk0.mp3,GM3CVRpZlNI,2.13,2.47,0.467,0.39,0.077,0.0
Shree#0,Shree,"S ,N r",Shree/train_[cPwiWDJa9OA]_chunk4.mp3,cPwiWDJa9OA,19.56,19.84,0.475,0.35,0.125,0.0
Shree#0,Shree,"S ,N r",Shree/train_[1EcRrZvc52o]_chunk2.mp3,1EcRrZvc52o,18.51,18.72,0.5,0.5,0.0,0.0
Shree#0,Shree,"S ,N r",Shree/train_[1EcRrZvc52o]_chunk1.mp3,1EcRrZvc52o,17.05,17.33,0.507,0.382,0.125,0.0
Shree#0,Shree,"S ,N r",Shree/train_[1EcRrZvc52o]_chunk4.mp3,1EcRrZvc52o,6.08,6.29,0.509,0.509,0.0,0.0
Shree#0,Shree,"S ,N r",Shree/train_[cPwiWDJa9OA]_chunk4.mp3,cPwiWDJa9OA,22.35,22.56,0.511,0.511,0.0,0.0
Shree#0,Shree,"S ,N r",Shree/train_[8xKjNTc8MGI]_chunk2.mp3,8xKjNTc8MGI,13.01,13.23,0.513,0.513,0.0,0.0
Shree#0,Shree,"S ,N r",Shree/train_[Ub1m8mVxvT0]_chunk0.mp3,Ub1m8mVxvT0,7.7,8.05,0.528,0.528,0.0,0.0
Shree#0,Shree,"S ,N r",Shree/train_[pj--WoH0bow]_chunk1.mp3,pj--WoH0bow,23.43,23.64,0.554,0.554,0.0,0.0
Shree#0,Shree,"S ,N r",Shree/train_[pj--WoH0bow]_chunk1.mp3,pj--WoH0bow,26.68,27.02,0.558,0.558,0.0,0.0
Shree#0,Shree,"S ,N r",Shree/train_[YyJuFUz-kro]_chunk3.mp3,YyJuFUz-kro,15.13,15.34,0.561,0.561,0.0,0.0
Shree#0,Shree,"S ,N r",Shree/train_[8xKjNTc8MGI]_chunk1.mp3,8xKjNTc8MGI,17.46,17.67,0.563,0.563,0.0,0.0
Shree#0,Shree,"S ,N r",Shree/train_[8xKjNTc8MGI]_chunk4.mp3,8xKjNTc8MGI,8.52,8.73,0.563,0.563,0.0,0.0
Shree#0,Shree,"S ,N r",Shree/train_[8xKjNTc8MGI]_chunk4.mp3,8xKjNTc8MGI,7.43,7.7,0.568,0.568,0.0,0.0
Shree#0,Shree,"S ,N r",Shree/train_[cPwiWDJa9OA]_chunk0.mp3,cPwiWDJa9OA,19.79,20.04,0.589,0.589,0.0,0.0
Shree#0,Shree,"S ,N r",Shree/train_[cPwiWDJa9OA]_chunk3.mp3,cPwiWDJa9OA,8.11,8.32,0.611,0.611,0.0,0.0
Shree#0,Shree,"S ,N r",Shree/train_[Nh9dUYUgf8Y]_chunk1.mp3,Nh9dUYUgf8Y,13.83,15.25,0.612,0.612,0.0,0.0
Shree#0,Shree,"S ,N r",Shree/train_[Nh9dUYUgf8Y]_chunk0.mp3,Nh9dUYUgf8Y,16.07,17.07,0.612,0.612,0.0,0.0
Shree#0,Shree,"S ,N r",Shree/train_[8xKjNTc8MGI]_chunk2.mp3,8xKjNTc8MGI,3.38,3.59,0.613,0.613,0.0,0.0
Shree#0,Shree,"S ,N r",Shree/train_[GM3CVRpZlNI]_chunk1.mp3,GM3CVRpZlNI,11.77,12.05,0.619,0.619,0.0,0.0
Shree#0,Shree,"S ,N r",Shree/train_[8xKjNTc8MGI]_chunk0.mp3,8xKjNTc8MGI,14.36,14.58,0.637,0.637,0.0,0.0
Shree#0,Shree,"S ,N r",Shree/train_[cPwiWDJa9OA]_chunk1.mp3,cPwiWDJa9OA,1.37,1.6,0.639,0.639,0.0,0.0
Shree#0,Shree,"S ,N r",Shree/train_[cPwiWDJa9OA]_chunk3.mp3,cPwiWDJa9OA,6.93,7.15,0.678,0.511,0.0,0.167
Shree#0,Shree,"S ,N r",Shree/train_[8xKjNTc8MGI]_chunk4.mp3,8xKjNTc8MGI,3.47,3.72,0.682,0.682,0.0,0.0
Shree#0,Shree,"S ,N r",Shree/train_[SCjQC_Bwwdw]_chunk0.mp3,SCjQC_Bwwdw,8.57,9.07,0.693,0.55,0.143,0.0
Shree#0,Shree,"S ,N r",Shree/train_[pj--WoH0bow]_chunk1.mp3,pj--WoH0bow,12.11,12.32,0.742,0.742,0.0,0.0
Shree#0,Shree,"S ,N r",Shree/train_[cPwiWDJa9OA]_chunk2.mp3,cPwiWDJa9OA,3.64,3.86,0.761,0.761,0.0,0.0
Shree#0,Shree,"S ,N r",Shree/train_[Nh9dUYUgf8Y]_chunk4.mp3,Nh9dUYUgf8Y,10.17,10.44,0.779,0.712,0.0,0.067
Shree#0,Shree,"S ,N r",Shree/train_[8xKjNTc8MGI]_chunk0.mp3,8xKjNTc8MGI,19.56,19.86,0.787,0.787,0.0,0.0
Shree#0,Shree,"S ,N r",Shree/train_[8xKjNTc8MGI]_chunk2.mp3,8xKjNTc8MGI,3.79,4.09,0.787,0.787,0.0,0.0
Shree#0,Shree,"S ,N r",Shree/train_[YyJuFUz-kro]_chunk0.mp3,YyJuFUz-kro,11.38,11.75,0.789,0.789,0.0,0.0
Shree#0,Shree,"S ,N r",Shree/train_[1EcRrZvc52o]_chunk2.mp3,1EcRrZvc52o,9.4,9.64,0.797,0.567,0.0,0.231
Shree#0,Shree,"S ,N r",Shree/train_[SCjQC_Bwwdw]_chunk2.mp3,SCjQC_Bwwdw,15.06,15.36,0.806,0.806,0.0,0.0
Shree#0,Shree,"S ,N r",Shree/train_[8xKjNTc8MGI]_chunk3.mp3,8xKjNTc8MGI,12.05,12.27,0.813,0.813,0.0,0.0
Shree#0,Shree,"S ,N r",Shree/train_[8xKjNTc8MGI]_chunk0.mp3,8xKjNTc8MGI,3.75,4.0,0.814,0.737,0.0,0.077
Shree#0,Shree,"S ,N r",Shree/train_[1EcRrZvc52o]_chunk0.mp3,1EcRrZvc52o,17.99,18.26,0.831,0.631,0.2,0.0
Shree#0,Shree,"S ,N r",Shree/train_[1EcRrZvc52o]_chunk2.mp3,1EcRrZvc52o,17.4,17.69,0.831,0.831,0.0,0.0
Shree#0,Shree,"S ,N r",Shree/train_[Nh9dUYUgf8Y]_chunk4.mp3,Nh9dUYUgf8Y,15.32,15.54,0.838,0.838,0.0,0.0
Shree#0,Shree,"S ,N r",Shree/train_[Ub1m8mVxvT0]_chunk1.mp3,Ub1m8mVxvT0,4.2,5.07,0.855,0.855,0.0,0.0
Shree#0,Shree,"S ,N r",Shree/train_[8xKjNTc8MGI]_chunk2.mp3,8xKjNTc8MGI,3.5,3.89,0.863,0.863,0.0,0.0
Shree#0,Shree,"S ,N r",Shree/train_[YyJuFUz-kro]_chunk3.mp3,YyJuFUz-kro,14.49,14.7,0.873,0.873,0.0,0.0
Shree#0,Shree,"S ,N r",Shree/train_[SCjQC_Bwwdw]_chunk2.mp3,SCjQC_Bwwdw,17.39,17.65,0.877,0.794,0.0,0.083
Shree#0,Shree,"S ,N r",Shree/train_[cPwiWDJa9OA]_chunk2.mp3,cPwiWDJa9OA,22.2,22.47,0.878,0.811,0.067,0.0
Shree#0,Shree,"S ,N r",Shree/train_[Nh9dUYUgf8Y]_chunk4.mp3,Nh9dUYUgf8Y,10.4,10.63,0.889,0.812,0.077,0.0
Shree#0,Shree,"S ,N r",Shree/train_[SCjQC_Bwwdw]_chunk4.mp3,SCjQC_Bwwdw,19.7,19.98,0.894,0.894,0.0,0.0
Shree#0,Shree,"S ,N r",Shree/train_[1EcRrZvc52o]_chunk3.mp3,1EcRrZvc52o,17.87,18.08,0.919,0.919,0.0,0.0
Shree#0,Shree,"S ,N r",Shree/train_[GM3CVRpZlNI]_chunk1.mp3,GM3CVRpZlNI,12.05,12.32,0.931,0.931,0.0,0.0
Shree#0,Shree,"S ,N r",Shree/train_[GM3CVRpZlNI]_chunk3.mp3,GM3CVRpZlNI,7.47,7.68,0.931,0.931,0.0,0.0
Shree#0,Shree,"S ,N r",Shree/train_[1EcRrZvc52o]_chunk3.mp3,1EcRrZvc52o,5.51,5.8,0.944,0.881,0.062,0.0
Shree#0,Shree,"S ,N r",Shree/train_[cPwiWDJa9OA]_chunk2.mp3,cPwiWDJa9OA,18.36,18.58,0.961,0.961,0.0,0.0
Shree#0,Shree,"S ,N r",Shree/train_[GM3CVRpZlNI]_chunk4.mp3,GM3CVRpZlNI,17.78,17.99,0.969,0.969,0.0,0.0
Shree#0,Shree,"S ,N r",Shree/train_[GM3CVRpZlNI]_chunk0.mp3,GM3CVRpZlNI,0.5,0.71,0.969,0.719,0.0,0.25
Shree#0,Shree,"S ,N r",Shree/train_[cPwiWDJa9OA]_chunk2.mp3,cPwiWDJa9OA,10.38,10.74,0.989,0.839,0.15,0.0
Shree#0,Shree,"S ,N r",Shree/train_[pj--WoH0bow]_chunk2.mp3,pj--WoH0bow,17.67,17.88,0.992,0.992,0.0,0.0
Shree#0,Shree,"S ,N r",Shree/train_[pj--WoH0bow]_chunk0.mp3,pj--WoH0bow,15.34,15.56,0.992,0.992,0.0,0.0
Shree#0,Shree,"S ,N r",Shree/train_[SCjQC_Bwwdw]_chunk0.mp3,SCjQC_Bwwdw,10.88,11.13,1.006,1.006,0.0,0.0
Shree#0,Shree,"S ,N r",Shree/train_[pj--WoH0bow]_chunk2.mp3,pj--WoH0bow,17.76,18.15,1.008,1.008,0.0,0.0
Shree#0,Shree,"S ,N r",Shree/train_[cPwiWDJa9OA]_chunk0.mp3,cPwiWDJa9OA,19.2,19.47,1.011,1.011,0.0,0.0
Shree#0,Shree,"S ,N r",Shree/train_[GM3CVRpZlNI]_chunk1.mp3,GM3CVRpZlNI,10.97,11.48,1.031,1.031,0.0,0.0
Shree#0,Shree,"S ,N r",Shree/train_[GM3CVRpZlNI]_chunk3.mp3,GM3CVRpZlNI,13.21,13.67,1.031,1.031,0.0,0.0
Shree#0,Shree,"S ,N r",Shree/train_[cPwiWDJa9OA]_chunk1.mp3,cPwiWDJa9OA,16.16,16.41,1.039,1.039,0.0,0.0
Shree#0,Shree,"S ,N r",Shree/train_[Ub1m8mVxvT0]_chunk1.mp3,Ub1m8mVxvT0,1.96,2.19,1.045,1.045,0.0,0.0
Shree#0,Shree,"S ,N r",Shree/train_[Ub1m8mVxvT0]_chunk2.mp3,Ub1m8mVxvT0,9.44,9.65,1.045,1.045,0.0,0.0
Shree#0,Shree,"S ,N r",Shree/train_[GM3CVRpZlNI]_chunk3.mp3,GM3CVRpZlNI,8.16,8.41,1.046,0.969,0.077,0.0
Shree#0,Shree,"S ,N r",Shree/train_[GM3CVRpZlNI]_chunk1.mp3,GM3CVRpZlNI,11.61,11.88,1.069,1.069,0.0,0.0
Shree#0,Shree,"S ,N r",Shree/train_[GM3CVRpZlNI]_chunk3.mp3,GM3CVRpZlNI,7.79,8.2,1.086,1.019,0.067,0.0
Shree#0,Shree,"S ,N r",Shree/train_[Ub1m8mVxvT0]_chunk1.mp3,Ub1m8mVxvT0,12.14,12.36,1.095,1.095,0.0,0.0
Shree#0,Shree,"S ,N r",Shree/train_[Ub1m8mVxvT0]_chunk2.mp3,Ub1m8mVxvT0,1.23,1.44,1.095,1.095,0.0,0.0
Shree#0,Shree,"S ,N r",Shree/train_[pj--WoH0bow]_chunk3.mp3,pj--WoH0bow,0.0,0.48,1.108,1.108,0.0,0.0
Shree#0,Shree,"S ,N r",Shree/train_[GM3CVRpZlNI]_chunk4.mp3,GM3CVRpZlNI,17.92,18.22,1.119,1.119,0.0,0.0
Shree#0,Shree,"S ,N r",Shree/train_[SCjQC_Bwwdw]_chunk3.mp3,SCjQC_Bwwdw,5.6,5.83,1.121,1.044,0.077,0.0
Shree#0,Shree,"S ,N r",Shree/train_[pj--WoH0bow]_chunk0.mp3,pj--WoH0bow,25.55,26.12,1.142,1.142,0.0,0.0
Shree#0,Shree,"S ,N r",Shree/train_[SCjQC_Bwwdw]_chunk0.mp3,SCjQC_Bwwdw,3.91,4.28,1.156,1.156,0.0,0.0
Shree#0,Shree,"S ,N r",Shree/train_[pj--WoH0bow]_chunk0.mp3,pj--WoH0bow,13.24,13.48,1.158,1.158,0.0,0.0
Shree#0,Shree,"S ,N r",Shree/train_[GM3CVRpZlNI]_chunk4.mp3,GM3CVRpZlNI,11.98,12.71,1.169,1.169,0.0,0.0
Shree#0,Shree,"S ,N r",Shree/train_[GM3CVRpZlNI]_chunk4.mp3,GM3CVRpZlNI,11.98,12.69,1.169,1.169,0.0,0.0
Shree#0,Shree,"S ,N r",Shree/train_[GM3CVRpZlNI]_chunk1.mp3,GM3CVRpZlNI,17.33,17.58,1.181,1.181,0.0,0.0
Shree#0,Shree,"S ,N r",Shree/train_[pj--WoH0bow]_chunk3.mp3,pj--WoH0bow,21.99,23.79,1.194,1.158,0.036,0.0
Shree#0,Shree,"S ,N r",Shree/train_[Ub1m8mVxvT0]_chunk2.mp3,Ub1m8mVxvT0,12.05,13.26,1.195,1.195,0.0,0.0
Shree#0,Shree,"S ,N r",Shree/train_[pj--WoH0bow]_chunk3.mp3,pj--WoH0bow,21.99,23.79,1.195,1.158,0.037,0.0
Shree#0,Shree,"S ,N r",Shree/train_[pj--WoH0bow]_chunk3.mp3,pj--WoH0bow,21.99,23.79,1.197,1.158,0.038,0.0
Shree#0,Shree,"S ,N r",Shree/train_[pj--WoH0bow]_chunk3.mp3,pj--WoH0bow,21.99,23.79,1.198,1.158,0.04,0.0
Shree#0,Shree,"S ,N r",Shree/train_[SCjQC_Bwwdw]_chunk1.mp3,SCjQC_Bwwdw,22.93,23.32,1.206,1.206,0.0,0.0
Shree#0,Shree,"S ,N r",Shree/train_[GM3CVRpZlNI]_chunk4.mp3,GM3CVRpZlNI,14.51,14.77,1.219,1.219,0.0,0.0
Shree#0,Shree,"S ,N r",Shree/train_[YyJuFUz-kro]_chunk0.mp3,YyJuFUz-kro,19.29,19.5,1.223,1.223,0.0,0.0
Shree#0,Shree,"S ,N r",Shree/train_[pj--WoH0bow]_chunk0.mp3,pj--WoH0bow,25.55,25.97,1.258,1.258,0.0,0.0
Shree#0,Shree,"S ,N r",Shree/train_[SCjQC_Bwwdw]_chunk1.mp3,SCjQC_Bwwdw,21.72,22.06,1.271,0.094,0.176,0.0
Shree#0,Shree,"S ,N r",Shree/train_[YyJuFUz-kro]_chunk0.mp3,YyJuFUz-kro,14.15,14.42,1.277,1.277,0.0,0.0
Shree#0,Shree,"S ,N r",Shree/train_[pj--WoH0bow]_chunk2.mp3,pj--WoH0bow,16.36,16.68,1.292,1.292,0.0,0.0
Shree#0,Shree,"S ,N r",Shree/train_[pj--WoH0bow]_chunk2.mp3,pj--WoH0bow,16.25,16.46,1.292,1.292,0.0,0.0
Shree#0,Shree,"S ,N r",Shree/train_[YyJuFUz-kro]_chunk3.mp3,YyJuFUz-kro,2.01,2.58,1.323,1.323,0.0,0.0
Shree#0,Shree,"S ,N r",Shree/train_[YyJuFUz-kro]_chunk3.mp3,YyJuFUz-kro,14.79,15.0,1.323,1.323,0.0,0.0
Shree#0,Shree,"S ,N r",Shree/train_[YyJuFUz-kro]_chunk0.mp3,YyJuFUz-kro,13.92,14.22,1.373,1.373,0.0,0.0
Shree#0,Shree,"S ,N r",Shree/train_[SCjQC_Bwwdw]_chunk4.mp3,SCjQC_Bwwdw,16.66,16.87,1.406,1.406,0.0,0.0
Shree#0,Shree,"S ,N r",Shree/train_[Nh9dUYUgf8Y]_chunk0.mp3,Nh9dUYUgf8Y,16.07,16.41,1.412,1.412,0.0,0.0
Shree#0,Shree,"S ,N r",Shree/train_[Nh9dUYUgf8Y]_chunk2.mp3,Nh9dUYUgf8Y,15.72,15.95,1.412,1.412,0.0,0.0
Shree#0,Shree,"S ,N r",Shree/train_[Nh9dUYUgf8Y]_chunk0.mp3,Nh9dUYUgf8Y,15.86,16.14,1.412,1.412,0.0,0.0
Shree#0,Shree,"S ,N r",Shree/train_[YyJuFUz-kro]_chunk0.mp3,YyJuFUz-kro,11.72,11.93,1.423,1.423,0.0,0.0
Shree#0,Shree,"S ,N r",Shree/train_[SCjQC_Bwwdw]_chunk0.mp3,SCjQC_Bwwdw,4.41,5.33,1.473,1.306,0.0,0.167
Shree#0,Shree,"S ,N r",Shree/train_[Nh9dUYUgf8Y]_chunk3.mp3,Nh9dUYUgf8Y,17.39,17.67,1.538,1.538,0.0,0.0
Shree#0,Shree,"S ,N r",Shree/train_[SCjQC_Bwwdw]_chunk1.mp3,SCjQC_Bwwdw,19.31,19.63,1.556,1.556,0.0,0.0
Shree#0,Shree,"S ,N r",Shree/train_[Nh9dUYUgf8Y]_chunk2.mp3,Nh9dUYUgf8Y,11.09,11.77,1.562,1.562,0.0,0.0
Shree#0,Shree,"S ,N r",Shree/train_[Nh9dUYUgf8Y]_chunk0.mp3,Nh9dUYUgf8Y,8.6,9.26,1.588,1.588,0.0,0.0
Shree#0,Shree,"S ,N r",Shree/train_[Nh9dUYUgf8Y]_chunk1.mp3,Nh9dUYUgf8Y,13.83,14.08,1.612,1.612,0.0,0.0
Shree#0,Shree,"S ,N r",Shree/train_[Nh9dUYUgf8Y]_chunk1.mp3,Nh9dUYUgf8Y,13.83,14.61,1.612,1.612,0.0,0.0
Shree#0,Shree,"S ,N r",Shree/train_[Nh9dUYUgf8Y]_chunk1.mp3,Nh9dUYUgf8Y,13.83,14.51,1.612,1.612,0.0,0.0
Shree#0,Shree,"S ,N r",Shree/train_[Nh9dUYUgf8Y]_chunk2.mp3,Nh9dUYUgf8Y,11.7,12.5,1.612,1.612,0.0,0.0
Shree#0,Shree,"S ,N r",Shree/train_[Nh9dUYUgf8Y]_chunk2.mp3,Nh9dUYUgf8Y,9.72,10.6,1.612,1.612,0.0,0.0
Shree#0,Shree,"S ,N r",Shree/train_[Nh9dUYUgf8Y]_chunk2.mp3,Nh9dUYUgf8Y,9.72,10.58,1.612,1.612,0.0,0.0
Shree#0,Shree,"S ,N r",Shree/train_[1EcRrZvc52o]_chunk1.mp3,1EcRrZvc52o,16.32,16.92,1.618,1.618,0.0,0.0
Shree#0,Shree,"S ,N r",Shree/train_[pj--WoH0bow]_chunk4.mp3,pj--WoH0bow,26.03,26.24,1.625,1.458,0.0,0.167
Shree#0,Shree,"S ,N r",Shree/train_[SCjQC_Bwwdw]_chunk1.mp3,SCjQC_Bwwdw,12.14,12.8,1.656,1.656,0.0,0.0
Shree#0,Shree,"S ,N r",Shree/train_[1EcRrZvc52o]_chunk1.mp3,1EcRrZvc52o,16.87,17.12,1.918,1.918,0.0,0.0
Shree#0,Shree,"S ,N r",Shree/train_[pj--WoH0bow]_chunk4.mp3,pj--WoH0bow,27.31,27.59,2.121,2.058,0.062,0.0
Shree#0,Shree,"S ,N r",Shree/train_[pj--WoH0bow]_chunk4.mp3,pj--WoH0bow,19.32,19.56,2.239,2.008,0.077,0.154
Shree#0,Shree,"S ,N r",Shree/train_[Nh9dUYUgf8Y]_chunk3.mp3,Nh9dUYUgf8Y,8.02,8.25,2.388,2.388,0.0,0.0
Shree#0,Shree,"S ,N r",Shree/train_[SCjQC_Bwwdw]_chunk3.mp3,SCjQC_Bwwdw,0.46,0.85,2.523,1.356,0.0,0.167
Shree#0,Shree,"S ,N r",Shree/train_[SCjQC_Bwwdw]_chunk2.mp3,SCjQC_Bwwdw,16.5,16.8,2.668,1.256,0.235,0.176
Shree#0,Shree,"S ,N r",Shree/train_[pj--WoH0bow]_chunk4.mp3,pj--WoH0bow,13.88,14.1,2.954,2.954,0.0,0.0
Shree#0,Shree,"S ,N r",Shree/train_[1EcRrZvc52o]_chunk1.mp3,1EcRrZvc52o,18.93,19.15,3.0,3.0,0.0,0.0
Shree#0,Shree,"S ,N r",Shree/train_[pj--WoH0bow]_chunk4.mp3,pj--WoH0bow,21.14,21.37,3.0,3.0,0.0,0.0
Shree#0,Shree,"S ,N r",Shree/train_[SCjQC_Bwwdw]_chunk3.mp3,SCjQC_Bwwdw,20.62,20.94,3.235,3.0,0.0,0.235
Shree#0,Shree,"S ,N r",Shree/train_[Nh9dUYUgf8Y]_chunk3.mp3,Nh9dUYUgf8Y,17.9,18.17,3.267,3.0,0.0,0.267
Shree#0,Shree,"S ,N r",Shree/train_[SCjQC_Bwwdw]_chunk4.mp3,SCjQC_Bwwdw,7.66,8.05,3.294,3.0,0.0,0.294
Shree#0,Shree,"S ,N r",Shree/train_[SCjQC_Bwwdw]_chunk2.mp3,SCjQC_Bwwdw,0.78,1.32,3.412,3.0,0.0,0.412
Shree#0,Shree,"S ,N r",Shree/train_[SCjQC_Bwwdw]_chunk3.mp3,SCjQC_Bwwdw,20.07,20.44,3.421,3.0,0.0,0.421
Shree#0,Shree,"S ,N r",Shree/train_[SCjQC_Bwwdw]_chunk3.mp3,SCjQC_Bwwdw,5.76,6.15,3.421,3.0,0.0,0.421
Shree#0,Shree,"S ,N r",Shree/train_[SCjQC_Bwwdw]_chunk4.mp3,SCjQC_Bwwdw,13.56,14.03,3.421,3.0,0.0,0.421
Shree#0,Shree,"S ,N r",Shree/train_[Nh9dUYUgf8Y]_chunk3.mp3,Nh9dUYUgf8Y,0.76,1.12,3.45,3.0,0.0,0.45
Shree#0,Shree,"S ,N r",Shree/train_[SCjQC_Bwwdw]_chunk4.mp3,SCjQC_Bwwdw,15.24,15.54,3.471,3.0,0.0,0.471
Shree#0,Shree,"S ,N r",Shree/train_[Nh9dUYUgf8Y]_chunk3.mp3,Nh9dUYUgf8Y,11.18,11.79,3.615,3.0,0.0,0.615
Shree#2,Shree,M P d M G r G r S,Shree/train_[Ub1m8mVxvT0]_chunk3.mp3,Ub1m8mVxvT0,10.81,11.77,0.022,0.022,0.0,0.0
Shree#2,Shree,M P d M G r G r S,Shree/train_[Ub1m8mVxvT0]_chunk1.mp3,Ub1m8mVxvT0,14.22,17.17,0.14,0.134,0.006,0.0
Shree#2,Shree,M P d M G r G r S,Shree/train_[Ub1m8mVxvT0]_chunk3.mp3,Ub1m8mVxvT0,16.02,17.46,0.195,0.195,0.0,0.0
Shree#2,Shree,M P d M G r G r S,Shree/train_[cPwiWDJa9OA]_chunk4.mp3,cPwiWDJa9OA,17.33,18.93,0.342,0.05,0.146,0.146
Shree#2,Shree,M P d M G r G r S,Shree/train_[1EcRrZvc52o]_chunk3.mp3,1EcRrZvc52o,1.96,3.54,0.411,0.332,0.057,0.023
Shree#2,Shree,M P d M G r G r S,Shree/train_[YyJuFUz-kro]_chunk4.mp3,YyJuFUz-kro,2.88,3.96,0.457,0.211,0.246,0.0
Shree#2,Shree,M P d M G r G r S,Shree/train_[Ub1m8mVxvT0]_chunk3.mp3,Ub1m8mVxvT0,13.92,14.99,0.605,0.605,0.0,0.0
Shree#2,Shree,M P d M G r G r S,Shree/train_[cPwiWDJa9OA]_chunk3.mp3,cPwiWDJa9OA,7.25,8.25,0.673,0.405,0.232,0.036
Shree#2,Shree,M P d M G r G r S,Shree/train_[cPwiWDJa9OA]_chunk3.mp3,cPwiWDJa9OA,8.44,9.44,0.718,0.45,0.268,0.0
Shree#2,Shree,M P d M G r G r S,Shree/train_[cPwiWDJa9OA]_chunk3.mp3,cPwiWDJa9OA,4.44,5.83,0.728,0.395,0.333,0.0
Shree#2,Shree,M P d M G r G r S,Shree/train_[cPwiWDJa9OA]_chunk3.mp3,cPwiWDJa9OA,1.07,2.1,0.886,0.489,0.345,0.052
Shree#2,Shree,M P d M G r G r S,Shree/train_[YyJuFUz-kro]_chunk4.mp3,YyJuFUz-kro,17.49,18.99,0.907,0.461,0.337,0.108
Shree#2,Shree,M P d M G r G r S,Shree/train_[1EcRrZvc52o]_chunk3.mp3,1EcRrZvc52o,16.41,17.72,1.004,0.868,0.095,0.041
Shree#2,Shree,M P d M G r G r S,Shree/train_[1EcRrZvc52o]_chunk4.mp3,1EcRrZvc52o,6.29,7.29,1.004,0.968,0.018,0.018
Shree#2,Shree,M P d M G r G r S,Shree/train_[pj--WoH0bow]_chunk2.mp3,pj--WoH0bow,13.26,14.7,1.019,0.908,0.086,0.025
Shree#2,Shree,M P d M G r G r S,Shree/train_[1EcRrZvc52o]_chunk2.mp3,1EcRrZvc52o,2.81,4.14,1.172,1.118,0.053,0.0
Shree#2,Shree,M P d M G r G r S,Shree/train_[pj--WoH0bow]_chunk0.mp3,pj--WoH0bow,22.1,24.3,1.203,1.058,0.145,0.0
Shree#2,Shree,M P d M G r G r S,Shree/train_[YyJuFUz-kro]_chunk2.mp3,YyJuFUz-kro,0.37,3.11,1.205,1.173,0.02,0.013
Shree#2,Shree,M P d M G r G r S,Shree/train_[1EcRrZvc52o]_chunk2.mp3,1EcRrZvc52o,18.77,20.0,1.238,1.068,0.169,0.0
Shree#2,Shree,M P d M G r G r S,Shree/train_[1EcRrZvc52o]_chunk4.mp3,1EcRrZvc52o,15.43,16.39,1.253,1.118,0.115,0.019
Shree#2,Shree,M P d M G r G r S,Shree/train_[cPwiWDJa9OA]_chunk4.mp3,cPwiWDJa9OA,9.99,11.34,1.536,1.389,0.133,0.013
Shree#2,Shree,M P d M G r G r S,Shree/train_[1EcRrZvc52o]_chunk3.mp3,1EcRrZvc52o,5.94,7.84,1.571,1.468,0.103,0.0
Shree#2,Shree,M P d M G r G r S,Shree/train_[1EcRrZvc52o]_chunk2.mp3,1EcRrZvc52o,16.52,17.6,1.585,1.518,0.033,0.033
Shree#2,Shree,M P d M G r G r S,Shree/train_[cPwiWDJa9OA]_chunk0.mp3,cPwiWDJa9OA,7.66,10.6,1.713,1.689,0.024,0.0
Shree#2,Shree,M P d M G r G r S,Shree/train_[SCjQC_Bwwdw]_chunk0.mp3,SCjQC_Bwwdw,20.05,21.28,1.831,1.672,0.159,0.0
Shree#2,Shree,M P d M G r G r S,Shree/train_[YyJuFUz-kro]_chunk3.mp3,YyJuFUz-kro,15.95,17.55,1.911,1.877,0.033,0.0
Shree#2,Shree,M P d M G r G r S,Shree/train_[pj--WoH0bow]_chunk2.mp3,pj--WoH0bow,7.66,9.44,2.042,1.992,0.04,0.01
Shree#2,Shree,M P d M G r G r S,Shree/train_[Ub1m8mVxvT0]_chunk1.mp3,Ub1m8mVxvT0,6.52,8.36,2.101,1.995,0.107,0.0
Shree#2,Shree,M P d M G r G r S,Shree/train_[Ub1m8mVxvT0]_chunk2.mp3,Ub1m8mVxvT0,4.2,5.3,2.271,2.255,0.016,0.0
Shree#2,Shree,M P d M G r G r S,Shree/train_[Nh9dUYUgf8Y]_chunk3.mp3,Nh9dUYUgf8Y,4.94,7.32,2.329,2.312,0.0,0.017
Shree#2,Shree,M P d M G r G r S,Shree/train_[cPwiWDJa9OA]_chunk3.mp3,cPwiWDJa9OA,9.53,10.4,2.458,2.295,0.163,0.0
Shree#2,Shree,M P d M G r G r S,Shree/train_[1EcRrZvc52o]_chunk0.mp3,1EcRrZvc52o,16.87,18.04,3.0,3.0,0.0,0.0
Shree#2,Shree,M P d M G r G r S,Shree/train_[1EcRrZvc52o]_chunk0.mp3,1EcRrZvc52o,2.03,2.67,3.0,3.0,0.0,0.0
Shree#2,Shree,M P d M G r G r S,Shree/train_[1EcRrZvc52o]_chunk0.mp3,1EcRrZvc52o,11.84,12.48,3.0,3.0,0.0,0.0
Shree#2,Shree,M P d M G r G r S,Shree/train_[1EcRrZvc52o]_chunk0.mp3,1EcRrZvc52o,12.48,13.12,3.0,3.0,0.0,0.0
Shree#2,Shree,M P d M G r G r S,Shree/train_[1EcRrZvc52o]_chunk0.mp3,1EcRrZvc52o,11.18,11.82,3.0,3.0,0.0,0.0
Shree#2,Shree,M P d M G r G r S,Shree/train_[1EcRrZvc52o]_chunk1.mp3,1EcRrZvc52o,5.72,8.02,3.0,3.0,0.0,0.0
Shree#2,Shree,M P d M G r G r S,Shree/train_[1EcRrZvc52o]_chunk1.mp3,1EcRrZvc52o,14.77,16.14,3.0,3.0,0.0,0.0
Shree#2,Shree,M P d M G r G r S,Shree/train_[1EcRrZvc52o]_chunk1.mp3,1EcRrZvc52o,4.21,4.85,3.0,3.0,0.0,0.0
Shree#2,Shree,M P d M G r G r S,Shree/train_[1EcRrZvc52o]_chunk1.mp3,1EcRrZvc52o,4.48,6.1,3.0,3.0,0.0,0.0
Shree#2,Shree,M P d M G r G r S,Shree/train_[1EcRrZvc52o]_chunk1.mp3,1EcRrZvc52o,0.0,4.64,3.0,3.0,0.0,0.0
Shree#2,Shree,M P d M G r G r S,Shree/train_[1EcRrZvc52o]_chunk2.mp3,1EcRrZvc52o,13.03,14.33,3.0,3.0,0.0,0.0
Shree#2,Shree,M P d M G r G r S,Shree/train_[1EcRrZvc52o]_chunk2.mp3,1EcRrZvc52o,0.0,2.36,3.0,3.0,0.0,0.0
Shree#2,Shree,M P d M G r G r S,Shree/train_[1EcRrZvc52o]_chunk3.mp3,1EcRrZvc52o,1.24,2.13,3.0,3.0,0.0,0.0
Shree#2,Shree,M P d M G r G r S,Shree/train_[1EcRrZvc52o]_chunk3.mp3,1EcRrZvc52o,0.87,1.55,3.0,3.0,0.0,0.0
Shree#2,Shree,M P d M G r G r S,Shree/train_[1EcRrZvc52o]_chunk4.mp3,1EcRrZvc52o,18.06,18.81,3.0,3.0,0.0,0.0
Shree#2,Shree,M P d M G r G r S,Shree/train_[1EcRrZvc52o]_chunk4.mp3,1EcRrZvc52o,14.84,15.66,3.0,3.0,0.0,0.0
Shree#2,Shree,M P d M G r G r S,Shree/train_[1EcRrZvc52o]_chunk4.mp3,1EcRrZvc52o,1.0,1.88,3.0,3.0,0.0,0.0
Shree#2,Shree,M P d M G r G r S,Shree/train_[8xKjNTc8MGI]_chunk0.mp3,8xKjNTc8MGI,14.58,15.22,3.0,3.0,0.0,0.0
Shree#2,Shree,M P d M G r G r S,Shree/train_[8xKjNTc8MGI]_chunk0.mp3,8xKjNTc8MGI,15.29,16.0,3.0,3.0,0.0,0.0
Shree#2,Shree,M P d M G r G r S,Shree/train_[8xKjNTc8MGI]_chunk0.mp3,8xKjNTc8MGI,15.75,16.39,3.0,3.0,0.0,0.0
Shree#2,Shree,M P d M G r G r S,Shree/train_[8xKjNTc8MGI]_chunk1.mp3,8xKjNTc8MGI,7.82,8.62,3.0,3.0,0.0,0.0
Shree#2,Shree,M P d M G r G r S,Shree/train_[8xKjNTc8MGI]_chunk1.mp3,8xKjNTc8MGI,6.6,7.29,3.0,3.0,0.0,0.0
Shree#2,Shree,M P d M G r G r S,Shree/train_[8xKjNTc8MGI]_chunk1.mp3,8xKjNTc8MGI,9.23,9.99,3.0,3.0,0.0,0.0
Shree#2,Shree,M P d M G r G r S,Shree/train_[8xKjNTc8MGI]_chunk1.mp3,8xKjNTc8MGI,1.74,2.38,3.0,3.0,0.0,0.0
Shree#2,Shree,M P d M G r G r S,Shree/train_[8xKjNTc8MGI]_chunk2.mp3,8xKjNTc8MGI,2.1,2.93,3.0,3.0,0.0,0.0
Shree#2,Shree,M P d M G r G r S,Shree/train_[8xKjNTc8MGI]_chunk2.mp3,8xKjNTc8MGI,1.74,2.38,3.0,3.0,0.0,0.0
Shree#2,Shree,M P d M G r G r S,Shree/train_[8xKjNTc8MGI]_chunk2.mp3,8xKjNTc8MGI,16.25,16.94,3.0,3.0,0.0,0.0
Shree#2,Shree,M P d M G r G r S,Shree/train_[8xKjNTc8MGI]_chunk2.mp3,8xKjNTc8MGI,3.16,3.98,3.0,3.0,0.0,0.0
Shree#2,Shree,M P d M G r G r S,Shree/train_[8xKjNTc8MGI]_chunk3.mp3,8xKjNTc8MGI,11.8,12.64,3.0,3.0,0.0,0.0
Shree#2,Shree,M P d M G r G r S,Shree/train_[8xKjNTc8MGI]_chunk4.mp3,8xKjNTc8MGI,1.88,2.52,3.0,3.0,0.0,0.0
Shree#2,Shree,M P d M G r G r S,Shree/train_[8xKjNTc8MGI]_chunk4.mp3,8xKjNTc8MGI,1.4,2.06,3.0,3.0,0.0,0.0
Shree#2,Shree,M P d M G r G r S,Shree/train_[8xKjNTc8MGI]_chunk4.mp3,8xKjNTc8MGI,3.29,3.93,3.0,3.0,0.0,0.0
Shree#2,Shree,M P d M G r G r S,Shree/train_[8xKjNTc8MGI]_chunk4.mp3,8xKjNTc8MGI,9.65,10.29,3.0,3.0,0.0,0.0
Shree#2,Shree,M P d M G r G r S,Shree/train_[GM3CVRpZlNI]_chunk1.mp3,GM3CVRpZlNI,0.73,1.81,3.0,3.0,0.0,0.0
Shree#2,Shree,M P d M G r G r S,Shree/train_[GM3CVRpZlNI]_chunk1.mp3,GM3CVRpZlNI,11.04,11.75,3.0,3.0,0.0,0.0
Shree#2,Shree,M P d M G r G r S,Shree/train_[GM3CVRpZlNI]_chunk1.mp3,GM3CVRpZlNI,12.76,13.49,3.0,3.0,0.0,0.0
Shree#2,Shree,M P d M G r G r S,Shree/train_[GM3CVRpZlNI]_chunk1.mp3,GM3CVRpZlNI,11.45,12.14,3.0,3.0,0.0,0.0
Shree#2,Shree,M P d M G r G r S,Shree/train_[GM3CVRpZlNI]_chunk2.mp3,GM3CVRpZlNI,7.0,7.64,3.0,3.0,0.0,0.0
Shree#2,Shree,M P d M G r G r S,Shree/train_[GM3CVRpZlNI]_chunk2.mp3,GM3CVRpZlNI,12.14,12.8,3.0,3.0,0.0,0.0
Shree#2,Shree,M P d M G r G r S,Shree/train_[GM3CVRpZlNI]_chunk3.mp3,GM3CVRpZlNI,17.83,18.76,3.0,3.0,0.0,0.0
Shree#2,Shree,M P d M G r G r S,Shree/train_[GM3CVRpZlNI]_chunk3.mp3,GM3CVRpZlNI,18.52,19.16,3.0,3.0,0.0,0.0
Shree#2,Shree,M P d M G r G r S,Shree/train_[GM3CVRpZlNI]_chunk3.mp3,GM3CVRpZlNI,5.71,6.35,3.0,3.0,0.0,0.0
Shree#2,Shree,M P d M G r G r S,Shree/train_[GM3CVRpZlNI]_chunk3.mp3,GM3CVRpZlNI,6.4,7.04,3.0,3.0,0.0,0.0
Shree#2,Shree,M P d M G r G r S,Shree/train_[GM3CVRpZlNI]_chunk3.mp3,GM3CVRpZlNI,10.76,11.4,3.0,3.0,0.0,0.0
Shree#2,Shree,M P d M G r G r S,Shree/train_[GM3CVRpZlNI]_chunk4.mp3,GM3CVRpZlNI,10.74,11.95,3.0,3.0,0.0,0.0
Shree#2,Shree,M P d M G r G r S,Shree/train_[GM3CVRpZlNI]_chunk4.mp3,GM3CVRpZlNI,14.83,15.57,3.0,3.0,0.0,0.0
Shree#2,Shree,M P d M G r G r S,Shree/train_[GM3CVRpZlNI]_chunk4.mp3,GM3CVRpZlNI,13.08,14.45,3.0,3.0,0.0,0.0
Shree#2,Shree,M P d M G r G r S,Shree/train_[GM3CVRpZlNI]_chunk4.mp3,GM3CVRpZlNI,12.53,14.17,3.0,3.0,0.0,0.0
Shree#2,Shree,M P d M G r G r S,Shree/train_[GM3CVRpZlNI]_chunk4.mp3,GM3CVRpZlNI,10.49,11.13,3.0,3.0,0.0,0.0
Shree#2,Shree,M P d M G r G r S,Shree/train_[Nh9dUYUgf8Y]_chunk0.mp3,Nh9dUYUgf8Y,7.45,8.09,3.0,3.0,0.0,0.0
Shree#2,Shree,M P d M G r G r S,Shree/train_[Nh9dUYUgf8Y]_chunk0.mp3,Nh9dUYUgf8Y,9.14,9.78,3.0,3.0,0.0,0.0
Shree#2,Shree,M P d M G r G r S,Shree/train_[Nh9dUYUgf8Y]_chunk0.mp3,Nh9dUYUgf8Y,2.81,3.45,3.0,3.0,0.0,0.0
Shree#2,Shree,M P d M G r G r S,Shree/train_[Nh9dUYUgf8Y]_chunk0.mp3,Nh9dUYUgf8Y,17.55,18.19,3.0,3.0,0.0,0.0
Shree#2,Shree,M P d M G r G r S,Shree/train_[Nh9dUYUgf8Y]_chunk0.mp3,Nh9dUYUgf8Y,9.51,10.15,3.0,3.0,0.0,0.0
Shree#2,Shree,M P d M G r G r S,Shree/train_[Nh9dUYUgf8Y]_chunk1.mp3,Nh9dUYUgf8Y,3.95,5.03,3.0,3.0,0.0,0.0
Shree#2,Shree,M P d M G r G r S,Shree/train_[Nh9dUYUgf8Y]_chunk1.mp3,Nh9dUYUgf8Y,3.4,4.36,3.0,3.0,0.0,0.0
Shree#2,Shree,M P d M G r G r S,Shree/train_[Nh9dUYUgf8Y]_chunk1.mp3,Nh9dUYUgf8Y,15.98,16.62,3.0,3.0,0.0,0.0
Shree#2,Shree,M P d M G r G r S,Shree/train_[Nh9dUYUgf8Y]_chunk1.mp3,Nh9dUYUgf8Y,15.18,15.89,3.0,3.0,0.0,0.0
Shree#2,Shree,M P d M G r G r S,Shree/train_[Nh9dUYUgf8Y]_chunk1.mp3,Nh9dUYUgf8Y,5.24,5.88,3.0,3.0,0.0,0.0
Shree#2,Shree,M P d M G r G r S,Shree/train_[Nh9dUYUgf8Y]_chunk2.mp3,Nh9dUYUgf8Y,0.66,2.03,3.0,3.0,0.0,0.0
Shree#2,Shree,M P d M G r G r S,Shree/train_[Nh9dUYUgf8Y]_chunk2.mp3,Nh9dUYUgf8Y,3.31,4.75,3.0,3.0,0.0,0.0
Shree#2,Shree,M P d M G r G r S,Shree/train_[Nh9dUYUgf8Y]_chunk2.mp3,Nh9dUYUgf8Y,14.33,15.4,3.0,3.0,0.0,0.0
Shree#2,Shree,M P d M G r G r S,Shree/train_[Nh9dUYUgf8Y]_chunk2.mp3,Nh9dUYUgf8Y,18.38,19.02,3.0,3.0,0.0,0.0
Shree#2,Shree,M P d M G r G r S,Shree/train_[Nh9dUYUgf8Y]_chunk2.mp3,Nh9dUYUgf8Y,0.46,1.12,3.0,3.0,0.0,0.0
Shree#2,Shree,M P d M G r G r S,Shree/train_[Nh9dUYUgf8Y]_chunk3.mp3,Nh9dUYUgf8Y,4.94,5.65,3.0,3.0,0.0,0.0
Shree#2,Shree,M P d M G r G r S,Shree/train_[Nh9dUYUgf8Y]_chunk3.mp3,Nh9dUYUgf8Y,1.87,2.51,3.0,3.0,0.0,0.0
Shree#2,Shree,M P d M G r G r S,Shree/train_[Nh9dUYUgf8Y]_chunk3.mp3,Nh9dUYUgf8Y,16.89,17.53,3.0,3.0,0.0,0.0
Shree#2,Shree,M P d M G r G r S,Shree/train_[Nh9dUYUgf8Y]_chunk3.mp3,Nh9dUYUgf8Y,0.0,0.64,3.0,3.0,0.0,0.0
Shree#2,Shree,M P d M G r G r S,Shree/train_[Nh9dUYUgf8Y]_chunk4.mp3,Nh9dUYUgf8Y,5.9,6.61,3.0,3.0,0.0,0.0
Shree#2,Shree,M P d M G r G r S,Shree/train_[Nh9dUYUgf8Y]_chunk4.mp3,Nh9dUYUgf8Y,5.3,5.94,3.0,3.0,0.0,0.0
Shree#2,Shree,M P d M G r G r S,Shree/train_[Nh9dUYUgf8Y]_chunk4.mp3,Nh9dUYUgf8Y,2.13,2.81,3.0,3.0,0.0,0.0
Shree#2,Shree,M P d M G r G r S,Shree/train_[Nh9dUYUgf8Y]_chunk4.mp3,Nh9dUYUgf8Y,16.16,16.8,3.0,3.0,0.0,0.0
Shree#2,Shree,M P d M G r G r S,Shree/train_[SCjQC_Bwwdw]_chunk0.mp3,SCjQC_Bwwdw,16.87,17.51,3.0,3.0,0.0,0.0
Shree#2,Shree,M P d M G r G r S,Shree/train_[SCjQC_Bwwdw]_chunk0.mp3,SCjQC_Bwwdw,0.36,1.0,3.0,3.0,0.0,0.0
Shree#2,Shree,M P d M G r G r S,Shree/train_[SCjQC_Bwwdw]_chunk0.mp3,SCjQC_Bwwdw,22.45,23.18,3.0,3.0,0.0,0.0
Shree#2,Shree,M P d M G r G r S,Shree/train_[SCjQC_Bwwdw]_chunk4.mp3,SCjQC_Bwwdw,18.44,19.08,3.0,3.0,0.0,0.0
Shree#2,Shree,M P d M G r G r S,Shree/train_[Ub1m8mVxvT0]_chunk0.mp3,Ub1m8mVxvT0,1.17,1.81,3.0,3.0,0.0,0.0
Shree#2,Shree,M P d M G r G r S,Shree/train_[Ub1m8mVxvT0]_chunk0.mp3,Ub1m8mVxvT0,14.04,14.84,3.0,3.0,0.0,0.0
Shree#2,Shree,M P d M G r G r S,Shree/train_[Ub1m8mVxvT0]_chunk0.mp3,Ub1m8mVxvT0,16.53,17.28,3.0,3.0,0.0,0.0
Shree#2,Shree,M P d M G r G r S,Shree/train_[Ub1m8mVxvT0]_chunk0.mp3,Ub1m8mVxvT0,2.36,3.0,3.0,3.0,0.0,0.0
Shree#2,Shree,M P d M G r G r S,Shree/train_[Ub1m8mVxvT0]_chunk0.mp3,Ub1m8mVxvT0,12.71,13.35,3.0,3.0,0.0,0.0
Shree#2,Shree,M P d M G r G r S,Shree/train_[Ub1m8mVxvT0]_chunk1.mp3,Ub1m8mVxvT0,1.16,2.1,3.0,3.0,0.0,0.0
Shree#2,Shree,M P d M G r G r S,Shree/train_[Ub1m8mVxvT0]_chunk1.mp3,Ub1m8mVxvT0,14.22,15.09,3.0,3.0,0.0,0.0
Shree#2,Shree,M P d M G r G r S,Shree/train_[Ub1m8mVxvT0]_chunk1.mp3,Ub1m8mVxvT0,6.45,7.09,3.0,3.0,0.0,0.0
Shree#2,Shree,M P d M G r G r S,Shree/train_[Ub1m8mVxvT0]_chunk2.mp3,Ub1m8mVxvT0,8.07,8.8,3.0,3.0,0.0,0.0
Shree#2,Shree,M P d M G r G r S,Shree/train_[Ub1m8mVxvT0]_chunk2.mp3,Ub1m8mVxvT0,2.74,3.38,3.0,3.0,0.0,0.0
Shree#2,Shree,M P d M G r G r S,Shree/train_[Ub1m8mVxvT0]_chunk2.mp3,Ub1m8mVxvT0,0.0,0.64,3.0,3.0,0.0,0.0
Shree#2,Shree,M P d M G r G r S,Shree/train_[Ub1m8mVxvT0]_chunk3.mp3,Ub1m8mVxvT0,10.36,11.0,3.0,3.0,0.0,0.0
Shree#2,Shree,M P d M G r G r S,Shree/train_[Ub1m8mVxvT0]_chunk4.mp3,Ub1m8mVxvT0,11.04,12.16,3.0,3.0,0.0,0.0
Shree#2,Shree,M P d M G r G r S,Shree/train_[Ub1m8mVxvT0]_chunk4.mp3,Ub1m8mVxvT0,8.18,8.92,3.0,3.0,0.0,0.0
Shree#2,Shree,M P d M G r G r S,Shree/train_[Ub1m8mVxvT0]_chunk4.mp3,Ub1m8mVxvT0,8.66,9.44,3.0,3.0,0.0,0.0
Shree#2,Shree,M P d M G r G r S,Shree/train_[Ub1m8mVxvT0]_chunk4.mp3,Ub1m8mVxvT0,15.22,15.86,3.0,3.0,0.0,0.0
Shree#2,Shree,M P d M G r G r S,Shree/train_[YyJuFUz-kro]_chunk0.mp3,YyJuFUz-kro,12.84,14.01,3.0,3.0,0.0,0.0
Shree#2,Shree,M P d M G r G r S,Shree/train_[YyJuFUz-kro]_chunk0.mp3,YyJuFUz-kro,3.68,4.62,3.0,3.0,0.0,0.0
Shree#2,Shree,M P d M G r G r S,Shree/train_[YyJuFUz-kro]_chunk0.mp3,YyJuFUz-kro,4.96,6.26,3.0,3.0,0.0,0.0
Shree#2,Shree,M P d M G r G r S,Shree/train_[YyJuFUz-kro]_chunk0.mp3,YyJuFUz-kro,1.67,2.63,3.0,3.0,0.0,0.0
Shree#2,Shree,M P d M G r G r S,Shree/train_[YyJuFUz-kro]_chunk0.mp3,YyJuFUz-kro,16.2,17.01,3.0,3.0,0.0,0.0
Shree#2,Shree,M P d M G r G r S,Shree/train_[YyJuFUz-kro]_chunk1.mp3,YyJuFUz-kro,18.22,19.5,3.0,3.0,0.0,0.0
Shree#2,Shree,M P d M G r G r S,Shree/train_[YyJuFUz-kro]_chunk1.mp3,YyJuFUz-kro,12.84,13.49,3.0,3.0,0.0,0.0
Shree#2,Shree,M P d M G r G r S,Shree/train_[YyJuFUz-kro]_chunk1.mp3,YyJuFUz-kro,12.12,12.76,3.0,3.0,0.0,0.0
Shree#2,Shree,M P d M G r G r S,Shree/train_[YyJuFUz-kro]_chunk1.mp3,YyJuFUz-kro,10.63,11.27,3.0,3.0,0.0,0.0
Shree#2,Shree,M P d M G r G r S,Shree/train_[YyJuFUz-kro]_chunk1.mp3,YyJuFUz-kro,11.5,12.14,3.0,3.0,0.0,0.0
Shree#2,Shree,M P d M G r G r S,Shree/train_[YyJuFUz-kro]_chunk2.mp3,YyJuFUz-kro,6.17,7.16,3.0,3.0,0.0,0.0
Shree#2,Shree,M P d M G r G r S,Shree/train_[YyJuFUz-kro]_chunk2.mp3,YyJuFUz-kro,0.37,1.12,3.0,3.0,0.0,0.0
Shree#2,Shree,M P d M G r G r S,Shree/train_[YyJuFUz-kro]_chunk2.mp3,YyJuFUz-kro,9.62,10.26,3.0,3.0,0.0,0.0
Shree#2,Shree,M P d M G r G r S,Shree/train_[YyJuFUz-kro]_chunk2.mp3,YyJuFUz-kro,9.97,10.61,3.0,3.0,0.0,0.0
Shree#2,Shree,M P d M G r G r S,Shree/train_[YyJuFUz-kro]_chunk3.mp3,YyJuFUz-kro,4.92,7.61,3.0,3.0,0.0,0.0
Shree#2,Shree,M P d M G r G r S,Shree/train_[YyJuFUz-kro]_chunk3.mp3,YyJuFUz-kro,4.92,5.72,3.0,3.0,0.0,0.0
Shree#2,Shree,M P d M G r G r S,Shree/train_[YyJuFUz-kro]_chunk3.mp3,YyJuFUz-kro,9.33,9.97,3.0,3.0,0.0,0.0
Shree#2,Shree,M P d M G r G r S,Shree/train_[YyJuFUz-kro]_chunk3.mp3,YyJuFUz-kro,17.8,19.48,3.0,3.0,0.0,0.0
Shree#2,Shree,M P d M G r G r S,Shree/train_[cPwiWDJa9OA]_chunk0.mp3,cPwiWDJa9OA,4.05,4.69,3.0,3.0,0.0,0.0
Shree#2,Shree,M P d M G r G r S,Shree/train_[cPwiWDJa9OA]_chunk0.mp3,cPwiWDJa9OA,13.44,14.81,3.0,3.0,0.0,0.0
Shree#2,Shree,M P d M G r G r S,Shree/train_[cPwiWDJa9OA]_chunk0.mp3,cPwiWDJa9OA,4.68,5.4,3.0,3.0,0.0,0.0
Shree#2,Shree,M P d M G r G r S,Shree/train_[cPwiWDJa9OA]_chunk0.mp3,cPwiWDJa9OA,0.04,0.69,3.0,3.0,0.0,0.0
Shree#2,Shree,M P d M G r G r S,Shree/train_[cPwiWDJa9OA]_chunk1.mp3,cPwiWDJa9OA,3.08,3.72,3.0,3.0,0.0,0.0
Shree#2,Shree,M P d M G r G r S,Shree/train_[cPwiWDJa9OA]_chunk1.mp3,cPwiWDJa9OA,3.73,4.43,3.0,3.0,0.0,0.0
Shree#2,Shree,M P d M G r G r S,Shree/train_[cPwiWDJa9OA]_chunk1.mp3,cPwiWDJa9OA,18.95,19.61,3.0,3.0,0.0,0.0
Shree#2,Shree,M P d M G r G r S,Shree/train_[cPwiWDJa9OA]_chunk1.mp3,cPwiWDJa9OA,19.43,20.07,3.0,3.0,0.0,0.0
Shree#2,Shree,M P d M G r G r S,Shree/train_[cPwiWDJa9OA]_chunk1.mp3,cPwiWDJa9OA,18.19,18.86,3.0,3.0,0.0,0.0
Shree#2,Shree,M P d M G r G r S,Shree/train_[cPwiWDJa9OA]_chunk2.mp3,cPwiWDJa9OA,4.98,6.95,3.0,3.0,0.0,0.0
Shree#2,Shree,M P d M G r G r S,Shree/train_[cPwiWDJa9OA]_chunk2.mp3,cPwiWDJa9OA,4.41,5.33,3.0,3.0,0.0,0.0
Shree#2,Shree,M P d M G r G r S,Shree/train_[cPwiWDJa9OA]_chunk2.mp3,cPwiWDJa9OA,8.25,9.1,3.0,3.0,0.0,0.0
Shree#2,Shree,M P d M G r G r S,Shree/train_[cPwiWDJa9OA]_chunk2.mp3,cPwiWDJa9OA,7.91,8.55,3.0,3.0,0.0,0.0
Shree#2,Shree,M P d M G r G r S,Shree/train_[cPwiWDJa9OA]_chunk2.mp3,cPwiWDJa9OA,4.11,4.75,3.0,3.0,0.0,0.0
Shree#2,Shree,M P d M G r G r S,Shree/train_[cPwiWDJa9OA]_chunk4.mp3,cPwiWDJa9OA,8.96,10.04,3.0,3.0,0.0,0.0
Shree#2,Shree,M P d M G r G r S,Shree/train_[pj--WoH0bow]_chunk0.mp3,pj--WoH0bow,2.26,3.32,3.0,3.0,0.0,0.0
Shree#2,Shree,M P d M G r G r S,Shree/train_[pj--WoH0bow]_chunk0.mp3,pj--WoH0bow,7.82,8.73,3.0,3.0,0.0,0.0
Shree#2,Shree,M P d M G r G r S,Shree/train_[pj--WoH0bow]_chunk0.mp3,pj--WoH0bow,12.39,13.16,3.0,3.0,0.0,0.0
Shree#2,Shree,M P d M G r G r S,Shree/train_[pj--WoH0bow]_chunk0.mp3,pj--WoH0bow,11.77,12.41,3.0,3.0,0.0,0.0
Shree#2,Shree,M P d M G r G r S,Shree/train_[pj--WoH0bow]_chunk1.mp3,pj--WoH0bow,24.46,25.28,3.0,3.0,0.0,0.0
Shree#2,Shree,M P d M G r G r S,Shree/train_[pj--WoH0bow]_chunk1.mp3,pj--WoH0bow,16.12,16.78,3.0,3.0,0.0,0.0
Shree#2,Shree,M P d M G r G r S,Shree/train_[pj--WoH0bow]_chunk1.mp3,pj--WoH0bow,26.49,27.27,3.0,3.0,0.0,0.0
Shree#2,Shree,M P d M G r G r S,Shree/train_[pj--WoH0bow]_chunk1.mp3,pj--WoH0bow,9.05,9.69,3.0,3.0,0.0,0.0
Shree#2,Shree,M P d M G r G r S,Shree/train_[pj--WoH0bow]_chunk1.mp3,pj--WoH0bow,18.36,19.0,3.0,3.0,0.0,0.0
Shree#2,Shree,M P d M G r G r S,Shree/train_[pj--WoH0bow]_chunk2.mp3,pj--WoH0bow,24.2,24.84,3.0,3.0,0.0,0.0
Shree#2,Shree,M P d M G r G r S,Shree/train_[pj--WoH0bow]_chunk2.mp3,pj--WoH0bow,21.49,22.24,3.0,3.0,0.0,0.0
Shree#2,Shree,M P d M G r G r S,Shree/train_[pj--WoH0bow]_chunk2.mp3,pj--WoH0bow,17.1,17.74,3.0,3.0,0.0,0.0
Shree#2,Shree,M P d M G r G r S,Shree/train_[pj--WoH0bow]_chunk3.mp3,pj--WoH0bow,6.08,6.72,3.0,3.0,0.0,0.0
Shree#2,Shree,M P d M G r G r S,Shree/train_[pj--WoH0bow]_chunk3.mp3,pj--WoH0bow,23.29,23.93,3.0,3.0,0.0,0.0
Shree#2,Shree,M P d M G r G r S,Shree/train_[pj--WoH0bow]_chunk3.mp3,pj--WoH0bow,6.51,7.15,3.0,3.0,0.0,0.0
Shree#2,Shree,M P d M G r G r S,Shree/train_[pj--WoH0bow]_chunk3.mp3,pj--WoH0bow,22.93,23.57,3.0,3.0,0.0,0.0
Shree#2,Shree,M P d M G r G r S,Shree/train_[pj--WoH0bow]_chunk3.mp3,pj--WoH0bow,22.51,23.15,3.0,3.0,0.0,0.0
Shree#2,Shree,M P d M G r G r S,Shree/train_[pj--WoH0bow]_chunk4.mp3,pj--WoH0bow,3.59,4.39,3.0,3.0,0.0,0.0
Shree#2,Shree,M P d M G r G r S,Shree/train_[pj--WoH0bow]_chunk4.mp3,pj--WoH0bow,1.96,3.84,3.0,3.0,0.0,0.0
Shree#2,Shree,M P d M G r G r S,Shree/train_[pj--WoH0bow]_chunk4.mp3,pj--WoH0bow,13.4,14.12,3.0,3.0,0.0,0.0
Shree#2,Shree,M P d M G r G r S,Shree/train_[pj--WoH0bow]_chunk4.mp3,pj--WoH0bow,1.85,2.49,3.0,3.0,0.0,0.0
Shree#2,Shree,M P d M G r G r S,Shree/train_[pj--WoH0bow]_chunk4.mp3,pj--WoH0bow,24.37,25.03,3.0,3.0,0.0,0.0
Shree#2,Shree,M P d M G r G r S,Shree/train_[SCjQC_Bwwdw]_chunk2.mp3,SCjQC_Bwwdw,3.08,4.04,3.004,2.778,0.226,0.0
Shree#2,Shree,M P d M G r G r S,Shree/train_[SCjQC_Bwwdw]_chunk2.mp3,SCjQC_Bwwdw,11.29,12.46,3.023,3.0,0.0,0.023
Shree#2,Shree,M P d M G r G r S,Shree/train_[Ub1m8mVxvT0]_chunk4.mp3,Ub1m8mVxvT0,10.33,11.08,3.024,3.0,0.024,0.0
Shree#2,Shree,M P d M G r G r S,Shree/train_[SCjQC_Bwwdw]_chunk3.mp3,SCjQC_Bwwdw,14.61,15.32,3.025,3.0,0.025,0.0
Shree#2,Shree,M P d M G r G r S,Shree/train_[8xKjNTc8MGI]_chunk3.mp3,8xKjNTc8MGI,11.04,11.75,3.026,3.0,0.026,0.0
Shree#2,Shree,M P d M G r G r S,Shree/train_[Nh9dUYUgf8Y]_chunk4.mp3,Nh9dUYUgf8Y,18.58,19.34,3.026,3.0,0.026,0.0
Shree#2,Shree,M P d M G r G r S,Shree/train_[8xKjNTc8MGI]_chunk4.mp3,8xKjNTc8MGI,4.3,4.96,3.027,3.0,0.027,0.0
Shree#2,Shree,M P d M G r G r S,Shree/train_[8xKjNTc8MGI]_chunk0.mp3,8xKjNTc8MGI,14.17,14.83,3.028,3.0,0.0,0.028
Shree#2,Shree,M P d M G r G r S,Shree/train_[8xKjNTc8MGI]_chunk1.mp3,8xKjNTc8MGI,19.36,20.0,3.028,3.0,0.0,0.028
Shree#2,Shree,M P d M G r G r S,Shree/train_[Ub1m8mVxvT0]_chunk2.mp3,Ub1m8mVxvT0,13.92,14.56,3.028,3.0,0.0,0.028
Shree#2,Shree,M P d M G r G r S,Shree/train_[cPwiWDJa9OA]_chunk4.mp3,cPwiWDJa9OA,16.2,16.84,3.028,3.0,0.0,0.028
Shree#2,Shree,M P d M G r G r S,Shree/train_[GM3CVRpZlNI]_chunk0.mp3,GM3CVRpZlNI,11.48,12.37,3.04,3.0,0.02,0.02
Shree#2,Shree,M P d M G r G r S,Shree/train_[8xKjNTc8MGI]_chunk2.mp3,8xKjNTc8MGI,9.23,9.94,3.05,3.0,0.05,0.0
Shree#2,Shree,M P d M G r G r S,Shree/train_[SCjQC_Bwwdw]_chunk0.mp3,SCjQC_Bwwdw,0.8,1.55,3.05,3.0,0.05,0.0
Shree#2,Shree,M P d M G r G r S,Shree/train_[cPwiWDJa9OA]_chunk4.mp3,cPwiWDJa9OA,5.17,5.85,3.053,3.0,0.053,0.0
Shree#2,Shree,M P d M G r G r S,Shree/train_[Ub1m8mVxvT0]_chunk3.mp3,Ub1m8mVxvT0,19.34,20.0,3.054,3.0,0.0,0.054
Shree#2,Shree,M P d M G r G r S,Shree/train_[8xKjNTc8MGI]_chunk0.mp3,8xKjNTc8MGI,3.98,4.62,3.056,3.0,0.0,0.056
Shree#2,Shree,M P d M G r G r S,Shree/train_[SCjQC_Bwwdw]_chunk1.mp3,SCjQC_Bwwdw,22.44,23.11,3.056,3.0,0.0,0.056
Shree#2,Shree,M P d M G r G r S,Shree/train_[SCjQC_Bwwdw]_chunk2.mp3,SCjQC_Bwwdw,5.19,5.83,3.056,3.0,0.0,0.056
Shree#2,Shree,M P d M G r G r S,Shree/train_[YyJuFUz-kro]_chunk4.mp3,YyJuFUz-kro,14.67,15.38,3.075,3.0,0.075,0.0
Shree#2,Shree,M P d M G r G r S,Shree/train_[SCjQC_Bwwdw]_chunk1.mp3,SCjQC_Bwwdw,9.3,10.01,3.077,3.0,0.077,0.0
Shree#2,Shree,M P d M G r G r S,Shree/train_[GM3CVRpZlNI]_chunk2.mp3,GM3CVRpZlNI,8.62,9.26,3.083,3.0,0.0,0.083
Shree#2,Shree,M P d M G r G r S,Shree/train_[SCjQC_Bwwdw]_chunk1.mp3,SCjQC_Bwwdw,22.83,23.47,3.083,3.0,0.0,0.083
Shree#2,Shree,M P d M G r G r S,Shree/train_[SCjQC_Bwwdw]_chunk4.mp3,SCjQC_Bwwdw,3.64,4.59,3.094,3.0,0.019,0.075
Shree#2,Shree,M P d M G r G r S,Shree/train_[GM3CVRpZlNI]_chunk0.mp3,GM3CVRpZlNI,12.89,13.64,3.095,3.0,0.0,0.095
Shree#2,Shree,M P d M G r G r S,Shree/train_[GM3CVRpZlNI]_chunk0.mp3,GM3CVRpZlNI,16.18,16.82,3.111,3.0,0.0,0.111
Shree#2,Shree,M P d M G r G r S,Shree/train_[GM3CVRpZlNI]_chunk2.mp3,GM3CVRpZlNI,3.06,3.7,3.111,3.0,0.0,0.111
Shree#2,Shree,M P d M G r G r S,Shree/train_[8xKjNTc8MGI]_chunk3.mp3,8xKjNTc8MGI,18.19,19.02,3.119,3.0,0.119,0.0
Shree#2,Shree,M P d M G r G r S,Shree/train_[SCjQC_Bwwdw]_chunk2.mp3,SCjQC_Bwwdw,1.6,2.76,3.138,3.0,0.031,0.108
Shree#2,Shree,M P d M G r G r S,Shree/train_[8xKjNTc8MGI]_chunk3.mp3,8xKjNTc8MGI,0.05,0.69,3.139,3.0,0.0,0.139
Shree#2,Shree,M P d M G r G r S,Shree/train_[GM3CVRpZlNI]_chunk1.mp3,GM3CVRpZlNI,7.38,8.05,3.167,3.0,0.0,0.167
Shree#2,Shree,M P d M G r G r S,Shree/train_[SCjQC_Bwwdw]_chunk1.mp3,SCjQC_Bwwdw,2.56,3.2,3.167,3.0,0.0,0.167
Shree#2,Shree,M P d M G r G r S,Shree/train_[SCjQC_Bwwdw]_chunk4.mp3,SCjQC_Bwwdw,4.16,5.3,3.188,3.0,0.062,0.125
Shree#2,Shree,M P d M G r G r S,Shree/train_[SCjQC_Bwwdw]_chunk1.mp3,SCjQC_Bwwdw,23.22,24.05,3.194,3.0,0.0,0.194
Shree#2,Shree,M P d M G r G r S,Shree/train_[GM3CVRpZlNI]_chunk2.mp3,GM3CVRpZlNI,6.08,6.79,3.2,3.0,0.0,0.2
Shree#2,Shree,M P d M G r G r S,Shree/train_[GM3CVRpZlNI]_chunk0.mp3,GM3CVRpZlNI,13.6,14.65,3.203,3.0,0.203,0.0
Shree#2,Shree,M P d M G r G r S,Shree/train_[8xKjNTc8MGI]_chunk3.mp3,8xKjNTc8MGI,8.07,9.07,3.229,3.0,0.0,0.229
Shree#2,Shree,M P d M G r G r S,Shree/train_[SCjQC_Bwwdw]_chunk2.mp3,SCjQC_Bwwdw,17.81,18.68,3.229,3.0,0.188,0.042
Shree#2,Shree,M P d M G r G r S,Shree/train_[SCjQC_Bwwdw]_chunk3.mp3,SCjQC_Bwwdw,18.15,19.04,3.24,3.0,0.06,0.18
Shree#2,Shree,M P d M G r G r S,Shree/train_[SCjQC_Bwwdw]_chunk4.mp3,SCjQC_Bwwdw,18.92,19.57,3.25,3.0,0.0,0.25
Shree#2,Shree,M P d M G r G r S,Shree/train_[SCjQC_Bwwdw]_chunk3.mp3,SCjQC_Bwwdw,4.68,5.67,3.268,3.0,0.054,0.214
Shree#2,Shree,M P d M G r G r S,Shree/train_[SCjQC_Bwwdw]_chunk4.mp3,SCjQC_Bwwdw,5.35,6.26,3.289,3.0,0.0,0.289
Shree#2,Shree,M P d M G r G r S,Shree/train_[GM3CVRpZlNI]_chunk0.mp3,GM3CVRpZlNI,0.84,1.53,3.333,3.0,0.026,0.308
Shree#2,Shree,M P d M G r G r S,Shree/train_[SCjQC_Bwwdw]_chunk3.mp3,SCjQC_Bwwdw,15.06,15.75,3.368,3.0,0.053,0.316
Shree#2,Shree,M P d M G r G r S,Shree/train_[SCjQC_Bwwdw]_chunk3.mp3,SCjQC_Bwwdw,19.31,20.71,3.41,3.0,0.192,0.218
Shree#2,Shree,M P d M G r G r S,Shree/train_[YyJuFUz-kro]_chunk4.mp3,YyJuFUz-kro,11.06,12.27,3.5,3.0,0.235,0.265
Shree#2,Shree,M P d M G r G r S,Shree/train_[YyJuFUz-kro]_chunk4.mp3,YyJuFUz-kro,15.88,17.01,3.571,3.0,0.429,0.143
Shree#3,Shree,M P N `S `r,Shree/train_[1EcRrZvc52o]_chunk1.mp3,1EcRrZvc52o,14.77,17.71,0.0,0.0,0.0,0.0
Shree#3,Shree,M P N `S `r,Shree/train_[Ub1m8mVxvT0]_chunk3.mp3,Ub1m8mVxvT0,7.82,8.98,0.0,0.0,0.0,0.0
Shree#3,Shree,M P N `S `r,Shree/train_[Ub1m8mVxvT0]_chunk3.mp3,Ub1m8mVxvT0,4.94,5.49,0.0,0.0,0.0,0.0
Shree#3,Shree,M P N `S `r,Shree/train_[cPwiWDJa9OA]_chunk1.mp3,cPwiWDJa9OA,8.98,10.01,0.0,0.0,0.0,0.0
Shree#3,Shree,M P N `S `r,Shree/train_[Ub1m8mVxvT0]_chunk2.mp3,Ub1m8mVxvT0,14.24,15.47,0.113,0.019,0.094,0.0
Shree#3,Shree,M P N `S `r,Shree/train_[cPwiWDJa9OA]_chunk2.mp3,cPwiWDJa9OA,10.15,11.06,0.148,0.005,0.143,0.0
Shree#3,Shree,M P N `S `r,Shree/train_[cPwiWDJa9OA]_chunk1.mp3,cPwiWDJa9OA,1.08,1.94,0.254,0.175,0.079,0.0
Shree#3,Shree,M P N `S `r,Shree/train_[1EcRrZvc52o]_chunk0.mp3,1EcRrZvc52o,4.0,5.4,0.29,0.07,0.22,0.0
Shree#3,Shree,M P N `S `r,Shree/train_[8xKjNTc8MGI]_chunk1.mp3,8xKjNTc8MGI,17.23,17.83,0.376,0.2,0.176,0.0
Shree#3,Shree,M P N `S `r,Shree/train_[Nh9dUYUgf8Y]_chunk0.mp3,Nh9dUYUgf8Y,7.84,9.32,0.488,0.488,0.0,0.0
Shree#3,Shree,M P N `S `r,Shree/train_[Nh9dUYUgf8Y]_chunk4.mp3,Nh9dUYUgf8Y,16.96,17.78,0.503,0.412,0.023,0.068
Shree#3,Shree,M P N `S `r,Shree/train_[Nh9dUYUgf8Y]_chunk4.mp3,Nh9dUYUgf8Y,9.97,11.59,0.549,0.538,0.0,0.011
Shree#3,Shree,M P N `S `r,Shree/train_[YyJuFUz-kro]_chunk4.mp3,YyJuFUz-kro,15.88,16.32,0.552,0.427,0.125,0.0
Shree#3,Shree,M P N `S `r,Shree/train_[Nh9dUYUgf8Y]_chunk1.mp3,Nh9dUYUgf8Y,18.6,19.13,0.612,0.612,0.0,0.0
Shree#3,Shree,M P N `S `r,Shree/train_[YyJuFUz-kro]_chunk4.mp3,YyJuFUz-kro,13.71,14.06,0.65,0.65,0.0,0.0
Shree#3,Shree,M P N `S `r,Shree/train_[8xKjNTc8MGI]_chunk1.mp3,8xKjNTc8MGI,12.41,13.01,0.657,0.363,0.294,0.0
Shree#3,Shree,M P N `S `r,Shree/train_[Nh9dUYUgf8Y]_chunk0.mp3,Nh9dUYUgf8Y,15.24,19.48,0.685,0.538,0.147,0.0
Shree#3,Shree,M P N `S `r,Shree/train_[Nh9dUYUgf8Y]_chunk4.mp3,Nh9dUYUgf8Y,9.97,10.45,0.749,0.712,0.0,0.037
Shree#3,Shree,M P N `S `r,Shree/train_[Ub1m8mVxvT0]_chunk2.mp3,Ub1m8mVxvT0,0.48,1.23,0.756,0.55,0.206,0.0
Shree#3,Shree,M P N `S `r,Shree/train_[GM3CVRpZlNI]_chunk2.mp3,GM3CVRpZlNI,0.53,1.6,0.764,0.681,0.083,0.0
Shree#3,Shree,M P N `S `r,Shree/train_[8xKjNTc8MGI]_chunk3.mp3,8xKjNTc8MGI,11.8,12.43,0.787,0.787,0.0,0.0
Shree#3,Shree,M P N `S `r,Shree/train_[Ub1m8mVxvT0]_chunk3.mp3,Ub1m8mVxvT0,6.6,7.29,0.96,0.645,0.316,0.0
Shree#3,Shree,M P N `S `r,Shree/train_[cPwiWDJa9OA]_chunk3.mp3,cPwiWDJa9OA,22.29,22.76,1.004,0.889,0.115,0.0
Shree#3,Shree,M P N `S `r,Shree/train_[Ub1m8mVxvT0]_chunk0.mp3,Ub1m8mVxvT0,1.21,1.6,1.045,1.045,0.0,0.0
Shree#3,Shree,M P N `S `r,Shree/train_[8xKjNTc8MGI]_chunk3.mp3,8xKjNTc8MGI,18.35,18.97,1.142,1.113,0.029,0.0
Shree#3,Shree,M P N `S `r,Shree/train_[Ub1m8mVxvT0]_chunk0.mp3,Ub1m8mVxvT0,2.36,5.97,1.164,1.145,0.02,0.0
Shree#3,Shree,M P N `S `r,Shree/train_[cPwiWDJa9OA]_chunk3.mp3,cPwiWDJa9OA,20.05,20.59,1.189,1.089,0.1,0.0
Shree#3,Shree,M P N `S `r,Shree/train_[GM3CVRpZlNI]_chunk3.mp3,GM3CVRpZlNI,10.93,11.84,1.231,1.231,0.0,0.0
Shree#3,Shree,M P N `S `r,Shree/train_[Ub1m8mVxvT0]_chunk0.mp3,Ub1m8mVxvT0,14.06,14.74,1.255,1.255,0.0,0.0
Shree#3,Shree,M P N `S `r,Shree/train_[Ub1m8mVxvT0]_chunk4.mp3,Ub1m8mVxvT0,2.54,3.34,1.257,1.205,0.0,0.051
Shree#3,Shree,M P N `S `r,Shree/train_[GM3CVRpZlNI]_chunk2.mp3,GM3CVRpZlNI,7.04,7.56,1.269,1.269,0.0,0.0
Shree#3,Shree,M P N `S `r,Shree/train_[YyJuFUz-kro]_chunk4.mp3,YyJuFUz-kro,13.1,13.62,1.276,1.173,0.103,0.0
Shree#3,Shree,M P N `S `r,Shree/train_[Nh9dUYUgf8Y]_chunk4.mp3,Nh9dUYUgf8Y,18.58,19.25,1.412,1.412,0.0,0.0
Shree#3,Shree,M P N `S `r,Shree/train_[Nh9dUYUgf8Y]_chunk2.mp3,Nh9dUYUgf8Y,14.99,15.95,1.412,1.412,0.0,0.0
Shree#3,Shree,M P N `S `r,Shree/train_[GM3CVRpZlNI]_chunk2.mp3,GM3CVRpZlNI,15.25,16.12,1.435,0.19,0.143,0.102
Shree#3,Shree,M P N `S `r,Shree/train_[Ub1m8mVxvT0]_chunk3.mp3,Ub1m8mVxvT0,1.67,2.17,1.445,1.445,0.0,0.0
Shree#3,Shree,M P N `S `r,Shree/train_[Nh9dUYUgf8Y]_chunk0.mp3,Nh9dUYUgf8Y,15.24,16.39,1.474,1.412,0.062,0.0
Shree#3,Shree,M P N `S `r,Shree/train_[1EcRrZvc52o]_chunk4.mp3,1EcRrZvc52o,15.52,16.34,1.496,0.341,0.156,0.0
Shree#3,Shree,M P N `S `r,Shree/train_[Ub1m8mVxvT0]_chunk4.mp3,Ub1m8mVxvT0,1.03,1.51,1.545,1.545,0.0,0.0
Shree#3,Shree,M P N `S `r,Shree/train_[Ub1m8mVxvT0]_chunk3.mp3,Ub1m8mVxvT0,3.43,3.91,1.567,1.345,0.222,0.0
Shree#3,Shree,M P N `S `r,Shree/train_[8xKjNTc8MGI]_chunk3.mp3,8xKjNTc8MGI,12.87,13.32,1.583,1.463,0.08,0.04
Shree#3,Shree,M P N `S `r,Shree/train_[SCjQC_Bwwdw]_chunk1.mp3,SCjQC_Bwwdw,21.14,21.8,1.594,0.594,0.0,0.0
Shree#3,Shree,M P N `S `r,Shree/train_[GM3CVRpZlNI]_chunk3.mp3,GM3CVRpZlNI,9.14,9.64,1.631,1.631,0.0,0.0
Shree#3,Shree,M P N `S `r,Shree/train_[Ub1m8mVxvT0]_chunk4.mp3,Ub1m8mVxvT0,0.18,1.01,1.643,0.345,0.298,0.0
Shree#3,Shree,M P N `S `r,Shree/train_[Nh9dUYUgf8Y]_chunk1.mp3,Nh9dUYUgf8Y,12.75,14.08,1.652,1.612,0.0,0.04
Shree#3,Shree,M P N `S `r,Shree/train_[Ub1m8mVxvT0]_chunk2.mp3,Ub1m8mVxvT0,3.32,3.86,1.689,1.655,0.033,0.0
Shree#3,Shree,M P N `S `r,Shree/train_[YyJuFUz-kro]_chunk4.mp3,YyJuFUz-kro,18.99,19.72,1.763,0.373,0.341,0.049
Shree#3,Shree,M P N `S `r,Shree/train_[cPwiWDJa9OA]_chunk1.mp3,cPwiWDJa9OA,10.95,11.45,1.768,1.589,0.179,0.0
Shree#3,Shree,M P N `S `r,Shree/train_[8xKjNTc8MGI]_chunk4.mp3,8xKjNTc8MGI,7.0,7.52,1.82,0.713,0.0,0.107
Shree#3,Shree,M P N `S `r,Shree/train_[SCjQC_Bwwdw]_chunk3.mp3,SCjQC_Bwwdw,12.43,12.82,1.822,1.822,0.0,0.0
Shree#3,Shree,M P N `S `r,Shree/train_[1EcRrZvc52o]_chunk4.mp3,1EcRrZvc52o,6.31,7.32,1.882,0.619,0.246,0.018
Shree#3,Shree,M P N `S `r,Shree/train_[Ub1m8mVxvT0]_chunk1.mp3,Ub1m8mVxvT0,10.17,11.88,1.895,1.745,0.15,0.0
Shree#3,Shree,M P N `S `r,Shree/train_[pj--WoH0bow]_chunk0.mp3,pj--WoH0bow,2.26,3.45,1.922,1.892,0.03,0.0
Shree#3,Shree,M P N `S `r,Shree/train_[GM3CVRpZlNI]_chunk3.mp3,GM3CVRpZlNI,7.27,7.68,1.924,0.881,0.043,0.0
Shree#3,Shree,M P N `S `r,Shree/train_[1EcRrZvc52o]_chunk3.mp3,1EcRrZvc52o,5.26,5.8,1.948,0.881,0.067,0.0
Shree#3,Shree,M P N `S `r,Shree/train_[cPwiWDJa9OA]_chunk3.mp3,cPwiWDJa9OA,15.48,15.96,1.961,0.961,0.0,0.0
Shree#3,Shree,M P N `S `r,Shree/train_[8xKjNTc8MGI]_chunk4.mp3,8xKjNTc8MGI,13.03,13.48,2.107,0.987,0.0,0.12
Shree#3,Shree,M P N `S `r,Shree/train_[cPwiWDJa9OA]_chunk3.mp3,cPwiWDJa9OA,13.33,13.81,2.12,1.861,0.259,0.0
Shree#3,Shree,M P N `S `r,Shree/train_[Ub1m8mVxvT0]_chunk1.mp3,Ub1m8mVxvT0,18.79,19.95,2.125,2.055,0.0,0.07
Shree#3,Shree,M P N `S `r,Shree/train_[GM3CVRpZlNI]_chunk0.mp3,GM3CVRpZlNI,14.15,14.63,2.131,1.131,0.0,0.0
Shree#3,Shree,M P N `S `r,Shree/train_[GM3CVRpZlNI]_chunk3.mp3,GM3CVRpZlNI,15.24,16.05,2.206,1.181,0.025,0.0
Shree#3,Shree,M P N `S `r,Shree/train_[pj--WoH0bow]_chunk3.mp3,pj--WoH0bow,21.74,23.73,2.304,2.304,0.0,0.0
Shree#3,Shree,M P N `S `r,Shree/train_[pj--WoH0bow]_chunk3.mp3,pj--WoH0bow,21.74,22.33,2.304,2.304,0.0,0.0
Shree#3,Shree,M P N `S `r,Shree/train_[SCjQC_Bwwdw]_chunk0.mp3,SCjQC_Bwwdw,20.05,20.68,2.306,1.306,0.0,0.0
Shree#3,Shree,M P N `S `r,Shree/train_[Ub1m8mVxvT0]_chunk4.mp3,Ub1m8mVxvT0,17.08,17.48,2.309,2.172,0.0,0.136
Shree#3,Shree,M P N `S `r,Shree/train_[8xKjNTc8MGI]_chunk4.mp3,8xKjNTc8MGI,4.96,5.72,2.326,0.887,0.439,0.0
Shree#3,Shree,M P N `S `r,Shree/train_[GM3CVRpZlNI]_chunk3.mp3,GM3CVRpZlNI,17.42,17.81,2.376,1.331,0.0,0.045
Shree#3,Shree,M P N `S `r,Shree/train_[GM3CVRpZlNI]_chunk0.mp3,GM3CVRpZlNI,9.72,10.35,2.381,1.381,0.0,0.0
Shree#3,Shree,M P N `S `r,Shree/train_[1EcRrZvc52o]_chunk2.mp3,1EcRrZvc52o,16.53,17.56,2.416,1.381,0.0,0.034
Shree#3,Shree,M P N `S `r,Shree/train_[Ub1m8mVxvT0]_chunk0.mp3,Ub1m8mVxvT0,12.73,14.44,2.422,2.255,0.167,0.0
Shree#3,Shree,M P N `S `r,Shree/train_[SCjQC_Bwwdw]_chunk0.mp3,SCjQC_Bwwdw,6.84,7.2,2.456,1.306,0.0,0.15
Shree#3,Shree,M P N `S `r,Shree/train_[Ub1m8mVxvT0]_chunk1.mp3,Ub1m8mVxvT0,10.17,10.52,2.505,2.505,0.0,0.0
Shree#3,Shree,M P N `S `r,Shree/train_[SCjQC_Bwwdw]_chunk0.mp3,SCjQC_Bwwdw,18.13,18.54,2.525,1.394,0.087,0.043
Shree#3,Shree,M P N `S `r,Shree/train_[pj--WoH0bow]_chunk0.mp3,pj--WoH0bow,21.64,22.01,2.556,1.508,0.048,0.0
Shree#3,Shree,M P N `S `r,Shree/train_[GM3CVRpZlNI]_chunk0.mp3,GM3CVRpZlNI,11.48,12.23,2.62,1.331,0.263,0.026
Shree#3,Shree,M P N `S `r,Shree/train_[Ub1m8mVxvT0]_chunk0.mp3,Ub1m8mVxvT0,12.73,13.23,2.655,2.655,0.0,0.0
Shree#3,Shree,M P N `S `r,Shree/train_[GM3CVRpZlNI]_chunk1.mp3,GM3CVRpZlNI,3.4,4.32,2.681,1.431,0.173,0.077
Shree#3,Shree,M P N `S `r,Shree/train_[pj--WoH0bow]_chunk2.mp3,pj--WoH0bow,14.79,15.15,2.708,1.608,0.0,0.1
Shree#3,Shree,M P N `S `r,Shree/train_[8xKjNTc8MGI]_chunk3.mp3,8xKjNTc8MGI,15.89,16.5,2.732,1.732,0.0,0.0
Shree#3,Shree,M P N `S `r,Shree/train_[8xKjNTc8MGI]_chunk1.mp3,8xKjNTc8MGI,4.32,5.08,2.778,1.437,0.341,0.0
Shree#3,Shree,M P N `S `r,Shree/train_[SCjQC_Bwwdw]_chunk2.mp3,SCjQC_Bwwdw,12.02,12.37,2.806,1.756,0.0,0.05
Shree#3,Shree,M P N `S `r,Shree/train_[GM3CVRpZlNI]_chunk0.mp3,GM3CVRpZlNI,16.39,16.91,2.948,2.81,0.0,0.138
Shree#3,Shree,M P N `S `r,Shree/train_[Ub1m8mVxvT0]_chunk2.mp3,Ub1m8mVxvT0,8.07,8.46,2.972,2.972,0.0,0.0
Shree#3,Shree,M P N `S `r,Shree/train_[1EcRrZvc52o]_chunk0.mp3,1EcRrZvc52o,10.74,11.09,3.0,3.0,0.0,0.0
Shree#3,Shree,M P N `S `r,Shree/train_[1EcRrZvc52o]_chunk0.mp3,1EcRrZvc52o,11.11,11.48,3.0,3.0,0.0,0.0
Shree#3,Shree,M P N `S `r,Shree/train_[1EcRrZvc52o]_chunk0.mp3,1EcRrZvc52o,11.11,12.41,3.0,3.0,0.0,0.0
Shree#3,Shree,M P N `S `r,Shree/train_[1EcRrZvc52o]_chunk0.mp3,1EcRrZvc52o,9.62,10.06,3.0,3.0,0.0,0.0
Shree#3,Shree,M P N `S `r,Shree/train_[1EcRrZvc52o]_chunk1.mp3,1EcRrZvc52o,14.77,16.2,3.0,3.0,0.0,0.0
Shree#3,Shree,M P N `S `r,Shree/train_[1EcRrZvc52o]_chunk1.mp3,1EcRrZvc52o,14.77,15.82,3.0,3.0,0.0,0.0
Shree#3,Shree,M P N `S `r,Shree/train_[1EcRrZvc52o]_chunk1.mp3,1EcRrZvc52o,5.72,6.29,3.0,3.0,0.0,0.0
Shree#3,Shree,M P N `S `r,Shree/train_[1EcRrZvc52o]_chunk1.mp3,1EcRrZvc52o,14.77,15.91,3.0,3.0,0.0,0.0
Shree#3,Shree,M P N `S `r,Shree/train_[1EcRrZvc52o]_chunk2.mp3,1EcRrZvc52o,5.9,6.47,3.0,3.0,0.0,0.0
Shree#3,Shree,M P N `S `r,Shree/train_[1EcRrZvc52o]_chunk2.mp3,1EcRrZvc52o,5.42,5.78,3.0,3.0,0.0,0.0
Shree#3,Shree,M P N `S `r,Shree/train_[1EcRrZvc52o]_chunk2.mp3,1EcRrZvc52o,5.17,5.56,3.0,3.0,0.0,0.0
Shree#3,Shree,M P N `S `r,Shree/train_[1EcRrZvc52o]_chunk2.mp3,1EcRrZvc52o,12.37,12.76,3.0,3.0,0.0,0.0
Shree#3,Shree,M P N `S `r,Shree/train_[1EcRrZvc52o]_chunk3.mp3,1EcRrZvc52o,17.9,18.35,3.0,3.0,0.0,0.0
Shree#3,Shree,M P N `S `r,Shree/train_[1EcRrZvc52o]_chunk3.mp3,1EcRrZvc52o,3.29,3.68,3.0,3.0,0.0,0.0
Shree#3,Shree,M P N `S `r,Shree/train_[1EcRrZvc52o]_chunk3.mp3,1EcRrZvc52o,18.42,18.77,3.0,3.0,0.0,0.0
Shree#3,Shree,M P N `S `r,Shree/train_[1EcRrZvc52o]_chunk3.mp3,1EcRrZvc52o,18.2,18.56,3.0,3.0,0.0,0.0
Shree#3,Shree,M P N `S `r,Shree/train_[1EcRrZvc52o]_chunk4.mp3,1EcRrZvc52o,0.07,0.62,3.0,3.0,0.0,0.0
Shree#3,Shree,M P N `S `r,Shree/train_[1EcRrZvc52o]_chunk4.mp3,1EcRrZvc52o,3.95,4.36,3.0,3.0,0.0,0.0
Shree#3,Shree,M P N `S `r,Shree/train_[1EcRrZvc52o]_chunk4.mp3,1EcRrZvc52o,14.84,15.38,3.0,3.0,0.0,0.0
Shree#3,Shree,M P N `S `r,Shree/train_[8xKjNTc8MGI]_chunk0.mp3,8xKjNTc8MGI,2.13,3.15,3.0,3.0,0.0,0.0
Shree#3,Shree,M P N `S `r,Shree/train_[8xKjNTc8MGI]_chunk0.mp3,8xKjNTc8MGI,15.27,15.84,3.0,3.0,0.0,0.0
Shree#3,Shree,M P N `S `r,Shree/train_[8xKjNTc8MGI]_chunk1.mp3,8xKjNTc8MGI,6.38,6.76,3.0,3.0,0.0,0.0
Shree#3,Shree,M P N `S `r,Shree/train_[8xKjNTc8MGI]_chunk1.mp3,8xKjNTc8MGI,1.33,1.69,3.0,3.0,0.0,0.0
Shree#3,Shree,M P N `S `r,Shree/train_[8xKjNTc8MGI]_chunk2.mp3,8xKjNTc8MGI,3.57,4.09,3.0,3.0,0.0,0.0
Shree#3,Shree,M P N `S `r,Shree/train_[8xKjNTc8MGI]_chunk2.mp3,8xKjNTc8MGI,1.81,2.31,3.0,3.0,0.0,0.0
Shree#3,Shree,M P N `S `r,Shree/train_[8xKjNTc8MGI]_chunk3.mp3,8xKjNTc8MGI,2.93,3.29,3.0,3.0,0.0,0.0
Shree#3,Shree,M P N `S `r,Shree/train_[8xKjNTc8MGI]_chunk4.mp3,8xKjNTc8MGI,15.72,16.18,3.0,3.0,0.0,0.0
Shree#3,Shree,M P N `S `r,Shree/train_[8xKjNTc8MGI]_chunk4.mp3,8xKjNTc8MGI,18.81,19.22,3.0,3.0,0.0,0.0
Shree#3,Shree,M P N `S `r,Shree/train_[GM3CVRpZlNI]_chunk0.mp3,GM3CVRpZlNI,15.52,15.91,3.0,3.0,0.0,0.0
Shree#3,Shree,M P N `S `r,Shree/train_[GM3CVRpZlNI]_chunk1.mp3,GM3CVRpZlNI,12.78,13.16,3.0,3.0,0.0,0.0
Shree#3,Shree,M P N `S `r,Shree/train_[GM3CVRpZlNI]_chunk1.mp3,GM3CVRpZlNI,10.95,11.48,3.0,3.0,0.0,0.0
Shree#3,Shree,M P N `S `r,Shree/train_[GM3CVRpZlNI]_chunk1.mp3,GM3CVRpZlNI,16.27,16.73,3.0,3.0,0.0,0.0
Shree#3,Shree,M P N `S `r,Shree/train_[GM3CVRpZlNI]_chunk1.mp3,GM3CVRpZlNI,11.38,11.75,3.0,3.0,0.0,0.0
Shree#3,Shree,M P N `S `r,Shree/train_[GM3CVRpZlNI]_chunk2.mp3,GM3CVRpZlNI,6.1,6.51,3.0,3.0,0.0,0.0
Shree#3,Shree,M P N `S `r,Shree/train_[GM3CVRpZlNI]_chunk2.mp3,GM3CVRpZlNI,13.07,13.44,3.0,3.0,0.0,0.0
Shree#3,Shree,M P N `S `r,Shree/train_[GM3CVRpZlNI]_chunk4.mp3,GM3CVRpZlNI,2.63,3.06,3.0,3.0,0.0,0.0
Shree#3,Shree,M P N `S `r,Shree/train_[GM3CVRpZlNI]_chunk4.mp3,GM3CVRpZlNI,10.72,11.18,3.0,3.0,0.0,0.0
Shree#3,Shree,M P N `S `r,Shree/train_[GM3CVRpZlNI]_chunk4.mp3,GM3CVRpZlNI,12.43,13.1,3.0,3.0,0.0,0.0
Shree#3,Shree,M P N `S `r,Shree/train_[GM3CVRpZlNI]_chunk4.mp3,GM3CVRpZlNI,11.79,12.55,3.0,3.0,0.0,0.0
Shree#3,Shree,M P N `S `r,Shree/train_[GM3CVRpZlNI]_chunk4.mp3,GM3CVRpZlNI,14.45,14.83,3.0,3.0,0.0,0.0
Shree#3,Shree,M P N `S `r,Shree/train_[Nh9dUYUgf8Y]_chunk0.mp3,Nh9dUYUgf8Y,7.84,8.21,3.0,3.0,0.0,0.0
Shree#3,Shree,M P N `S `r,Shree/train_[Nh9dUYUgf8Y]_chunk0.mp3,Nh9dUYUgf8Y,15.22,15.57,3.0,3.0,0.0,0.0
Shree#3,Shree,M P N `S `r,Shree/train_[Nh9dUYUgf8Y]_chunk1.mp3,Nh9dUYUgf8Y,14.9,15.4,3.0,3.0,0.0,0.0
Shree#3,Shree,M P N `S `r,Shree/train_[Nh9dUYUgf8Y]_chunk1.mp3,Nh9dUYUgf8Y,14.9,16.57,3.0,3.0,0.0,0.0
Shree#3,Shree,M P N `S `r,Shree/train_[Nh9dUYUgf8Y]_chunk1.mp3,Nh9dUYUgf8Y,5.32,5.67,3.0,3.0,0.0,0.0
Shree#3,Shree,M P N `S `r,Shree/train_[Nh9dUYUgf8Y]_chunk2.mp3,Nh9dUYUgf8Y,11.48,11.91,3.0,3.0,0.0,0.0
Shree#3,Shree,M P N `S `r,Shree/train_[Nh9dUYUgf8Y]_chunk2.mp3,Nh9dUYUgf8Y,11.48,12.91,3.0,3.0,0.0,0.0
Shree#3,Shree,M P N `S `r,Shree/train_[Nh9dUYUgf8Y]_chunk2.mp3,Nh9dUYUgf8Y,10.84,11.32,3.0,3.0,0.0,0.0
Shree#3,Shree,M P N `S `r,Shree/train_[Nh9dUYUgf8Y]_chunk2.mp3,Nh9dUYUgf8Y,9.55,10.04,3.0,3.0,0.0,0.0
Shree#3,Shree,M P N `S `r,Shree/train_[Nh9dUYUgf8Y]_chunk3.mp3,Nh9dUYUgf8Y,17.24,17.67,3.0,3.0,0.0,0.0
Shree#3,Shree,M P N `S `r,Shree/train_[Nh9dUYUgf8Y]_chunk3.mp3,Nh9dUYUgf8Y,6.95,7.32,3.0,3.0,0.0,0.0
Shree#3,Shree,M P N `S `r,Shree/train_[Nh9dUYUgf8Y]_chunk4.mp3,Nh9dUYUgf8Y,19.41,20.0,3.0,3.0,0.0,0.0
Shree#3,Shree,M P N `S `r,Shree/train_[SCjQC_Bwwdw]_chunk0.mp3,SCjQC_Bwwdw,3.86,4.28,3.0,3.0,0.0,0.0
Shree#3,Shree,M P N `S `r,Shree/train_[SCjQC_Bwwdw]_chunk1.mp3,SCjQC_Bwwdw,22.24,22.84,3.0,3.0,0.0,0.0
Shree#3,Shree,M P N `S `r,Shree/train_[Ub1m8mVxvT0]_chunk1.mp3,Ub1m8mVxvT0,17.23,18.04,3.0,3.0,0.0,0.0
Shree#3,Shree,M P N `S `r,Shree/train_[Ub1m8mVxvT0]_chunk1.mp3,Ub1m8mVxvT0,17.9,18.26,3.0,3.0,0.0,0.0
Shree#3,Shree,M P N `S `r,Shree/train_[Ub1m8mVxvT0]_chunk2.mp3,Ub1m8mVxvT0,16.85,17.21,3.0,3.0,0.0,0.0
Shree#3,Shree,M P N `S `r,Shree/train_[Ub1m8mVxvT0]_chunk4.mp3,Ub1m8mVxvT0,12.09,12.52,3.0,3.0,0.0,0.0
Shree#3,Shree,M P N `S `r,Shree/train_[YyJuFUz-kro]_chunk0.mp3,YyJuFUz-kro,0.5,0.89,3.0,3.0,0.0,0.0
Shree#3,Shree,M P N `S `r,Shree/train_[YyJuFUz-kro]_chunk0.mp3,YyJuFUz-kro,13.92,14.42,3.0,3.0,0.0,0.0
Shree#3,Shree,M P N `S `r,Shree/train_[YyJuFUz-kro]_chunk0.mp3,YyJuFUz-kro,19.09,19.82,3.0,3.0,0.0,0.0
Shree#3,Shree,M P N `S `r,Shree/train_[YyJuFUz-kro]_chunk0.mp3,YyJuFUz-kro,4.5,4.85,3.0,3.0,0.0,0.0
Shree#3,Shree,M P N `S `r,Shree/train_[YyJuFUz-kro]_chunk0.mp3,YyJuFUz-kro,3.68,4.04,3.0,3.0,0.0,0.0
Shree#3,Shree,M P N `S `r,Shree/train_[YyJuFUz-kro]_chunk1.mp3,YyJuFUz-kro,8.78,9.78,3.0,3.0,0.0,0.0
Shree#3,Shree,M P N `S `r,Shree/train_[YyJuFUz-kro]_chunk1.mp3,YyJuFUz-kro,11.09,11.96,3.0,3.0,0.0,0.0
Shree#3,Shree,M P N `S `r,Shree/train_[YyJuFUz-kro]_chunk1.mp3,YyJuFUz-kro,12.57,13.26,3.0,3.0,0.0,0.0
Shree#3,Shree,M P N `S `r,Shree/train_[YyJuFUz-kro]_chunk1.mp3,YyJuFUz-kro,13.53,13.88,3.0,3.0,0.0,0.0
Shree#3,Shree,M P N `S `r,Shree/train_[YyJuFUz-kro]_chunk1.mp3,YyJuFUz-kro,8.52,8.87,3.0,3.0,0.0,0.0
Shree#3,Shree,M P N `S `r,Shree/train_[YyJuFUz-kro]_chunk2.mp3,YyJuFUz-kro,2.81,3.16,3.0,3.0,0.0,0.0
Shree#3,Shree,M P N `S `r,Shree/train_[YyJuFUz-kro]_chunk2.mp3,YyJuFUz-kro,3.13,3.89,3.0,3.0,0.0,0.0
Shree#3,Shree,M P N `S `r,Shree/train_[YyJuFUz-kro]_chunk2.mp3,YyJuFUz-kro,9.16,9.53,3.0,3.0,0.0,0.0
Shree#3,Shree,M P N `S `r,Shree/train_[YyJuFUz-kro]_chunk2.mp3,YyJuFUz-kro,8.39,8.82,3.0,3.0,0.0,0.0
Shree#3,Shree,M P N `S `r,Shree/train_[YyJuFUz-kro]_chunk2.mp3,YyJuFUz-kro,6.99,7.47,3.0,3.0,0.0,0.0
Shree#3,Shree,M P N `S `r,Shree/train_[YyJuFUz-kro]_chunk3.mp3,YyJuFUz-kro,2.49,3.24,3.0,3.0,0.0,0.0
Shree#3,Shree,M P N `S `r,Shree/train_[YyJuFUz-kro]_chunk3.mp3,YyJuFUz-kro,1.78,2.42,3.0,3.0,0.0,0.0
Shree#3,Shree,M P N `S `r,Shree/train_[YyJuFUz-kro]_chunk3.mp3,YyJuFUz-kro,2.29,2.65,3.0,3.0,0.0,0.0
Shree#3,Shree,M P N `S `r,Shree/train_[YyJuFUz-kro]_chunk3.mp3,YyJuFUz-kro,13.24,13.6,3.0,3.0,0.0,0.0
Shree#3,Shree,M P N `S `r,Shree/train_[YyJuFUz-kro]_chunk3.mp3,YyJuFUz-kro,12.44,12.8,3.0,3.0,0.0,0.0
Shree#3,Shree,M P N `S `r,Shree/train_[YyJuFUz-kro]_chunk4.mp3,YyJuFUz-kro,15.06,15.45,3.0,3.0,0.0,0.0
Shree#3,Shree,M P N `S `r,Shree/train_[cPwiWDJa9OA]_chunk0.mp3,cPwiWDJa9OA,14.31,14.67,3.0,3.0,0.0,0.0
Shree#3,Shree,M P N `S `r,Shree/train_[cPwiWDJa9OA]_chunk0.mp3,cPwiWDJa9OA,0.46,0.82,3.0,3.0,0.0,0.0
Shree#3,Shree,M P N `S `r,Shree/train_[cPwiWDJa9OA]_chunk0.mp3,cPwiWDJa9OA,0.0,0.46,3.0,3.0,0.0,0.0
Shree#3,Shree,M P N `S `r,Shree/train_[cPwiWDJa9OA]_chunk0.mp3,cPwiWDJa9OA,10.33,10.68,3.0,3.0,0.0,0.0
Shree#3,Shree,M P N `S `r,Shree/train_[cPwiWDJa9OA]_chunk0.mp3,cPwiWDJa9OA,17.03,17.39,3.0,3.0,0.0,0.0
Shree#3,Shree,M P N `S `r,Shree/train_[cPwiWDJa9OA]_chunk1.mp3,cPwiWDJa9OA,3.11,3.64,3.0,3.0,0.0,0.0
Shree#3,Shree,M P N `S `r,Shree/train_[cPwiWDJa9OA]_chunk1.mp3,cPwiWDJa9OA,18.06,18.61,3.0,3.0,0.0,0.0
Shree#3,Shree,M P N `S `r,Shree/train_[cPwiWDJa9OA]_chunk2.mp3,cPwiWDJa9OA,3.48,3.86,3.0,3.0,0.0,0.0
Shree#3,Shree,M P N `S `r,Shree/train_[cPwiWDJa9OA]_chunk2.mp3,cPwiWDJa9OA,18.22,18.58,3.0,3.0,0.0,0.0
Shree#3,Shree,M P N `S `r,Shree/train_[cPwiWDJa9OA]_chunk2.mp3,cPwiWDJa9OA,13.88,14.26,3.0,3.0,0.0,0.0
Shree#3,Shree,M P N `S `r,Shree/train_[cPwiWDJa9OA]_chunk2.mp3,cPwiWDJa9OA,4.41,4.76,3.0,3.0,0.0,0.0
Shree#3,Shree,M P N `S `r,Shree/train_[cPwiWDJa9OA]_chunk3.mp3,cPwiWDJa9OA,5.6,5.96,3.0,3.0,0.0,0.0
Shree#3,Shree,M P N `S `r,Shree/train_[cPwiWDJa9OA]_chunk4.mp3,cPwiWDJa9OA,11.4,12.12,3.0,3.0,0.0,0.0
Shree#3,Shree,M P N `S `r,Shree/train_[cPwiWDJa9OA]_chunk4.mp3,cPwiWDJa9OA,19.34,19.7,3.0,3.0,0.0,0.0
Shree#3,Shree,M P N `S `r,Shree/train_[cPwiWDJa9OA]_chunk4.mp3,cPwiWDJa9OA,7.86,8.28,3.0,3.0,0.0,0.0
Shree#3,Shree,M P N `S `r,Shree/train_[cPwiWDJa9OA]_chunk4.mp3,cPwiWDJa9OA,15.82,16.18,3.0,3.0,0.0,0.0
Shree#3,Shree,M P N `S `r,Shree/train_[pj--WoH0bow]_chunk0.mp3,pj--WoH0bow,13.07,13.48,3.0,3.0,0.0,0.0
Shree#3,Shree,M P N `S `r,Shree/train_[pj--WoH0bow]_chunk0.mp3,pj--WoH0bow,25.19,25.97,3.0,3.0,0.0,0.0
Shree#3,Shree,M P N `S `r,Shree/train_[pj--WoH0bow]_chunk0.mp3,pj--WoH0bow,14.99,15.36,3.0,3.0,0.0,0.0
Shree#3,Shree,M P N `S `r,Shree/train_[pj--WoH0bow]_chunk1.mp3,pj--WoH0bow,9.78,10.49,3.0,3.0,0.0,0.0
Shree#3,Shree,M P N `S `r,Shree/train_[pj--WoH0bow]_chunk1.mp3,pj--WoH0bow,26.6,27.02,3.0,3.0,0.0,0.0
Shree#3,Shree,M P N `S `r,Shree/train_[pj--WoH0bow]_chunk1.mp3,pj--WoH0bow,25.03,25.42,3.0,3.0,0.0,0.0
Shree#3,Shree,M P N `S `r,Shree/train_[pj--WoH0bow]_chunk1.mp3,pj--WoH0bow,9.53,9.9,3.0,3.0,0.0,0.0
Shree#3,Shree,M P N `S `r,Shree/train_[pj--WoH0bow]_chunk1.mp3,pj--WoH0bow,24.0,24.36,3.0,3.0,0.0,0.0
Shree#3,Shree,M P N `S `r,Shree/train_[pj--WoH0bow]_chunk2.mp3,pj--WoH0bow,6.17,6.92,3.0,3.0,0.0,0.0
Shree#3,Shree,M P N `S `r,Shree/train_[pj--WoH0bow]_chunk2.mp3,pj--WoH0bow,17.58,18.15,3.0,3.0,0.0,0.0
Shree#3,Shree,M P N `S `r,Shree/train_[pj--WoH0bow]_chunk2.mp3,pj--WoH0bow,24.36,24.84,3.0,3.0,0.0,0.0
Shree#3,Shree,M P N `S `r,Shree/train_[pj--WoH0bow]_chunk2.mp3,pj--WoH0bow,0.71,1.1,3.0,3.0,0.0,0.0
Shree#3,Shree,M P N `S `r,Shree/train_[pj--WoH0bow]_chunk3.mp3,pj--WoH0bow,6.47,6.9,3.0,3.0,0.0,0.0
Shree#3,Shree,M P N `S `r,Shree/train_[pj--WoH0bow]_chunk3.mp3,pj--WoH0bow,25.6,25.96,3.0,3.0,0.0,0.0
Shree#3,Shree,M P N `S `r,Shree/train_[pj--WoH0bow]_chunk3.mp3,pj--WoH0bow,6.29,6.65,3.0,3.0,0.0,0.0
Shree#3,Shree,M P N `S `r,Shree/train_[pj--WoH0bow]_chunk4.mp3,pj--WoH0bow,9.21,9.58,3.0,3.0,0.0,0.0
Shree#3,Shree,M P N `S `r,Shree/train_[pj--WoH0bow]_chunk4.mp3,pj--WoH0bow,3.41,3.77,3.0,3.0,0.0,0.0
Shree#3,Shree,M P N `S `r,Shree/train_[pj--WoH0bow]_chunk4.mp3,pj--WoH0bow,14.33,14.68,3.0,3.0,0.0,0.0
Shree#3,Shree,M P N `S `r,Shree/train_[pj--WoH0bow]_chunk4.mp3,pj--WoH0bow,1.96,2.31,3.0,3.0,0.0,0.0
Shree#3,Shree,M P N `S `r,Shree/train_[pj--WoH0bow]_chunk4.mp3,pj--WoH0bow,1.96,3.15,3.0,3.0,0.0,0.0
Shree#3,Shree,M P N `S `r,Shree/train_[8xKjNTc8MGI]_chunk0.mp3,8xKjNTc8MGI,14.19,14.58,3.045,3.0,0.0,0.045
Shree#3,Shree,M P N `S `r,Shree/train_[8xKjNTc8MGI]_chunk2.mp3,8xKjNTc8MGI,7.82,8.34,3.048,3.0,0.048,0.0
Shree#3,Shree,M P N `S `r,Shree/train_[cPwiWDJa9OA]_chunk4.mp3,cPwiWDJa9OA,0.14,0.5,3.05,3.0,0.0,0.05
Shree#3,Shree,M P N `S `r,Shree/train_[SCjQC_Bwwdw]_chunk1.mp3,SCjQC_Bwwdw,3.04,5.58,3.077,3.0,0.0,0.077
Shree#3,Shree,M P N `S `r,Shree/train_[8xKjNTc8MGI]_chunk0.mp3,8xKjNTc8MGI,3.88,4.27,3.091,3.0,0.0,0.091
Shree#3,Shree,M P N `S `r,Shree/train_[SCjQC_Bwwdw]_chunk1.mp3,SCjQC_Bwwdw,22.83,23.32,3.1,3.0,0.0,0.1
Shree#3,Shree,M P N `S `r,Shree/train_[8xKjNTc8MGI]_chunk2.mp3,8xKjNTc8MGI,0.0,0.52,3.138,3.0,0.0,0.138
Shree#3,Shree,M P N `S `r,Shree/train_[SCjQC_Bwwdw]_chunk0.mp3,SCjQC_Bwwdw,22.77,23.8,3.14,3.0,0.0,0.14
Shree#3,Shree,M P N `S `r,Shree/train_[8xKjNTc8MGI]_chunk2.mp3,8xKjNTc8MGI,12.92,13.39,3.154,3.0,0.0,0.154
Shree#3,Shree,M P N `S `r,Shree/train_[Nh9dUYUgf8Y]_chunk3.mp3,Nh9dUYUgf8Y,8.48,8.92,3.16,3.0,0.0,0.16
Shree#3,Shree,M P N `S `r,Shree/train_[SCjQC_Bwwdw]_chunk1.mp3,SCjQC_Bwwdw,16.23,17.96,3.165,3.0,0.0,0.165
Shree#3,Shree,M P N `S `r,Shree/train_[8xKjNTc8MGI]_chunk0.mp3,8xKjNTc8MGI,16.6,17.78,3.182,3.0,0.0,0.182
Shree#3,Shree,M P N `S `r,Shree/train_[SCjQC_Bwwdw]_chunk3.mp3,SCjQC_Bwwdw,6.51,7.72,3.191,3.0,0.0,0.191
Shree#3,Shree,M P N `S `r,Shree/train_[SCjQC_Bwwdw]_chunk2.mp3,SCjQC_Bwwdw,1.6,2.68,3.213,3.0,0.098,0.115
Shree#3,Shree,M P N `S `r,Shree/train_[SCjQC_Bwwdw]_chunk2.mp3,SCjQC_Bwwdw,14.72,15.36,3.222,3.0,0.0,0.222
Shree#3,Shree,M P N `S `r,Shree/train_[SCjQC_Bwwdw]_chunk2.mp3,SCjQC_Bwwdw,0.04,0.55,3.276,3.0,0.0,0.276
Shree#3,Shree,M P N `S `r,Shree/train_[SCjQC_Bwwdw]_chunk4.mp3,SCjQC_Bwwdw,15.86,16.41,3.29,3.0,0.0,0.29
Shree#3,Shree,M P N `S `r,Shree/train_[SCjQC_Bwwdw]_chunk3.mp3,SCjQC_Bwwdw,5.42,5.88,3.308,3.0,0.038,0.269
Shree#3,Shree,M P N `S `r,Shree/train_[SCjQC_Bwwdw]_chunk4.mp3,SCjQC_Bwwdw,5.35,6.03,3.333,3.0,0.0,0.333
Shree#3,Shree,M P N `S `r,Shree/train_[SCjQC_Bwwdw]_chunk3.mp3,SCjQC_Bwwdw,16.5,16.91,3.348,3.0,0.0,0.348
Shree#3,Shree,M P N `S `r,Shree/train_[SCjQC_Bwwdw]_chunk4.mp3,SCjQC_Bwwdw,19.24,19.64,3.348,3.0,0.0,0.348
Shree#3,Shree,M P N `S `r,Shree/train_[SCjQC_Bwwdw]_chunk4.mp3,SCjQC_Bwwdw,4.68,5.1,3.35,3.0,0.0,0.35
Shree#3,Shree,M P N `S `r,Shree/train_[SCjQC_Bwwdw]_chunk4.mp3,SCjQC_Bwwdw,23.13,23.73,3.353,3.0,0.029,0.324
Shree#3,Shree,M P N `S `r,Shree/train_[SCjQC_Bwwdw]_chunk2.mp3,SCjQC_Bwwdw,0.57,1.16,3.364,3.0,0.0,0.364
Shree#3,Shree,M P N `S `r,Shree/train_[Nh9dUYUgf8Y]_chunk3.mp3,Nh9dUYUgf8Y,10.97,11.66,3.385,3.0,0.0,0.385
Shree#3,Shree,M P N `S `r,Shree/train_[Nh9dUYUgf8Y]_chunk3.mp3,Nh9dUYUgf8Y,17.83,18.19,3.4,3.0,0.0,0.4
Shree#3,Shree,M P N `S `r,Shree/train_[SCjQC_Bwwdw]_chunk3.mp3,SCjQC_Bwwdw,5.14,5.62,3.444,3.0,0.0,0.444
Shree#4,Shree,`r N d P,Shree/train_[Ub1m8mVxvT0]_chunk2.mp3,Ub1m8mVxvT0,2.24,2.9,0.0,0.0,0.0,0.0
Shree#4,Shree,`r N d P,Shree/train_[cPwiWDJa9OA]_chunk1.mp3,cPwiWDJa9OA,19.95,20.73,0.0,0.0,0.0,0.0
Shree#4,Shree,`r N d P,Shree/train_[cPwiWDJa9OA]_chunk2.mp3,cPwiWDJa9OA,11.32,11.91,0.0,0.0,0.0,0.0
Shree#4,Shree,`r N d P,Shree/train_[1EcRrZvc52o]_chunk1.mp3,1EcRrZvc52o,18.83,19.66,0.041,0.041,0.0,0.0
Shree#4,Shree,`r N d P,Shree/train_[1EcRrZvc52o]_chunk0.mp3,1EcRrZvc52o,0.12,1.14,0.059,0.0,0.059,0.0
Shree#4,Shree,`r N d P,Shree/train_[Ub1m8mVxvT0]_chunk1.mp3,Ub1m8mVxvT0,8.36,9.3,0.072,0.072,0.0,0.0
Shree#4,Shree,`r N d P,Shree/train_[Ub1m8mVxvT0]_chunk1.mp3,Ub1m8mVxvT0,5.21,6.76,0.101,0.06,0.041,0.0
Shree#4,Shree,`r N d P,Shree/train_[8xKjNTc8MGI]_chunk3.mp3,8xKjNTc8MGI,16.43,17.05,0.286,0.0,0.286,0.0
Shree#4,Shree,`r N d P,Shree/train_[Ub1m8mVxvT0]_chunk3.mp3,Ub1m8mVxvT0,7.24,7.73,0.308,0.022,0.286,0.0
Shree#4,Shree,`r N d P,Shree/train_[Ub1m8mVxvT0]_chunk3.mp3,Ub1m8mVxvT0,4.41,4.91,0.322,0.322,0.0,0.0
Shree#4,Shree,`r N d P,Shree/train_[cPwiWDJa9OA]_chunk2.mp3,cPwiWDJa9OA,3.79,5.16,0.59,0.044,0.545,0.0
Shree#4,Shree,`r N d P,Shree/train_[Nh9dUYUgf8Y]_chunk1.mp3,Nh9dUYUgf8Y,16.5,16.84,0.594,0.594,0.0,0.0
Shree#4,Shree,`r N d P,Shree/train_[8xKjNTc8MGI]_chunk3.mp3,8xKjNTc8MGI,17.71,18.13,0.638,0.513,0.125,0.0
Shree#4,Shree,`r N d P,Shree/train_[YyJuFUz-kro]_chunk4.mp3,YyJuFUz-kro,12.85,13.74,0.641,0.061,0.5,0.08
Shree#4,Shree,`r N d P,Shree/train_[YyJuFUz-kro]_chunk4.mp3,YyJuFUz-kro,9.49,9.8,0.681,0.623,0.059,0.0
Shree#4,Shree,`r N d P,Shree/train_[Ub1m8mVxvT0]_chunk3.mp3,Ub1m8mVxvT0,5.97,6.68,0.707,0.528,0.179,0.0
Shree#4,Shree,`r N d P,Shree/train_[8xKjNTc8MGI]_chunk2.mp3,8xKjNTc8MGI,4.48,5.01,0.72,0.487,0.233,0.0
Shree#4,Shree,`r N d P,Shree/train_[YyJuFUz-kro]_chunk4.mp3,YyJuFUz-kro,13.51,13.87,0.83,0.777,0.053,0.0
Shree#4,Shree,`r N d P,Shree/train_[Ub1m8mVxvT0]_chunk0.mp3,Ub1m8mVxvT0,2.12,2.51,0.85,0.85,0.0,0.0
Shree#4,Shree,`r N d P,Shree/train_[Ub1m8mVxvT0]_chunk0.mp3,Ub1m8mVxvT0,12.53,12.85,0.955,0.955,0.0,0.0
Shree#4,Shree,`r N d P,Shree/train_[Ub1m8mVxvT0]_chunk3.mp3,Ub1m8mVxvT0,3.09,3.57,0.995,0.755,0.24,0.0
Shree#4,Shree,`r N d P,Shree/train_[Ub1m8mVxvT0]_chunk2.mp3,Ub1m8mVxvT0,13.88,14.19,1.064,1.005,0.0,0.059
Shree#4,Shree,`r N d P,Shree/train_[8xKjNTc8MGI]_chunk1.mp3,8xKjNTc8MGI,19.25,19.7,1.183,0.863,0.32,0.0
Shree#4,Shree,`r N d P,Shree/train_[GM3CVRpZlNI]_chunk2.mp3,GM3CVRpZlNI,0.0,0.53,1.2,1.2,0.0,0.0
Shree#4,Shree,`r N d P,Shree/train_[Ub1m8mVxvT0]_chunk3.mp3,Ub1m8mVxvT0,6.45,6.93,1.235,0.955,0.28,0.0
Shree#4,Shree,`r N d P,Shree/train_[Nh9dUYUgf8Y]_chunk4.mp3,Nh9dUYUgf8Y,15.73,16.57,1.24,1.112,0.128,0.0
Shree#4,Shree,`r N d P,Shree/train_[SCjQC_Bwwdw]_chunk3.mp3,SCjQC_Bwwdw,14.12,14.44,1.261,1.094,0.0,0.167
Shree#4,Shree,`r N d P,Shree/train_[GM3CVRpZlNI]_chunk0.mp3,GM3CVRpZlNI,16.02,16.68,1.319,1.319,0.0,0.0
Shree#4,Shree,`r N d P,Shree/train_[Ub1m8mVxvT0]_chunk4.mp3,Ub1m8mVxvT0,0.46,1.17,1.34,0.955,0.385,0.0
Shree#4,Shree,`r N d P,Shree/train_[GM3CVRpZlNI]_chunk2.mp3,GM3CVRpZlNI,8.55,9.23,1.418,1.181,0.158,0.079
Shree#4,Shree,`r N d P,Shree/train_[cPwiWDJa9OA]_chunk0.mp3,cPwiWDJa9OA,3.43,4.64,1.46,0.0,0.46,0.0
Shree#4,Shree,`r N d P,Shree/train_[YyJuFUz-kro]_chunk4.mp3,YyJuFUz-kro,9.81,10.12,1.5,1.5,0.0,0.0
Shree#4,Shree,`r N d P,Shree/train_[GM3CVRpZlNI]_chunk3.mp3,GM3CVRpZlNI,8.57,9.28,1.531,1.531,0.0,0.0
Shree#4,Shree,`r N d P,Shree/train_[8xKjNTc8MGI]_chunk1.mp3,8xKjNTc8MGI,11.52,12.09,1.563,0.563,0.0,0.0
Shree#4,Shree,`r N d P,Shree/train_[cPwiWDJa9OA]_chunk3.mp3,cPwiWDJa9OA,8.11,8.57,1.575,0.295,0.28,0.0
Shree#4,Shree,`r N d P,Shree/train_[cPwiWDJa9OA]_chunk1.mp3,cPwiWDJa9OA,0.6,0.94,1.589,1.589,0.0,0.0
Shree#4,Shree,`r N d P,Shree/train_[1EcRrZvc52o]_chunk4.mp3,1EcRrZvc52o,6.04,6.51,1.618,0.618,0.0,0.0
Shree#4,Shree,`r N d P,Shree/train_[YyJuFUz-kro]_chunk4.mp3,YyJuFUz-kro,14.42,14.86,1.627,0.627,0.0,0.0
Shree#4,Shree,`r N d P,Shree/train_[1EcRrZvc52o]_chunk4.mp3,1EcRrZvc52o,14.06,14.58,1.646,0.431,0.214,0.0
Shree#4,Shree,`r N d P,Shree/train_[cPwiWDJa9OA]_chunk3.mp3,cPwiWDJa9OA,7.06,7.52,1.691,0.345,0.269,0.077
Shree#4,Shree,`r N d P,Shree/train_[GM3CVRpZlNI]_chunk3.mp3,GM3CVRpZlNI,10.42,11.54,1.719,1.719,0.0,0.0
Shree#4,Shree,`r N d P,Shree/train_[cPwiWDJa9OA]_chunk3.mp3,cPwiWDJa9OA,13.62,14.04,1.739,1.489,0.25,0.0
Shree#4,Shree,`r N d P,Shree/train_[YyJuFUz-kro]_chunk1.mp3,YyJuFUz-kro,13.8,14.2,1.827,1.827,0.0,0.0
Shree#4,Shree,`r N d P,Shree/train_[cPwiWDJa9OA]_chunk3.mp3,cPwiWDJa9OA,10.38,10.83,1.831,0.511,0.32,0.0
Shree#4,Shree,`r N d P,Shree/train_[Nh9dUYUgf8Y]_chunk1.mp3,Nh9dUYUgf8Y,1.87,2.29,1.862,1.862,0.0,0.0
Shree#4,Shree,`r N d P,Shree/train_[Nh9dUYUgf8Y]_chunk1.mp3,Nh9dUYUgf8Y,1.87,3.32,1.862,1.862,0.0,0.0
Shree#4,Shree,`r N d P,Shree/train_[pj--WoH0bow]_chunk0.mp3,pj--WoH0bow,3.38,3.68,1.892,1.892,0.0,0.0
Shree#4,Shree,`r N d P,Shree/train_[cPwiWDJa9OA]_chunk3.mp3,cPwiWDJa9OA,12.3,12.87,1.894,0.55,0.344,0.0
Shree#4,Shree,`r N d P,Shree/train_[Nh9dUYUgf8Y]_chunk4.mp3,Nh9dUYUgf8Y,19.2,19.48,1.994,1.994,0.0,0.0
Shree#4,Shree,`r N d P,Shree/train_[8xKjNTc8MGI]_chunk4.mp3,8xKjNTc8MGI,16.25,16.69,2.137,1.137,0.0,0.0
Shree#4,Shree,`r N d P,Shree/train_[Ub1m8mVxvT0]_chunk0.mp3,Ub1m8mVxvT0,13.8,14.19,2.205,2.205,0.0,0.0
Shree#4,Shree,`r N d P,Shree/train_[cPwiWDJa9OA]_chunk1.mp3,cPwiWDJa9OA,4.87,5.33,2.213,2.039,0.174,0.0
Shree#4,Shree,`r N d P,Shree/train_[8xKjNTc8MGI]_chunk3.mp3,8xKjNTc8MGI,11.61,11.89,2.237,1.237,0.0,0.0
Shree#4,Shree,`r N d P,Shree/train_[Ub1m8mVxvT0]_chunk2.mp3,Ub1m8mVxvT0,3.86,4.28,2.255,2.255,0.0,0.0
Shree#4,Shree,`r N d P,Shree/train_[Nh9dUYUgf8Y]_chunk2.mp3,Nh9dUYUgf8Y,12.84,13.14,2.275,2.212,0.0,0.062
Shree#4,Shree,`r N d P,Shree/train_[8xKjNTc8MGI]_chunk1.mp3,8xKjNTc8MGI,16.39,16.8,2.331,2.113,0.217,0.0
Shree#4,Shree,`r N d P,Shree/train_[GM3CVRpZlNI]_chunk0.mp3,GM3CVRpZlNI,11.36,11.77,2.332,1.269,0.0,0.062
Shree#4,Shree,`r N d P,Shree/train_[SCjQC_Bwwdw]_chunk4.mp3,SCjQC_Bwwdw,18.28,18.6,2.356,1.356,0.0,0.0
Shree#4,Shree,`r N d P,Shree/train_[8xKjNTc8MGI]_chunk0.mp3,8xKjNTc8MGI,17.85,18.36,2.358,1.013,0.345,0.0
Shree#4,Shree,`r N d P,Shree/train_[GM3CVRpZlNI]_chunk0.mp3,GM3CVRpZlNI,11.0,11.34,2.369,1.369,0.0,0.0
Shree#4,Shree,`r N d P,Shree/train_[cPwiWDJa9OA]_chunk2.mp3,cPwiWDJa9OA,3.79,4.2,2.375,0.245,0.13,0.0
Shree#4,Shree,`r N d P,Shree/train_[8xKjNTc8MGI]_chunk4.mp3,8xKjNTc8MGI,9.69,10.15,2.379,1.263,0.115,0.0
Shree#4,Shree,`r N d P,Shree/train_[GM3CVRpZlNI]_chunk3.mp3,GM3CVRpZlNI,16.84,17.26,2.381,1.381,0.0,0.0
Shree#4,Shree,`r N d P,Shree/train_[Ub1m8mVxvT0]_chunk0.mp3,Ub1m8mVxvT0,10.74,11.08,2.43,2.272,0.158,0.0
Shree#4,Shree,`r N d P,Shree/train_[8xKjNTc8MGI]_chunk3.mp3,8xKjNTc8MGI,0.0,0.41,2.437,1.437,0.0,0.0
Shree#4,Shree,`r N d P,Shree/train_[GM3CVRpZlNI]_chunk3.mp3,GM3CVRpZlNI,17.26,17.56,2.481,1.481,0.0,0.0
Shree#4,Shree,`r N d P,Shree/train_[8xKjNTc8MGI]_chunk4.mp3,8xKjNTc8MGI,3.54,3.91,2.513,1.513,0.0,0.0
Shree#4,Shree,`r N d P,Shree/train_[1EcRrZvc52o]_chunk3.mp3,1EcRrZvc52o,16.2,16.6,2.518,1.518,0.0,0.0
Shree#4,Shree,`r N d P,Shree/train_[SCjQC_Bwwdw]_chunk1.mp3,SCjQC_Bwwdw,5.56,5.85,2.556,1.556,0.0,0.0
Shree#4,Shree,`r N d P,Shree/train_[pj--WoH0bow]_chunk4.mp3,pj--WoH0bow,7.09,7.45,2.57,2.508,0.0,0.062
Shree#4,Shree,`r N d P,Shree/train_[YyJuFUz-kro]_chunk2.mp3,YyJuFUz-kro,18.77,19.11,2.572,2.461,0.0,0.111
Shree#4,Shree,`r N d P,Shree/train_[GM3CVRpZlNI]_chunk3.mp3,GM3CVRpZlNI,12.21,12.8,2.58,1.469,0.111,0.0
Shree#4,Shree,`r N d P,Shree/train_[8xKjNTc8MGI]_chunk2.mp3,8xKjNTc8MGI,9.49,10.01,2.589,1.313,0.276,0.0
Shree#4,Shree,`r N d P,Shree/train_[GM3CVRpZlNI]_chunk2.mp3,GM3CVRpZlNI,14.76,15.29,2.632,1.319,0.0,0.312
Shree#4,Shree,`r N d P,Shree/train_[SCjQC_Bwwdw]_chunk0.mp3,SCjQC_Bwwdw,18.47,19.08,2.644,1.394,0.214,0.036
Shree#4,Shree,`r N d P,Shree/train_[cPwiWDJa9OA]_chunk4.mp3,cPwiWDJa9OA,16.2,16.76,2.657,1.339,0.273,0.045
Shree#4,Shree,`r N d P,Shree/train_[1EcRrZvc52o]_chunk4.mp3,1EcRrZvc52o,0.73,1.49,2.718,1.718,0.0,0.0
Shree#4,Shree,`r N d P,Shree/train_[Ub1m8mVxvT0]_chunk4.mp3,Ub1m8mVxvT0,15.47,15.89,2.727,1.5,0.227,0.0
Shree#4,Shree,`r N d P,Shree/train_[YyJuFUz-kro]_chunk3.mp3,YyJuFUz-kro,15.13,15.95,2.756,1.623,0.133,0.0
Shree#4,Shree,`r N d P,Shree/train_[1EcRrZvc52o]_chunk3.mp3,1EcRrZvc52o,18.63,19.36,2.864,1.818,0.045,0.0
Shree#4,Shree,`r N d P,Shree/train_[GM3CVRpZlNI]_chunk1.mp3,GM3CVRpZlNI,18.7,18.99,2.918,1.731,0.0,0.188
Shree#4,Shree,`r N d P,Shree/train_[1EcRrZvc52o]_chunk2.mp3,1EcRrZvc52o,14.4,15.18,2.918,1.918,0.0,0.0
Shree#4,Shree,`r N d P,Shree/train_[1EcRrZvc52o]_chunk0.mp3,1EcRrZvc52o,8.98,9.28,3.0,3.0,0.0,0.0
Shree#4,Shree,`r N d P,Shree/train_[1EcRrZvc52o]_chunk0.mp3,1EcRrZvc52o,11.04,11.36,3.0,3.0,0.0,0.0
Shree#4,Shree,`r N d P,Shree/train_[1EcRrZvc52o]_chunk0.mp3,1EcRrZvc52o,18.06,18.35,3.0,3.0,0.0,0.0
Shree#4,Shree,`r N d P,Shree/train_[1EcRrZvc52o]_chunk0.mp3,1EcRrZvc52o,4.53,4.82,3.0,3.0,0.0,0.0
Shree#4,Shree,`r N d P,Shree/train_[1EcRrZvc52o]_chunk1.mp3,1EcRrZvc52o,6.99,7.31,3.0,3.0,0.0,0.0
Shree#4,Shree,`r N d P,Shree/train_[1EcRrZvc52o]_chunk1.mp3,1EcRrZvc52o,6.83,7.11,3.0,3.0,0.0,0.0
Shree#4,Shree,`r N d P,Shree/train_[1EcRrZvc52o]_chunk1.mp3,1EcRrZvc52o,6.26,6.54,3.0,3.0,0.0,0.0
Shree#4,Shree,`r N d P,Shree/train_[1EcRrZvc52o]_chunk1.mp3,1EcRrZvc52o,6.44,6.72,3.0,3.0,0.0,0.0
Shree#4,Shree,`r N d P,Shree/train_[1EcRrZvc52o]_chunk2.mp3,1EcRrZvc52o,13.17,13.51,3.0,3.0,0.0,0.0
Shree#4,Shree,`r N d P,Shree/train_[1EcRrZvc52o]_chunk2.mp3,1EcRrZvc52o,0.87,1.16,3.0,3.0,0.0,0.0
Shree#4,Shree,`r N d P,Shree/train_[1EcRrZvc52o]_chunk2.mp3,1EcRrZvc52o,1.26,1.56,3.0,3.0,0.0,0.0
Shree#4,Shree,`r N d P,Shree/train_[1EcRrZvc52o]_chunk2.mp3,1EcRrZvc52o,12.76,13.05,3.0,3.0,0.0,0.0
Shree#4,Shree,`r N d P,Shree/train_[1EcRrZvc52o]_chunk3.mp3,1EcRrZvc52o,1.99,2.29,3.0,3.0,0.0,0.0
Shree#4,Shree,`r N d P,Shree/train_[1EcRrZvc52o]_chunk3.mp3,1EcRrZvc52o,1.49,1.78,3.0,3.0,0.0,0.0
Shree#4,Shree,`r N d P,Shree/train_[1EcRrZvc52o]_chunk3.mp3,1EcRrZvc52o,17.72,18.04,3.0,3.0,0.0,0.0
Shree#4,Shree,`r N d P,Shree/train_[1EcRrZvc52o]_chunk4.mp3,1EcRrZvc52o,4.91,5.24,3.0,3.0,0.0,0.0
Shree#4,Shree,`r N d P,Shree/train_[1EcRrZvc52o]_chunk4.mp3,1EcRrZvc52o,15.02,15.31,3.0,3.0,0.0,0.0
Shree#4,Shree,`r N d P,Shree/train_[8xKjNTc8MGI]_chunk0.mp3,8xKjNTc8MGI,0.2,0.53,3.0,3.0,0.0,0.0
Shree#4,Shree,`r N d P,Shree/train_[8xKjNTc8MGI]_chunk1.mp3,8xKjNTc8MGI,4.09,4.37,3.0,3.0,0.0,0.0
Shree#4,Shree,`r N d P,Shree/train_[8xKjNTc8MGI]_chunk1.mp3,8xKjNTc8MGI,1.62,1.9,3.0,3.0,0.0,0.0
Shree#4,Shree,`r N d P,Shree/train_[8xKjNTc8MGI]_chunk2.mp3,8xKjNTc8MGI,8.5,8.8,3.0,3.0,0.0,0.0
Shree#4,Shree,`r N d P,Shree/train_[8xKjNTc8MGI]_chunk2.mp3,8xKjNTc8MGI,3.52,3.8,3.0,3.0,0.0,0.0
Shree#4,Shree,`r N d P,Shree/train_[8xKjNTc8MGI]_chunk3.mp3,8xKjNTc8MGI,16.12,16.43,3.0,3.0,0.0,0.0
Shree#4,Shree,`r N d P,Shree/train_[8xKjNTc8MGI]_chunk4.mp3,8xKjNTc8MGI,4.27,4.55,3.0,3.0,0.0,0.0
Shree#4,Shree,`r N d P,Shree/train_[8xKjNTc8MGI]_chunk4.mp3,8xKjNTc8MGI,5.49,5.78,3.0,3.0,0.0,0.0
Shree#4,Shree,`r N d P,Shree/train_[GM3CVRpZlNI]_chunk1.mp3,GM3CVRpZlNI,1.58,2.08,3.0,3.0,0.0,0.0
Shree#4,Shree,`r N d P,Shree/train_[GM3CVRpZlNI]_chunk2.mp3,GM3CVRpZlNI,11.16,11.56,3.0,3.0,0.0,0.0
Shree#4,Shree,`r N d P,Shree/train_[GM3CVRpZlNI]_chunk4.mp3,GM3CVRpZlNI,17.76,18.06,3.0,3.0,0.0,0.0
Shree#4,Shree,`r N d P,Shree/train_[GM3CVRpZlNI]_chunk4.mp3,GM3CVRpZlNI,10.52,11.08,3.0,3.0,0.0,0.0
Shree#4,Shree,`r N d P,Shree/train_[GM3CVRpZlNI]_chunk4.mp3,GM3CVRpZlNI,18.97,19.25,3.0,3.0,0.0,0.0
Shree#4,Shree,`r N d P,Shree/train_[GM3CVRpZlNI]_chunk4.mp3,GM3CVRpZlNI,16.96,17.26,3.0,3.0,0.0,0.0
Shree#4,Shree,`r N d P,Shree/train_[GM3CVRpZlNI]_chunk4.mp3,GM3CVRpZlNI,18.01,18.29,3.0,3.0,0.0,0.0
Shree#4,Shree,`r N d P,Shree/train_[Nh9dUYUgf8Y]_chunk0.mp3,Nh9dUYUgf8Y,7.5,7.79,3.0,3.0,0.0,0.0
Shree#4,Shree,`r N d P,Shree/train_[Nh9dUYUgf8Y]_chunk0.mp3,Nh9dUYUgf8Y,16.43,16.71,3.0,3.0,0.0,0.0
Shree#4,Shree,`r N d P,Shree/train_[Nh9dUYUgf8Y]_chunk0.mp3,Nh9dUYUgf8Y,14.9,15.18,3.0,3.0,0.0,0.0
Shree#4,Shree,`r N d P,Shree/train_[Nh9dUYUgf8Y]_chunk0.mp3,Nh9dUYUgf8Y,13.67,14.35,3.0,3.0,0.0,0.0
Shree#4,Shree,`r N d P,Shree/train_[Nh9dUYUgf8Y]_chunk0.mp3,Nh9dUYUgf8Y,2.74,3.02,3.0,3.0,0.0,0.0
Shree#4,Shree,`r N d P,Shree/train_[Nh9dUYUgf8Y]_chunk1.mp3,Nh9dUYUgf8Y,4.39,4.68,3.0,3.0,0.0,0.0
Shree#4,Shree,`r N d P,Shree/train_[Nh9dUYUgf8Y]_chunk1.mp3,Nh9dUYUgf8Y,5.92,6.2,3.0,3.0,0.0,0.0
Shree#4,Shree,`r N d P,Shree/train_[Nh9dUYUgf8Y]_chunk2.mp3,Nh9dUYUgf8Y,0.12,0.41,3.0,3.0,0.0,0.0
Shree#4,Shree,`r N d P,Shree/train_[Nh9dUYUgf8Y]_chunk2.mp3,Nh9dUYUgf8Y,2.72,3.2,3.0,3.0,0.0,0.0
Shree#4,Shree,`r N d P,Shree/train_[Nh9dUYUgf8Y]_chunk2.mp3,Nh9dUYUgf8Y,3.25,3.77,3.0,3.0,0.0,0.0
Shree#4,Shree,`r N d P,Shree/train_[Nh9dUYUgf8Y]_chunk2.mp3,Nh9dUYUgf8Y,14.38,14.97,3.0,3.0,0.0,0.0
Shree#4,Shree,`r N d P,Shree/train_[Nh9dUYUgf8Y]_chunk3.mp3,Nh9dUYUgf8Y,3.06,3.34,3.0,3.0,0.0,0.0
Shree#4,Shree,`r N d P,Shree/train_[Nh9dUYUgf8Y]_chunk3.mp3,Nh9dUYUgf8Y,2.83,3.11,3.0,3.0,0.0,0.0
Shree#4,Shree,`r N d P,Shree/train_[Nh9dUYUgf8Y]_chunk4.mp3,Nh9dUYUgf8Y,5.28,5.56,3.0,3.0,0.0,0.0
Shree#4,Shree,`r N d P,Shree/train_[Nh9dUYUgf8Y]_chunk4.mp3,Nh9dUYUgf8Y,13.42,13.72,3.0,3.0,0.0,0.0
Shree#4,Shree,`r N d P,Shree/train_[Nh9dUYUgf8Y]_chunk4.mp3,Nh9dUYUgf8Y,9.76,10.04,3.0,3.0,0.0,0.0
Shree#4,Shree,`r N d P,Shree/train_[Ub1m8mVxvT0]_chunk0.mp3,Ub1m8mVxvT0,11.34,11.63,3.0,3.0,0.0,0.0
Shree#4,Shree,`r N d P,Shree/train_[Ub1m8mVxvT0]_chunk1.mp3,Ub1m8mVxvT0,14.45,14.77,3.0,3.0,0.0,0.0
Shree#4,Shree,`r N d P,Shree/train_[Ub1m8mVxvT0]_chunk1.mp3,Ub1m8mVxvT0,14.15,14.45,3.0,3.0,0.0,0.0
Shree#4,Shree,`r N d P,Shree/train_[Ub1m8mVxvT0]_chunk1.mp3,Ub1m8mVxvT0,5.21,5.56,3.0,3.0,0.0,0.0
Shree#4,Shree,`r N d P,Shree/train_[Ub1m8mVxvT0]_chunk2.mp3,Ub1m8mVxvT0,9.23,9.72,3.0,3.0,0.0,0.0
Shree#4,Shree,`r N d P,Shree/train_[Ub1m8mVxvT0]_chunk2.mp3,Ub1m8mVxvT0,1.16,1.44,3.0,3.0,0.0,0.0
Shree#4,Shree,`r N d P,Shree/train_[Ub1m8mVxvT0]_chunk4.mp3,Ub1m8mVxvT0,17.37,17.69,3.0,3.0,0.0,0.0
Shree#4,Shree,`r N d P,Shree/train_[Ub1m8mVxvT0]_chunk4.mp3,Ub1m8mVxvT0,19.52,19.86,3.0,3.0,0.0,0.0
Shree#4,Shree,`r N d P,Shree/train_[Ub1m8mVxvT0]_chunk4.mp3,Ub1m8mVxvT0,3.96,4.28,3.0,3.0,0.0,0.0
Shree#4,Shree,`r N d P,Shree/train_[YyJuFUz-kro]_chunk0.mp3,YyJuFUz-kro,5.58,5.92,3.0,3.0,0.0,0.0
Shree#4,Shree,`r N d P,Shree/train_[YyJuFUz-kro]_chunk0.mp3,YyJuFUz-kro,13.6,14.22,3.0,3.0,0.0,0.0
Shree#4,Shree,`r N d P,Shree/train_[YyJuFUz-kro]_chunk0.mp3,YyJuFUz-kro,4.18,4.5,3.0,3.0,0.0,0.0
Shree#4,Shree,`r N d P,Shree/train_[YyJuFUz-kro]_chunk0.mp3,YyJuFUz-kro,19.09,19.4,3.0,3.0,0.0,0.0
Shree#4,Shree,`r N d P,Shree/train_[YyJuFUz-kro]_chunk0.mp3,YyJuFUz-kro,5.37,5.65,3.0,3.0,0.0,0.0
Shree#4,Shree,`r N d P,Shree/train_[YyJuFUz-kro]_chunk1.mp3,YyJuFUz-kro,13.33,13.71,3.0,3.0,0.0,0.0
Shree#4,Shree,`r N d P,Shree/train_[YyJuFUz-kro]_chunk1.mp3,YyJuFUz-kro,12.11,12.92,3.0,3.0,0.0,0.0
Shree#4,Shree,`r N d P,Shree/train_[YyJuFUz-kro]_chunk1.mp3,YyJuFUz-kro,18.83,19.11,3.0,3.0,0.0,0.0
Shree#4,Shree,`r N d P,Shree/train_[YyJuFUz-kro]_chunk1.mp3,YyJuFUz-kro,18.54,19.11,3.0,3.0,0.0,0.0
Shree#4,Shree,`r N d P,Shree/train_[YyJuFUz-kro]_chunk2.mp3,YyJuFUz-kro,2.72,3.16,3.0,3.0,0.0,0.0
Shree#4,Shree,`r N d P,Shree/train_[YyJuFUz-kro]_chunk2.mp3,YyJuFUz-kro,7.04,7.32,3.0,3.0,0.0,0.0
Shree#4,Shree,`r N d P,Shree/train_[YyJuFUz-kro]_chunk2.mp3,YyJuFUz-kro,9.23,9.51,3.0,3.0,0.0,0.0
Shree#4,Shree,`r N d P,Shree/train_[YyJuFUz-kro]_chunk2.mp3,YyJuFUz-kro,9.03,9.32,3.0,3.0,0.0,0.0
Shree#4,Shree,`r N d P,Shree/train_[YyJuFUz-kro]_chunk3.mp3,YyJuFUz-kro,10.1,10.68,3.0,3.0,0.0,0.0
Shree#4,Shree,`r N d P,Shree/train_[YyJuFUz-kro]_chunk3.mp3,YyJuFUz-kro,14.47,14.76,3.0,3.0,0.0,0.0
Shree#4,Shree,`r N d P,Shree/train_[YyJuFUz-kro]_chunk3.mp3,YyJuFUz-kro,12.96,13.24,3.0,3.0,0.0,0.0
Shree#4,Shree,`r N d P,Shree/train_[YyJuFUz-kro]_chunk3.mp3,YyJuFUz-kro,10.61,11.47,3.0,3.0,0.0,0.0
Shree#4,Shree,`r N d P,Shree/train_[cPwiWDJa9OA]_chunk0.mp3,cPwiWDJa9OA,3.43,3.72,3.0,3.0,0.0,0.0
Shree#4,Shree,`r N d P,Shree/train_[cPwiWDJa9OA]_chunk0.mp3,cPwiWDJa9OA,0.84,1.17,3.0,3.0,0.0,0.0
Shree#4,Shree,`r N d P,Shree/train_[cPwiWDJa9OA]_chunk0.mp3,cPwiWDJa9OA,7.29,7.77,3.0,3.0,0.0,0.0
Shree#4,Shree,`r N d P,Shree/train_[cPwiWDJa9OA]_chunk0.mp3,cPwiWDJa9OA,0.5,0.84,3.0,3.0,0.0,0.0
Shree#4,Shree,`r N d P,Shree/train_[cPwiWDJa9OA]_chunk1.mp3,cPwiWDJa9OA,19.41,19.8,3.0,3.0,0.0,0.0
Shree#4,Shree,`r N d P,Shree/train_[cPwiWDJa9OA]_chunk1.mp3,cPwiWDJa9OA,17.17,17.46,3.0,3.0,0.0,0.0
Shree#4,Shree,`r N d P,Shree/train_[cPwiWDJa9OA]_chunk2.mp3,cPwiWDJa9OA,5.1,5.39,3.0,3.0,0.0,0.0
Shree#4,Shree,`r N d P,Shree/train_[cPwiWDJa9OA]_chunk2.mp3,cPwiWDJa9OA,14.74,15.02,3.0,3.0,0.0,0.0
Shree#4,Shree,`r N d P,Shree/train_[cPwiWDJa9OA]_chunk4.mp3,cPwiWDJa9OA,7.27,7.56,3.0,3.0,0.0,0.0
Shree#4,Shree,`r N d P,Shree/train_[cPwiWDJa9OA]_chunk4.mp3,cPwiWDJa9OA,22.35,22.63,3.0,3.0,0.0,0.0
Shree#4,Shree,`r N d P,Shree/train_[cPwiWDJa9OA]_chunk4.mp3,cPwiWDJa9OA,19.63,19.91,3.0,3.0,0.0,0.0
Shree#4,Shree,`r N d P,Shree/train_[cPwiWDJa9OA]_chunk4.mp3,cPwiWDJa9OA,20.64,20.92,3.0,3.0,0.0,0.0
Shree#4,Shree,`r N d P,Shree/train_[pj--WoH0bow]_chunk0.mp3,pj--WoH0bow,17.05,17.33,3.0,3.0,0.0,0.0
Shree#4,Shree,`r N d P,Shree/train_[pj--WoH0bow]_chunk0.mp3,pj--WoH0bow,25.9,26.19,3.0,3.0,0.0,0.0
Shree#4,Shree,`r N d P,Shree/train_[pj--WoH0bow]_chunk0.mp3,pj--WoH0bow,0.14,0.44,3.0,3.0,0.0,0.0
Shree#4,Shree,`r N d P,Shree/train_[pj--WoH0bow]_chunk0.mp3,pj--WoH0bow,16.8,17.08,3.0,3.0,0.0,0.0
Shree#4,Shree,`r N d P,Shree/train_[pj--WoH0bow]_chunk1.mp3,pj--WoH0bow,22.38,22.77,3.0,3.0,0.0,0.0
Shree#4,Shree,`r N d P,Shree/train_[pj--WoH0bow]_chunk1.mp3,pj--WoH0bow,22.77,23.7,3.0,3.0,0.0,0.0
Shree#4,Shree,`r N d P,Shree/train_[pj--WoH0bow]_chunk1.mp3,pj--WoH0bow,21.58,21.88,3.0,3.0,0.0,0.0
Shree#4,Shree,`r N d P,Shree/train_[pj--WoH0bow]_chunk1.mp3,pj--WoH0bow,11.96,12.25,3.0,3.0,0.0,0.0
Shree#4,Shree,`r N d P,Shree/train_[pj--WoH0bow]_chunk1.mp3,pj--WoH0bow,26.68,26.97,3.0,3.0,0.0,0.0
Shree#4,Shree,`r N d P,Shree/train_[pj--WoH0bow]_chunk2.mp3,pj--WoH0bow,21.6,22.17,3.0,3.0,0.0,0.0
Shree#4,Shree,`r N d P,Shree/train_[pj--WoH0bow]_chunk2.mp3,pj--WoH0bow,21.08,21.74,3.0,3.0,0.0,0.0
Shree#4,Shree,`r N d P,Shree/train_[pj--WoH0bow]_chunk2.mp3,pj--WoH0bow,13.19,13.48,3.0,3.0,0.0,0.0
Shree#4,Shree,`r N d P,Shree/train_[pj--WoH0bow]_chunk3.mp3,pj--WoH0bow,12.34,12.62,3.0,3.0,0.0,0.0
Shree#4,Shree,`r N d P,Shree/train_[pj--WoH0bow]_chunk3.mp3,pj--WoH0bow,21.87,22.15,3.0,3.0,0.0,0.0
Shree#4,Shree,`r N d P,Shree/train_[pj--WoH0bow]_chunk3.mp3,pj--WoH0bow,6.58,6.86,3.0,3.0,0.0,0.0
Shree#4,Shree,`r N d P,Shree/train_[pj--WoH0bow]_chunk3.mp3,pj--WoH0bow,14.01,14.36,3.0,3.0,0.0,0.0
Shree#4,Shree,`r N d P,Shree/train_[pj--WoH0bow]_chunk3.mp3,pj--WoH0bow,13.78,14.36,3.0,3.0,0.0,0.0
Shree#4,Shree,`r N d P,Shree/train_[pj--WoH0bow]_chunk4.mp3,pj--WoH0bow,13.87,14.63,3.0,3.0,0.0,0.0
Shree#4,Shree,`r N d P,Shree/train_[pj--WoH0bow]_chunk4.mp3,pj--WoH0bow,3.59,3.88,3.0,3.0,0.0,0.0
Shree#4,Shree,`r N d P,Shree/train_[pj--WoH0bow]_chunk4.mp3,pj--WoH0bow,6.44,6.72,3.0,3.0,0.0,0.0
Shree#4,Shree,`r N d P,Shree/train_[pj--WoH0bow]_chunk4.mp3,pj--WoH0bow,2.79,3.29,3.0,3.0,0.0,0.0
Shree#4,Shree,`r N d P,Shree/train_[8xKjNTc8MGI]_chunk0.mp3,8xKjNTc8MGI,6.51,6.83,3.056,3.0,0.0,0.056
Shree#4,Shree,`r N d P,Shree/train_[pj--WoH0bow]_chunk2.mp3,pj--WoH0bow,6.22,6.52,3.059,3.0,0.059,0.0
Shree#4,Shree,`r N d P,Shree/train_[pj--WoH0bow]_chunk2.mp3,pj--WoH0bow,17.56,17.92,3.059,3.0,0.059,0.0
Shree#4,Shree,`r N d P,Shree/train_[GM3CVRpZlNI]_chunk2.mp3,GM3CVRpZlNI,8.07,8.76,3.062,3.0,0.031,0.031
Shree#4,Shree,`r N d P,Shree/train_[GM3CVRpZlNI]_chunk0.mp3,GM3CVRpZlNI,14.51,14.9,3.105,3.0,0.105,0.0
Shree#4,Shree,`r N d P,Shree/train_[GM3CVRpZlNI]_chunk0.mp3,GM3CVRpZlNI,12.64,13.97,3.11,3.0,0.0,0.11
Shree#4,Shree,`r N d P,Shree/train_[8xKjNTc8MGI]_chunk0.mp3,8xKjNTc8MGI,3.93,4.21,3.125,3.0,0.0,0.125
Shree#4,Shree,`r N d P,Shree/train_[8xKjNTc8MGI]_chunk2.mp3,8xKjNTc8MGI,3.86,4.14,3.125,3.0,0.0,0.125
Shree#4,Shree,`r N d P,Shree/train_[GM3CVRpZlNI]_chunk1.mp3,GM3CVRpZlNI,8.5,8.78,3.125,3.0,0.0,0.125
Shree#4,Shree,`r N d P,Shree/train_[SCjQC_Bwwdw]_chunk1.mp3,SCjQC_Bwwdw,22.77,23.06,3.125,3.0,0.0,0.125
Shree#4,Shree,`r N d P,Shree/train_[SCjQC_Bwwdw]_chunk2.mp3,SCjQC_Bwwdw,18.58,18.86,3.125,3.0,0.0,0.125
Shree#4,Shree,`r N d P,Shree/train_[Nh9dUYUgf8Y]_chunk3.mp3,Nh9dUYUgf8Y,9.05,9.67,3.229,3.0,0.0,0.229
Shree#4,Shree,`r N d P,Shree/train_[8xKjNTc8MGI]_chunk0.mp3,8xKjNTc8MGI,11.2,11.48,3.25,3.0,0.0,0.25
Shree#4,Shree,`r N d P,Shree/train_[SCjQC_Bwwdw]_chunk0.mp3,SCjQC_Bwwdw,15.11,15.8,3.25,3.0,0.0,0.25
Shree#4,Shree,`r N d P,Shree/train_[SCjQC_Bwwdw]_chunk1.mp3,SCjQC_Bwwdw,17.74,18.06,3.25,3.0,0.0,0.25
Shree#4,Shree,`r N d P,Shree/train_[Nh9dUYUgf8Y]_chunk3.mp3,Nh9dUYUgf8Y,17.1,17.72,3.316,3.0,0.158,0.158
Shree#4,Shree,`r N d P,Shree/train_[SCjQC_Bwwdw]_chunk2.mp3,SCjQC_Bwwdw,2.36,3.36,3.356,3.0,0.2,0.156
Shree#4,Shree,`r N d P,Shree/train_[SCjQC_Bwwdw]_chunk1.mp3,SCjQC_Bwwdw,15.72,16.21,3.357,3.0,0.107,0.25
Shree#4,Shree,`r N d P,Shree/train_[Nh9dUYUgf8Y]_chunk3.mp3,Nh9dUYUgf8Y,0.68,1.12,3.36,3.0,0.0,0.36
Shree#4,Shree,`r N d P,Shree/train_[SCjQC_Bwwdw]_chunk1.mp3,SCjQC_Bwwdw,2.84,3.24,3.364,3.0,0.0,0.364
Shree#4,Shree,`r N d P,Shree/train_[GM3CVRpZlNI]_chunk1.mp3,GM3CVRpZlNI,5.46,5.8,3.368,3.0,0.0,0.368
Shree#4,Shree,`r N d P,Shree/train_[GM3CVRpZlNI]_chunk1.mp3,GM3CVRpZlNI,17.64,17.92,3.375,3.0,0.0,0.375
Shree#4,Shree,`r N d P,Shree/train_[SCjQC_Bwwdw]_chunk2.mp3,SCjQC_Bwwdw,1.23,1.99,3.414,3.0,0.0,0.414
Shree#4,Shree,`r N d P,Shree/train_[SCjQC_Bwwdw]_chunk0.mp3,SCjQC_Bwwdw,22.03,22.76,3.429,3.0,0.179,0.25
Shree#4,Shree,`r N d P,Shree/train_[SCjQC_Bwwdw]_chunk0.mp3,SCjQC_Bwwdw,21.96,22.24,3.438,3.0,0.0,0.438
Shree#4,Shree,`r N d P,Shree/train_[SCjQC_Bwwdw]_chunk2.mp3,SCjQC_Bwwdw,2.33,2.61,3.438,3.0,0.0,0.438
Shree#4,Shree,`r N d P,Shree/train_[SCjQC_Bwwdw]_chunk4.mp3,SCjQC_Bwwdw,4.89,5.17,3.438,3.0,0.0,0.438
Shree#4,Shree,`r N d P,Shree/train_[SCjQC_Bwwdw]_chunk0.mp3,SCjQC_Bwwdw,12.09,12.52,3.458,3.0,0.0,0.458
Shree#4,Shree,`r N d P,Shree/train_[SCjQC_Bwwdw]_chunk4.mp3,SCjQC_Bwwdw,14.92,15.22,3.471,3.0,0.0,0.471
Shree#4,Shree,`r N d P,Shree/train_[SCjQC_Bwwdw]_chunk2.mp3,SCjQC_Bwwdw,16.73,17.12,3.5,3.0,0.136,0.364
Shree#4,Shree,`r N d P,Shree/train_[SCjQC_Bwwdw]_chunk3.mp3,SCjQC_Bwwdw,17.33,17.62,3.5,3.0,0.0,0.5
Shree#4,Shree,`r N d P,Shree/train_[SCjQC_Bwwdw]_chunk3.mp3,SCjQC_Bwwdw,16.36,16.64,3.5,3.0,0.0,0.5
Shree#4,Shree,`r N d P,Shree/train_[SCjQC_Bwwdw]_chunk4.mp3,SCjQC_Bwwdw,8.92,9.21,3.5,3.0,0.0,0.5
Shree#4,Shree,`r N d P,Shree/train_[SCjQC_Bwwdw]_chunk4.mp3,SCjQC_Bwwdw,23.52,23.8,3.5,3.0,0.0,0.5
Shree#4,Shree,`r N d P,Shree/train_[SCjQC_Bwwdw]_chunk3.mp3,SCjQC_Bwwdw,20.53,21.01,3.519,3.0,0.074,0.444
Shree#4,Shree,`r N d P,Shree/train_[SCjQC_Bwwdw]_chunk3.mp3,SCjQC_Bwwdw,5.48,6.15,3.553,3.0,0.237,0.316
Shree#5,Shree,M d M G r,Shree/train_[1EcRrZvc52o]_chunk2.mp3,1EcRrZvc52o,13.05,14.22,0.0,0.0,0.0,0.0
Shree#5,Shree,M d M G r,Shree/train_[pj--WoH0bow]_chunk4.mp3,pj--WoH0bow,3.59,4.32,0.03,0.004,0.026,0.0
Shree#5,Shree,M d M G r,Shree/train_[Nh9dUYUgf8Y]_chunk1.mp3,Nh9dUYUgf8Y,8.46,10.35,0.054,0.007,0.038,0.009
Shree#5,Shree,M d M G r,Shree/train_[cPwiWDJa9OA]_chunk2.mp3,cPwiWDJa9OA,4.98,6.65,0.089,0.045,0.045,0.0
Shree#5,Shree,M d M G r,Shree/train_[cPwiWDJa9OA]_chunk2.mp3,cPwiWDJa9OA,14.56,16.07,0.117,0.105,0.012,0.0
Shree#5,Shree,M d M G r,Shree/train_[Ub1m8mVxvT0]_chunk3.mp3,Ub1m8mVxvT0,10.81,11.45,0.129,0.022,0.107,0.0
Shree#5,Shree,M d M G r,Shree/train_[cPwiWDJa9OA]_chunk3.mp3,cPwiWDJa9OA,8.55,9.03,0.169,0.095,0.074,0.0
Shree#5,Shree,M d M G r,Shree/train_[1EcRrZvc52o]_chunk3.mp3,1EcRrZvc52o,10.36,11.27,0.268,0.209,0.059,0.0
Shree#5,Shree,M d M G r,Shree/train_[Nh9dUYUgf8Y]_chunk4.mp3,Nh9dUYUgf8Y,5.35,6.6,0.307,0.162,0.145,0.0
Shree#5,Shree,M d M G r,Shree/train_[Ub1m8mVxvT0]_chunk3.mp3,Ub1m8mVxvT0,10.81,12.71,0.315,0.022,0.293,0.0
Shree#5,Shree,M d M G r,Shree/train_[Ub1m8mVxvT0]_chunk1.mp3,Ub1m8mVxvT0,14.22,15.24,0.33,0.134,0.196,0.0
Shree#5,Shree,M d M G r,Shree/train_[1EcRrZvc52o]_chunk4.mp3,1EcRrZvc52o,4.52,5.85,0.332,0.332,0.0,0.0
Shree#5,Shree,M d M G r,Shree/train_[Ub1m8mVxvT0]_chunk3.mp3,Ub1m8mVxvT0,16.02,16.87,0.399,0.195,0.205,0.0
Shree#5,Shree,M d M G r,Shree/train_[1EcRrZvc52o]_chunk3.mp3,1EcRrZvc52o,1.96,3.11,0.428,0.332,0.096,0.0
Shree#5,Shree,M d M G r,Shree/train_[YyJuFUz-kro]_chunk3.mp3,YyJuFUz-kro,13.6,14.33,0.428,0.239,0.189,0.0
Shree#5,Shree,M d M G r,Shree/train_[YyJuFUz-kro]_chunk4.mp3,YyJuFUz-kro,2.88,3.56,0.43,0.061,0.368,0.0
Shree#5,Shree,M d M G r,Shree/train_[YyJuFUz-kro]_chunk0.mp3,YyJuFUz-kro,12.85,13.87,0.473,0.473,0.0,0.0
Shree#5,Shree,M d M G r,Shree/train_[cPwiWDJa9OA]_chunk3.mp3,cPwiWDJa9OA,7.27,7.8,0.556,0.389,0.1,0.067
Shree#5,Shree,M d M G r,Shree/train_[1EcRrZvc52o]_chunk4.mp3,1EcRrZvc52o,15.52,16.07,0.568,0.468,0.1,0.0
Shree#5,Shree,M d M G r,Shree/train_[cPwiWDJa9OA]_chunk3.mp3,cPwiWDJa9OA,1.3,1.74,0.58,0.3,0.16,0.12
Shree#5,Shree,M d M G r,Shree/train_[8xKjNTc8MGI]_chunk4.mp3,8xKjNTc8MGI,16.89,17.46,0.582,0.55,0.032,0.0
Shree#5,Shree,M d M G r,Shree/train_[8xKjNTc8MGI]_chunk0.mp3,8xKjNTc8MGI,10.63,11.25,0.596,0.482,0.0,0.114
Shree#5,Shree,M d M G r,Shree/train_[Ub1m8mVxvT0]_chunk3.mp3,Ub1m8mVxvT0,13.99,14.54,0.605,0.605,0.0,0.0
Shree#5,Shree,M d M G r,Shree/train_[cPwiWDJa9OA]_chunk3.mp3,cPwiWDJa9OA,4.75,5.4,0.665,0.395,0.27,0.0
Shree#5,Shree,M d M G r,Shree/train_[pj--WoH0bow]_chunk4.mp3,pj--WoH0bow,6.47,7.04,0.67,0.608,0.062,0.0
Shree#5,Shree,M d M G r,Shree/train_[Ub1m8mVxvT0]_chunk1.mp3,Ub1m8mVxvT0,6.77,8.2,0.688,0.505,0.183,0.0
Shree#5,Shree,M d M G r,Shree/train_[1EcRrZvc52o]_chunk4.mp3,1EcRrZvc52o,6.31,6.79,0.693,0.618,0.074,0.0
Shree#5,Shree,M d M G r,Shree/train_[cPwiWDJa9OA]_chunk3.mp3,cPwiWDJa9OA,11.73,12.25,0.712,0.505,0.172,0.034
Shree#5,Shree,M d M G r,Shree/train_[pj--WoH0bow]_chunk0.mp3,pj--WoH0bow,22.12,24.07,0.716,0.542,0.174,0.0
Shree#5,Shree,M d M G r,Shree/train_[8xKjNTc8MGI]_chunk4.mp3,8xKjNTc8MGI,4.73,5.48,0.811,0.763,0.048,0.0
Shree#5,Shree,M d M G r,Shree/train_[pj--WoH0bow]_chunk4.mp3,pj--WoH0bow,14.63,15.18,0.839,0.742,0.097,0.0
Shree#5,Shree,M d M G r,Shree/train_[1EcRrZvc52o]_chunk3.mp3,1EcRrZvc52o,16.6,17.17,0.868,0.868,0.0,0.0
Shree#5,Shree,M d M G r,Shree/train_[pj--WoH0bow]_chunk0.mp3,pj--WoH0bow,22.12,22.61,0.907,0.796,0.111,0.0
Shree#5,Shree,M d M G r,Shree/train_[8xKjNTc8MGI]_chunk2.mp3,8xKjNTc8MGI,5.8,6.97,0.917,0.763,0.154,0.0
Shree#5,Shree,M d M G r,Shree/train_[Ub1m8mVxvT0]_chunk3.mp3,Ub1m8mVxvT0,13.99,15.95,0.923,0.605,0.317,0.0
Shree#5,Shree,M d M G r,Shree/train_[YyJuFUz-kro]_chunk4.mp3,YyJuFUz-kro,18.31,18.92,0.942,0.677,0.147,0.118
Shree#5,Shree,M d M G r,Shree/train_[1EcRrZvc52o]_chunk2.mp3,1EcRrZvc52o,1.08,2.28,0.982,0.982,0.0,0.0
Shree#5,Shree,M d M G r,Shree/train_[1EcRrZvc52o]_chunk2.mp3,1EcRrZvc52o,18.77,19.57,1.068,1.068,0.0,0.0
Shree#5,Shree,M d M G r,Shree/train_[pj--WoH0bow]_chunk2.mp3,pj--WoH0bow,13.3,13.71,1.082,0.908,0.087,0.087
Shree#5,Shree,M d M G r,Shree/train_[1EcRrZvc52o]_chunk2.mp3,1EcRrZvc52o,3.15,3.57,1.118,1.118,0.0,0.0
Shree#5,Shree,M d M G r,Shree/train_[1EcRrZvc52o]_chunk3.mp3,1EcRrZvc52o,5.12,5.55,1.148,0.982,0.167,0.0
Shree#5,Shree,M d M G r,Shree/train_[YyJuFUz-kro]_chunk2.mp3,YyJuFUz-kro,0.96,1.58,1.173,1.173,0.0,0.0
Shree#5,Shree,M d M G r,Shree/train_[cPwiWDJa9OA]_chunk0.mp3,cPwiWDJa9OA,17.35,18.03,1.316,1.289,0.027,0.0
Shree#5,Shree,M d M G r,Shree/train_[YyJuFUz-kro]_chunk2.mp3,YyJuFUz-kro,0.96,3.04,1.361,1.173,0.171,0.017
Shree#5,Shree,M d M G r,Shree/train_[Nh9dUYUgf8Y]_chunk4.mp3,Nh9dUYUgf8Y,13.72,14.77,1.391,1.012,0.362,0.017
Shree#5,Shree,M d M G r,Shree/train_[pj--WoH0bow]_chunk2.mp3,pj--WoH0bow,13.3,14.76,1.407,1.108,0.273,0.026
Shree#5,Shree,M d M G r,Shree/train_[cPwiWDJa9OA]_chunk4.mp3,cPwiWDJa9OA,10.13,10.74,1.418,1.389,0.029,0.0
Shree#5,Shree,M d M G r,Shree/train_[1EcRrZvc52o]_chunk3.mp3,1EcRrZvc52o,6.38,6.99,1.468,1.468,0.0,0.0
Shree#5,Shree,M d M G r,Shree/train_[GM3CVRpZlNI]_chunk0.mp3,GM3CVRpZlNI,13.83,14.49,1.484,1.219,0.265,0.0
Shree#5,Shree,M d M G r,Shree/train_[Nh9dUYUgf8Y]_chunk3.mp3,Nh9dUYUgf8Y,0.41,0.76,1.5,1.5,0.0,0.0
Shree#5,Shree,M d M G r,Shree/train_[1EcRrZvc52o]_chunk2.mp3,1EcRrZvc52o,16.59,17.24,1.518,1.518,0.0,0.0
Shree#5,Shree,M d M G r,Shree/train_[cPwiWDJa9OA]_chunk2.mp3,cPwiWDJa9OA,20.48,21.01,1.532,1.389,0.143,0.0
Shree#5,Shree,M d M G r,Shree/train_[pj--WoH0bow]_chunk0.mp3,pj--WoH0bow,17.03,17.97,1.535,1.158,0.377,0.0
Shree#5,Shree,M d M G r,Shree/train_[pj--WoH0bow]_chunk3.mp3,pj--WoH0bow,12.43,12.94,1.656,1.508,0.148,0.0
Shree#5,Shree,M d M G r,Shree/train_[GM3CVRpZlNI]_chunk3.mp3,GM3CVRpZlNI,17.01,17.37,1.66,1.66,0.0,0.0
Shree#5,Shree,M d M G r,Shree/train_[cPwiWDJa9OA]_chunk0.mp3,cPwiWDJa9OA,8.28,9.14,1.689,1.689,0.0,0.0
Shree#5,Shree,M d M G r,Shree/train_[YyJuFUz-kro]_chunk3.mp3,YyJuFUz-kro,16.36,16.98,1.723,1.723,0.0,0.0
Shree#5,Shree,M d M G r,Shree/train_[cPwiWDJa9OA]_chunk0.mp3,cPwiWDJa9OA,5.65,7.15,1.804,1.689,0.115,0.0
Shree#5,Shree,M d M G r,Shree/train_[SCjQC_Bwwdw]_chunk0.mp3,SCjQC_Bwwdw,20.21,21.23,1.811,1.444,0.367,0.0
Shree#5,Shree,M d M G r,Shree/train_[pj--WoH0bow]_chunk4.mp3,pj--WoH0bow,9.6,10.1,1.821,1.642,0.179,0.0
Shree#5,Shree,M d M G r,Shree/train_[GM3CVRpZlNI]_chunk1.mp3,GM3CVRpZlNI,18.45,18.81,1.831,1.831,0.0,0.0
Shree#5,Shree,M d M G r,Shree/train_[pj--WoH0bow]_chunk3.mp3,pj--WoH0bow,15.98,16.43,1.842,1.842,0.0,0.0
Shree#5,Shree,M d M G r,Shree/train_[YyJuFUz-kro]_chunk4.mp3,YyJuFUz-kro,8.94,9.56,1.908,0.623,0.286,0.0
Shree#5,Shree,M d M G r,Shree/train_[cPwiWDJa9OA]_chunk0.mp3,cPwiWDJa9OA,11.0,11.73,1.939,1.939,0.0,0.0
Shree#5,Shree,M d M G r,Shree/train_[Nh9dUYUgf8Y]_chunk3.mp3,Nh9dUYUgf8Y,4.94,6.08,1.95,1.95,0.0,0.0
Shree#5,Shree,M d M G r,Shree/train_[pj--WoH0bow]_chunk2.mp3,pj--WoH0bow,7.8,8.28,2.066,1.992,0.037,0.037
Shree#5,Shree,M d M G r,Shree/train_[pj--WoH0bow]_chunk2.mp3,pj--WoH0bow,7.8,9.4,2.125,1.992,0.122,0.011
Shree#5,Shree,M d M G r,Shree/train_[Nh9dUYUgf8Y]_chunk3.mp3,Nh9dUYUgf8Y,5.16,6.08,2.212,2.212,0.0,0.0
Shree#5,Shree,M d M G r,Shree/train_[Ub1m8mVxvT0]_chunk2.mp3,Ub1m8mVxvT0,4.3,5.0,2.255,2.255,0.0,0.0
Shree#5,Shree,M d M G r,Shree/train_[Nh9dUYUgf8Y]_chunk4.mp3,Nh9dUYUgf8Y,8.0,8.48,2.262,2.262,0.0,0.0
Shree#5,Shree,M d M G r,Shree/train_[8xKjNTc8MGI]_chunk4.mp3,8xKjNTc8MGI,7.0,7.41,2.445,2.263,0.045,0.136
Shree#5,Shree,M d M G r,Shree/train_[Nh9dUYUgf8Y]_chunk4.mp3,Nh9dUYUgf8Y,2.49,3.27,2.487,2.344,0.143,0.0
Shree#5,Shree,M d M G r,Shree/train_[Nh9dUYUgf8Y]_chunk2.mp3,Nh9dUYUgf8Y,0.66,1.88,2.512,2.512,0.0,0.0
Shree#5,Shree,M d M G r,Shree/train_[pj--WoH0bow]_chunk0.mp3,pj--WoH0bow,3.68,4.12,2.558,2.558,0.0,0.0
Shree#5,Shree,M d M G r,Shree/train_[Nh9dUYUgf8Y]_chunk2.mp3,Nh9dUYUgf8Y,4.07,4.76,2.612,2.612,0.0,0.0
Shree#5,Shree,M d M G r,Shree/train_[SCjQC_Bwwdw]_chunk0.mp3,SCjQC_Bwwdw,19.08,19.52,2.634,1.394,0.16,0.08
Shree#5,Shree,M d M G r,Shree/train_[Nh9dUYUgf8Y]_chunk4.mp3,Nh9dUYUgf8Y,3.34,3.77,2.694,2.694,0.0,0.0
Shree#5,Shree,M d M G r,Shree/train_[8xKjNTc8MGI]_chunk4.mp3,8xKjNTc8MGI,8.0,8.55,2.813,2.563,0.143,0.107
Shree#5,Shree,M d M G r,Shree/train_[1EcRrZvc52o]_chunk0.mp3,1EcRrZvc52o,4.0,4.37,3.0,3.0,0.0,0.0
Shree#5,Shree,M d M G r,Shree/train_[1EcRrZvc52o]_chunk0.mp3,1EcRrZvc52o,3.8,4.16,3.0,3.0,0.0,0.0
Shree#5,Shree,M d M G r,Shree/train_[1EcRrZvc52o]_chunk0.mp3,1EcRrZvc52o,2.61,2.97,3.0,3.0,0.0,0.0
Shree#5,Shree,M d M G r,Shree/train_[1EcRrZvc52o]_chunk0.mp3,1EcRrZvc52o,1.88,2.24,3.0,3.0,0.0,0.0
Shree#5,Shree,M d M G r,Shree/train_[1EcRrZvc52o]_chunk0.mp3,1EcRrZvc52o,2.26,2.61,3.0,3.0,0.0,0.0
Shree#5,Shree,M d M G r,Shree/train_[1EcRrZvc52o]_chunk1.mp3,1EcRrZvc52o,6.28,7.86,3.0,3.0,0.0,0.0
Shree#5,Shree,M d M G r,Shree/train_[1EcRrZvc52o]_chunk1.mp3,1EcRrZvc52o,5.72,6.1,3.0,3.0,0.0,0.0
Shree#5,Shree,M d M G r,Shree/train_[1EcRrZvc52o]_chunk1.mp3,1EcRrZvc52o,14.77,15.82,3.0,3.0,0.0,0.0
Shree#5,Shree,M d M G r,Shree/train_[1EcRrZvc52o]_chunk1.mp3,1EcRrZvc52o,4.48,5.67,3.0,3.0,0.0,0.0
Shree#5,Shree,M d M G r,Shree/train_[1EcRrZvc52o]_chunk1.mp3,1EcRrZvc52o,9.17,9.55,3.0,3.0,0.0,0.0
Shree#5,Shree,M d M G r,Shree/train_[1EcRrZvc52o]_chunk4.mp3,1EcRrZvc52o,0.04,0.57,3.0,3.0,0.0,0.0
Shree#5,Shree,M d M G r,Shree/train_[1EcRrZvc52o]_chunk4.mp3,1EcRrZvc52o,9.21,9.67,3.0,3.0,0.0,0.0
Shree#5,Shree,M d M G r,Shree/train_[8xKjNTc8MGI]_chunk0.mp3,8xKjNTc8MGI,9.78,10.13,3.0,3.0,0.0,0.0
Shree#5,Shree,M d M G r,Shree/train_[8xKjNTc8MGI]_chunk1.mp3,8xKjNTc8MGI,16.8,17.16,3.0,3.0,0.0,0.0
Shree#5,Shree,M d M G r,Shree/train_[8xKjNTc8MGI]_chunk1.mp3,8xKjNTc8MGI,3.5,3.91,3.0,3.0,0.0,0.0
Shree#5,Shree,M d M G r,Shree/train_[8xKjNTc8MGI]_chunk1.mp3,8xKjNTc8MGI,3.64,4.16,3.0,3.0,0.0,0.0
Shree#5,Shree,M d M G r,Shree/train_[8xKjNTc8MGI]_chunk1.mp3,8xKjNTc8MGI,8.04,8.52,3.0,3.0,0.0,0.0
Shree#5,Shree,M d M G r,Shree/train_[8xKjNTc8MGI]_chunk1.mp3,8xKjNTc8MGI,9.85,10.2,3.0,3.0,0.0,0.0
Shree#5,Shree,M d M G r,Shree/train_[8xKjNTc8MGI]_chunk2.mp3,8xKjNTc8MGI,4.82,5.19,3.0,3.0,0.0,0.0
Shree#5,Shree,M d M G r,Shree/train_[8xKjNTc8MGI]_chunk2.mp3,8xKjNTc8MGI,7.68,8.07,3.0,3.0,0.0,0.0
Shree#5,Shree,M d M G r,Shree/train_[8xKjNTc8MGI]_chunk3.mp3,8xKjNTc8MGI,11.82,12.43,3.0,3.0,0.0,0.0
Shree#5,Shree,M d M G r,Shree/train_[8xKjNTc8MGI]_chunk4.mp3,8xKjNTc8MGI,3.75,4.25,3.0,3.0,0.0,0.0
Shree#5,Shree,M d M G r,Shree/train_[GM3CVRpZlNI]_chunk0.mp3,GM3CVRpZlNI,13.07,13.42,3.0,3.0,0.0,0.0
Shree#5,Shree,M d M G r,Shree/train_[GM3CVRpZlNI]_chunk0.mp3,GM3CVRpZlNI,13.69,14.04,3.0,3.0,0.0,0.0
Shree#5,Shree,M d M G r,Shree/train_[GM3CVRpZlNI]_chunk1.mp3,GM3CVRpZlNI,1.37,1.72,3.0,3.0,0.0,0.0
Shree#5,Shree,M d M G r,Shree/train_[GM3CVRpZlNI]_chunk1.mp3,GM3CVRpZlNI,0.73,1.08,3.0,3.0,0.0,0.0
Shree#5,Shree,M d M G r,Shree/train_[GM3CVRpZlNI]_chunk2.mp3,GM3CVRpZlNI,0.48,0.84,3.0,3.0,0.0,0.0
Shree#5,Shree,M d M G r,Shree/train_[GM3CVRpZlNI]_chunk2.mp3,GM3CVRpZlNI,6.84,7.2,3.0,3.0,0.0,0.0
Shree#5,Shree,M d M G r,Shree/train_[GM3CVRpZlNI]_chunk2.mp3,GM3CVRpZlNI,0.28,0.64,3.0,3.0,0.0,0.0
Shree#5,Shree,M d M G r,Shree/train_[GM3CVRpZlNI]_chunk3.mp3,GM3CVRpZlNI,15.24,15.66,3.0,3.0,0.0,0.0
Shree#5,Shree,M d M G r,Shree/train_[GM3CVRpZlNI]_chunk3.mp3,GM3CVRpZlNI,14.35,14.7,3.0,3.0,0.0,0.0
Shree#5,Shree,M d M G r,Shree/train_[GM3CVRpZlNI]_chunk3.mp3,GM3CVRpZlNI,7.24,7.59,3.0,3.0,0.0,0.0
Shree#5,Shree,M d M G r,Shree/train_[GM3CVRpZlNI]_chunk3.mp3,GM3CVRpZlNI,14.95,15.32,3.0,3.0,0.0,0.0
Shree#5,Shree,M d M G r,Shree/train_[GM3CVRpZlNI]_chunk4.mp3,GM3CVRpZlNI,10.51,10.86,3.0,3.0,0.0,0.0
Shree#5,Shree,M d M G r,Shree/train_[GM3CVRpZlNI]_chunk4.mp3,GM3CVRpZlNI,10.83,11.18,3.0,3.0,0.0,0.0
Shree#5,Shree,M d M G r,Shree/train_[GM3CVRpZlNI]_chunk4.mp3,GM3CVRpZlNI,18.93,19.29,3.0,3.0,0.0,0.0
Shree#5,Shree,M d M G r,Shree/train_[GM3CVRpZlNI]_chunk4.mp3,GM3CVRpZlNI,2.7,3.06,3.0,3.0,0.0,0.0
Shree#5,Shree,M d M G r,Shree/train_[GM3CVRpZlNI]_chunk4.mp3,GM3CVRpZlNI,14.9,15.25,3.0,3.0,0.0,0.0
Shree#5,Shree,M d M G r,Shree/train_[Nh9dUYUgf8Y]_chunk0.mp3,Nh9dUYUgf8Y,14.42,15.13,3.0,3.0,0.0,0.0
Shree#5,Shree,M d M G r,Shree/train_[Nh9dUYUgf8Y]_chunk0.mp3,Nh9dUYUgf8Y,7.34,7.72,3.0,3.0,0.0,0.0
Shree#5,Shree,M d M G r,Shree/train_[Nh9dUYUgf8Y]_chunk0.mp3,Nh9dUYUgf8Y,14.29,14.65,3.0,3.0,0.0,0.0
Shree#5,Shree,M d M G r,Shree/train_[Nh9dUYUgf8Y]_chunk0.mp3,Nh9dUYUgf8Y,15.13,15.48,3.0,3.0,0.0,0.0
Shree#5,Shree,M d M G r,Shree/train_[Nh9dUYUgf8Y]_chunk0.mp3,Nh9dUYUgf8Y,0.76,1.64,3.0,3.0,0.0,0.0
Shree#5,Shree,M d M G r,Shree/train_[Nh9dUYUgf8Y]_chunk1.mp3,Nh9dUYUgf8Y,4.46,4.82,3.0,3.0,0.0,0.0
Shree#5,Shree,M d M G r,Shree/train_[Nh9dUYUgf8Y]_chunk1.mp3,Nh9dUYUgf8Y,11.88,12.23,3.0,3.0,0.0,0.0
Shree#5,Shree,M d M G r,Shree/train_[Nh9dUYUgf8Y]_chunk1.mp3,Nh9dUYUgf8Y,4.84,5.19,3.0,3.0,0.0,0.0
Shree#5,Shree,M d M G r,Shree/train_[Nh9dUYUgf8Y]_chunk1.mp3,Nh9dUYUgf8Y,12.53,12.89,3.0,3.0,0.0,0.0
Shree#5,Shree,M d M G r,Shree/train_[Nh9dUYUgf8Y]_chunk2.mp3,Nh9dUYUgf8Y,0.66,1.12,3.0,3.0,0.0,0.0
Shree#5,Shree,M d M G r,Shree/train_[Nh9dUYUgf8Y]_chunk2.mp3,Nh9dUYUgf8Y,3.79,4.14,3.0,3.0,0.0,0.0
Shree#5,Shree,M d M G r,Shree/train_[Nh9dUYUgf8Y]_chunk2.mp3,Nh9dUYUgf8Y,3.15,3.52,3.0,3.0,0.0,0.0
Shree#5,Shree,M d M G r,Shree/train_[Ub1m8mVxvT0]_chunk0.mp3,Ub1m8mVxvT0,1.17,1.56,3.0,3.0,0.0,0.0
Shree#5,Shree,M d M G r,Shree/train_[Ub1m8mVxvT0]_chunk0.mp3,Ub1m8mVxvT0,14.12,14.51,3.0,3.0,0.0,0.0
Shree#5,Shree,M d M G r,Shree/train_[Ub1m8mVxvT0]_chunk0.mp3,Ub1m8mVxvT0,12.76,13.14,3.0,3.0,0.0,0.0
Shree#5,Shree,M d M G r,Shree/train_[Ub1m8mVxvT0]_chunk0.mp3,Ub1m8mVxvT0,2.44,2.79,3.0,3.0,0.0,0.0
Shree#5,Shree,M d M G r,Shree/train_[Ub1m8mVxvT0]_chunk0.mp3,Ub1m8mVxvT0,2.24,2.6,3.0,3.0,0.0,0.0
Shree#5,Shree,M d M G r,Shree/train_[Ub1m8mVxvT0]_chunk1.mp3,Ub1m8mVxvT0,6.77,7.13,3.0,3.0,0.0,0.0
Shree#5,Shree,M d M G r,Shree/train_[Ub1m8mVxvT0]_chunk1.mp3,Ub1m8mVxvT0,1.23,1.65,3.0,3.0,0.0,0.0
Shree#5,Shree,M d M G r,Shree/train_[Ub1m8mVxvT0]_chunk1.mp3,Ub1m8mVxvT0,18.79,19.56,3.0,3.0,0.0,0.0
Shree#5,Shree,M d M G r,Shree/train_[Ub1m8mVxvT0]_chunk2.mp3,Ub1m8mVxvT0,14.24,14.63,3.0,3.0,0.0,0.0
Shree#5,Shree,M d M G r,Shree/train_[Ub1m8mVxvT0]_chunk2.mp3,Ub1m8mVxvT0,1.6,2.17,3.0,3.0,0.0,0.0
Shree#5,Shree,M d M G r,Shree/train_[Ub1m8mVxvT0]_chunk2.mp3,Ub1m8mVxvT0,4.05,4.52,3.0,3.0,0.0,0.0
Shree#5,Shree,M d M G r,Shree/train_[Ub1m8mVxvT0]_chunk2.mp3,Ub1m8mVxvT0,2.68,3.15,3.0,3.0,0.0,0.0
Shree#5,Shree,M d M G r,Shree/train_[Ub1m8mVxvT0]_chunk4.mp3,Ub1m8mVxvT0,11.08,11.52,3.0,3.0,0.0,0.0
Shree#5,Shree,M d M G r,Shree/train_[Ub1m8mVxvT0]_chunk4.mp3,Ub1m8mVxvT0,9.48,9.87,3.0,3.0,0.0,0.0
Shree#5,Shree,M d M G r,Shree/train_[Ub1m8mVxvT0]_chunk4.mp3,Ub1m8mVxvT0,8.98,9.4,3.0,3.0,0.0,0.0
Shree#5,Shree,M d M G r,Shree/train_[Ub1m8mVxvT0]_chunk4.mp3,Ub1m8mVxvT0,7.52,7.95,3.0,3.0,0.0,0.0
Shree#5,Shree,M d M G r,Shree/train_[Ub1m8mVxvT0]_chunk4.mp3,Ub1m8mVxvT0,10.63,11.04,3.0,3.0,0.0,0.0
Shree#5,Shree,M d M G r,Shree/train_[YyJuFUz-kro]_chunk0.mp3,YyJuFUz-kro,4.96,6.04,3.0,3.0,0.0,0.0
Shree#5,Shree,M d M G r,Shree/train_[YyJuFUz-kro]_chunk0.mp3,YyJuFUz-kro,4.25,4.6,3.0,3.0,0.0,0.0
Shree#5,Shree,M d M G r,Shree/train_[YyJuFUz-kro]_chunk0.mp3,YyJuFUz-kro,4.5,4.85,3.0,3.0,0.0,0.0
Shree#5,Shree,M d M G r,Shree/train_[YyJuFUz-kro]_chunk0.mp3,YyJuFUz-kro,4.05,4.41,3.0,3.0,0.0,0.0
Shree#5,Shree,M d M G r,Shree/train_[YyJuFUz-kro]_chunk1.mp3,YyJuFUz-kro,18.22,18.58,3.0,3.0,0.0,0.0
Shree#5,Shree,M d M G r,Shree/train_[YyJuFUz-kro]_chunk1.mp3,YyJuFUz-kro,19.09,19.5,3.0,3.0,0.0,0.0
Shree#5,Shree,M d M G r,Shree/train_[YyJuFUz-kro]_chunk1.mp3,YyJuFUz-kro,18.45,18.81,3.0,3.0,0.0,0.0
Shree#5,Shree,M d M G r,Shree/train_[YyJuFUz-kro]_chunk1.mp3,YyJuFUz-kro,18.03,18.38,3.0,3.0,0.0,0.0
Shree#5,Shree,M d M G r,Shree/train_[YyJuFUz-kro]_chunk1.mp3,YyJuFUz-kro,18.9,19.25,3.0,3.0,0.0,0.0
Shree#5,Shree,M d M G r,Shree/train_[YyJuFUz-kro]_chunk2.mp3,YyJuFUz-kro,0.8,1.16,3.0,3.0,0.0,0.0
Shree#5,Shree,M d M G r,Shree/train_[YyJuFUz-kro]_chunk2.mp3,YyJuFUz-kro,6.24,6.63,3.0,3.0,0.0,0.0
Shree#5,Shree,M d M G r,Shree/train_[YyJuFUz-kro]_chunk2.mp3,YyJuFUz-kro,10.04,10.76,3.0,3.0,0.0,0.0
Shree#5,Shree,M d M G r,Shree/train_[YyJuFUz-kro]_chunk3.mp3,YyJuFUz-kro,7.18,7.54,3.0,3.0,0.0,0.0
Shree#5,Shree,M d M G r,Shree/train_[YyJuFUz-kro]_chunk3.mp3,YyJuFUz-kro,17.69,18.04,3.0,3.0,0.0,0.0
Shree#5,Shree,M d M G r,Shree/train_[YyJuFUz-kro]_chunk3.mp3,YyJuFUz-kro,15.96,16.32,3.0,3.0,0.0,0.0
Shree#5,Shree,M d M G r,Shree/train_[cPwiWDJa9OA]_chunk0.mp3,cPwiWDJa9OA,5.65,6.1,3.0,3.0,0.0,0.0
Shree#5,Shree,M d M G r,Shree/train_[cPwiWDJa9OA]_chunk1.mp3,cPwiWDJa9OA,0.92,1.28,3.0,3.0,0.0,0.0
Shree#5,Shree,M d M G r,Shree/train_[cPwiWDJa9OA]_chunk1.mp3,cPwiWDJa9OA,10.2,10.56,3.0,3.0,0.0,0.0
Shree#5,Shree,M d M G r,Shree/train_[cPwiWDJa9OA]_chunk1.mp3,cPwiWDJa9OA,5.07,5.42,3.0,3.0,0.0,0.0
Shree#5,Shree,M d M G r,Shree/train_[cPwiWDJa9OA]_chunk1.mp3,cPwiWDJa9OA,20.69,21.05,3.0,3.0,0.0,0.0
Shree#5,Shree,M d M G r,Shree/train_[cPwiWDJa9OA]_chunk1.mp3,cPwiWDJa9OA,5.28,5.64,3.0,3.0,0.0,0.0
Shree#5,Shree,M d M G r,Shree/train_[cPwiWDJa9OA]_chunk2.mp3,cPwiWDJa9OA,11.66,13.01,3.0,3.0,0.0,0.0
Shree#5,Shree,M d M G r,Shree/train_[cPwiWDJa9OA]_chunk2.mp3,cPwiWDJa9OA,14.17,14.68,3.0,3.0,0.0,0.0
Shree#5,Shree,M d M G r,Shree/train_[cPwiWDJa9OA]_chunk4.mp3,cPwiWDJa9OA,21.17,21.74,3.0,3.0,0.0,0.0
Shree#5,Shree,M d M G r,Shree/train_[cPwiWDJa9OA]_chunk4.mp3,cPwiWDJa9OA,9.99,10.35,3.0,3.0,0.0,0.0
Shree#5,Shree,M d M G r,Shree/train_[cPwiWDJa9OA]_chunk4.mp3,cPwiWDJa9OA,5.8,6.17,3.0,3.0,0.0,0.0
Shree#5,Shree,M d M G r,Shree/train_[cPwiWDJa9OA]_chunk4.mp3,cPwiWDJa9OA,9.48,9.83,3.0,3.0,0.0,0.0
Shree#5,Shree,M d M G r,Shree/train_[pj--WoH0bow]_chunk0.mp3,pj--WoH0bow,0.0,0.36,3.0,3.0,0.0,0.0
Shree#5,Shree,M d M G r,Shree/train_[pj--WoH0bow]_chunk1.mp3,pj--WoH0bow,16.92,17.28,3.0,3.0,0.0,0.0
Shree#5,Shree,M d M G r,Shree/train_[pj--WoH0bow]_chunk1.mp3,pj--WoH0bow,24.66,25.21,3.0,3.0,0.0,0.0
Shree#5,Shree,M d M G r,Shree/train_[pj--WoH0bow]_chunk1.mp3,pj--WoH0bow,26.35,26.76,3.0,3.0,0.0,0.0
Shree#5,Shree,M d M G r,Shree/train_[pj--WoH0bow]_chunk1.mp3,pj--WoH0bow,24.5,24.85,3.0,3.0,0.0,0.0
Shree#5,Shree,M d M G r,Shree/train_[pj--WoH0bow]_chunk1.mp3,pj--WoH0bow,4.14,4.5,3.0,3.0,0.0,0.0
Shree#5,Shree,M d M G r,Shree/train_[pj--WoH0bow]_chunk2.mp3,pj--WoH0bow,19.0,19.41,3.0,3.0,0.0,0.0
Shree#5,Shree,M d M G r,Shree/train_[pj--WoH0bow]_chunk3.mp3,pj--WoH0bow,12.23,12.59,3.0,3.0,0.0,0.0
Shree#5,Shree,M d M G r,Shree/train_[pj--WoH0bow]_chunk3.mp3,pj--WoH0bow,13.92,14.28,3.0,3.0,0.0,0.0
Shree#5,Shree,M d M G r,Shree/train_[pj--WoH0bow]_chunk3.mp3,pj--WoH0bow,17.23,17.58,3.0,3.0,0.0,0.0
Shree#5,Shree,M d M G r,Shree/train_[pj--WoH0bow]_chunk4.mp3,pj--WoH0bow,6.31,6.68,3.0,3.0,0.0,0.0
Shree#5,Shree,M d M G r,Shree/train_[8xKjNTc8MGI]_chunk3.mp3,8xKjNTc8MGI,15.63,16.05,3.013,2.013,0.0,0.0
Shree#5,Shree,M d M G r,Shree/train_[8xKjNTc8MGI]_chunk3.mp3,8xKjNTc8MGI,16.76,17.19,3.042,3.0,0.042,0.0
Shree#5,Shree,M d M G r,Shree/train_[Nh9dUYUgf8Y]_chunk3.mp3,Nh9dUYUgf8Y,6.08,6.95,3.042,3.0,0.0,0.042
Shree#5,Shree,M d M G r,Shree/train_[GM3CVRpZlNI]_chunk2.mp3,GM3CVRpZlNI,7.04,7.43,3.045,3.0,0.045,0.0
Shree#5,Shree,M d M G r,Shree/train_[GM3CVRpZlNI]_chunk0.mp3,GM3CVRpZlNI,11.48,11.91,3.05,3.0,0.0,0.05
Shree#5,Shree,M d M G r,Shree/train_[GM3CVRpZlNI]_chunk0.mp3,GM3CVRpZlNI,11.15,11.5,3.05,3.0,0.0,0.05
Shree#5,Shree,M d M G r,Shree/train_[Nh9dUYUgf8Y]_chunk3.mp3,Nh9dUYUgf8Y,3.61,4.41,3.089,3.0,0.0,0.089
Shree#5,Shree,M d M G r,Shree/train_[8xKjNTc8MGI]_chunk3.mp3,8xKjNTc8MGI,18.06,18.45,3.091,3.0,0.091,0.0
Shree#5,Shree,M d M G r,Shree/train_[SCjQC_Bwwdw]_chunk1.mp3,SCjQC_Bwwdw,9.4,9.8,3.091,3.0,0.091,0.0
Shree#5,Shree,M d M G r,Shree/train_[GM3CVRpZlNI]_chunk2.mp3,GM3CVRpZlNI,8.25,8.62,3.095,3.0,0.048,0.048
Shree#5,Shree,M d M G r,Shree/train_[SCjQC_Bwwdw]_chunk0.mp3,SCjQC_Bwwdw,2.24,3.98,3.122,3.0,0.0,0.122
Shree#5,Shree,M d M G r,Shree/train_[SCjQC_Bwwdw]_chunk1.mp3,SCjQC_Bwwdw,9.87,10.51,3.139,3.0,0.056,0.083
Shree#5,Shree,M d M G r,Shree/train_[8xKjNTc8MGI]_chunk3.mp3,8xKjNTc8MGI,0.32,0.91,3.152,3.0,0.0,0.152
Shree#5,Shree,M d M G r,Shree/train_[8xKjNTc8MGI]_chunk2.mp3,8xKjNTc8MGI,10.36,10.93,3.156,3.0,0.125,0.031
Shree#5,Shree,M d M G r,Shree/train_[SCjQC_Bwwdw]_chunk0.mp3,SCjQC_Bwwdw,7.15,8.5,3.158,3.0,0.0,0.158
Shree#5,Shree,M d M G r,Shree/train_[YyJuFUz-kro]_chunk4.mp3,YyJuFUz-kro,10.04,10.47,3.167,3.0,0.167,0.0
Shree#5,Shree,M d M G r,Shree/train_[SCjQC_Bwwdw]_chunk1.mp3,SCjQC_Bwwdw,6.1,6.68,3.182,3.0,0.0,0.182
Shree#5,Shree,M d M G r,Shree/train_[YyJuFUz-kro]_chunk4.mp3,YyJuFUz-kro,17.99,18.36,3.19,3.0,0.0,0.19
Shree#5,Shree,M d M G r,Shree/train_[SCjQC_Bwwdw]_chunk4.mp3,SCjQC_Bwwdw,4.34,5.05,3.2,3.0,0.025,0.175
Shree#5,Shree,M d M G r,Shree/train_[SCjQC_Bwwdw]_chunk3.mp3,SCjQC_Bwwdw,0.11,0.53,3.217,3.0,0.13,0.087
Shree#5,Shree,M d M G r,Shree/train_[8xKjNTc8MGI]_chunk0.mp3,8xKjNTc8MGI,3.11,3.66,3.241,3.0,0.207,0.034
Shree#5,Shree,M d M G r,Shree/train_[GM3CVRpZlNI]_chunk1.mp3,GM3CVRpZlNI,18.76,19.11,3.25,3.0,0.0,0.25
Shree#5,Shree,M d M G r,Shree/train_[SCjQC_Bwwdw]_chunk2.mp3,SCjQC_Bwwdw,5.76,6.17,3.261,3.0,0.087,0.174
Shree#5,Shree,M d M G r,Shree/train_[8xKjNTc8MGI]_chunk0.mp3,8xKjNTc8MGI,18.22,18.79,3.281,3.0,0.156,0.125
Shree#5,Shree,M d M G r,Shree/train_[SCjQC_Bwwdw]_chunk4.mp3,SCjQC_Bwwdw,4.89,5.39,3.296,3.0,0.0,0.296
Shree#5,Shree,M d M G r,Shree/train_[8xKjNTc8MGI]_chunk0.mp3,8xKjNTc8MGI,0.0,0.36,3.3,3.0,0.0,0.3
Shree#5,Shree,M d M G r,Shree/train_[8xKjNTc8MGI]_chunk2.mp3,8xKjNTc8MGI,8.21,8.57,3.3,3.0,0.0,0.3
Shree#5,Shree,M d M G r,Shree/train_[GM3CVRpZlNI]_chunk1.mp3,GM3CVRpZlNI,7.48,7.84,3.3,3.0,0.0,0.3
Shree#5,Shree,M d M G r,Shree/train_[SCjQC_Bwwdw]_chunk0.mp3,SCjQC_Bwwdw,22.01,22.4,3.318,3.0,0.0,0.318
Shree#5,Shree,M d M G r,Shree/train_[SCjQC_Bwwdw]_chunk1.mp3,SCjQC_Bwwdw,23.29,23.64,3.35,3.0,0.0,0.35
Shree#5,Shree,M d M G r,Shree/train_[SCjQC_Bwwdw]_chunk2.mp3,SCjQC_Bwwdw,2.15,2.51,3.35,3.0,0.0,0.35
Shree#5,Shree,M d M G r,Shree/train_[SCjQC_Bwwdw]_chunk3.mp3,SCjQC_Bwwdw,15.16,15.68,3.414,3.0,0.138,0.276
Shree#5,Shree,M d M G r,Shree/train_[SCjQC_Bwwdw]_chunk3.mp3,SCjQC_Bwwdw,4.68,5.26,3.424,3.0,0.303,0.121
Shree#5,Shree,M d M G r,Shree/train_[SCjQC_Bwwdw]_chunk3.mp3,SCjQC_Bwwdw,21.94,22.31,3.429,3.0,0.0,0.429
Shree#5,Shree,M d M G r,Shree/train_[SCjQC_Bwwdw]_chunk4.mp3,SCjQC_Bwwdw,18.92,19.36,3.429,3.0,0.048,0.381
Shree#5,Shree,M d M G r,Shree/train_[SCjQC_Bwwdw]_chunk4.mp3,SCjQC_Bwwdw,5.55,6.03,3.444,3.0,0.0,0.444
Shree#5,Shree,M d M G r,Shree/train_[SCjQC_Bwwdw]_chunk1.mp3,SCjQC_Bwwdw,2.99,3.34,3.45,3.0,0.0,0.45
Shree#5,Shree,M d M G r,Shree/train_[SCjQC_Bwwdw]_chunk4.mp3,SCjQC_Bwwdw,13.8,14.15,3.45,3.0,0.0,0.45
Shree#5,Shree,M d M G r,Shree/train_[SCjQC_Bwwdw]_chunk3.mp3,SCjQC_Bwwdw,5.16,5.67,3.483,3.0,0.069,0.414
Shree#5,Shree,M d M G r,Shree/train_[SCjQC_Bwwdw]_chunk2.mp3,SCjQC_Bwwdw,7.96,8.37,3.609,3.0,0.0,0.609
Shree#5,Shree,M d M G r,Shree/train_[SCjQC_Bwwdw]_chunk2.mp3,SCjQC_Bwwdw,19.84,20.43,3.667,3.0,0.242,0.424
Shree#5,Shree,M d M G r,Shree/train_[SCjQC_Bwwdw]_chunk2.mp3,SCjQC_Bwwdw,18.56,19.2,3.667,3.0,0.389,0.278
